time_sec,trial_id,mission_state,event_name,event_detail,current_waypoint,target_id,success_flag
1.5,1,IDLE mode=AUTO nav_goal=NONE,MISSION_STATE,IDLE mode=AUTO nav_goal=NONE,,,False
1.6,1,PATROL_NAVIGATING mode=AUTO nav_goal=PATROL,MISSION_STATE,PATROL_NAVIGATING mode=AUTO nav_goal=PATROL,,,False
1.8,1,PATROL_NAVIGATING mode=AUTO nav_goal=PATROL,MISSION_STATE,PATROL_NAVIGATING mode=AUTO nav_goal=PATROL,,,False
2.0,1,PATROL_NAVIGATING mode=AUTO nav_goal=PATROL,MISSION_STATE,PATROL_NAVIGATING mode=AUTO nav_goal=PATROL,,,False
2.2,1,PATROL_NAVIGATING mode=AUTO nav_goal=PATROL,MISSION_STATE,PATROL_NAVIGATING mode=AUTO nav_goal=PATROL,,,False
2.4000000000000004,1,PATROL_NAVIGATING mode=AUTO nav_goal=PATROL,MISSION_STATE,PATROL_NAVIGATING mode=AUTO nav_goal=PATROL,,,False
2.6,1,PATROL_NAVIGATING mode=AUTO nav_goal=PATROL,MISSION_STATE,PATROL_NAVIGATING mode=AUTO nav_goal=PATROL,,,False
2.8000000000000003,1,PATROL_NAVIGATING mode=AUTO nav_goal=PATROL,MISSION_STATE,PATROL_NAVIGATING mode=AUTO nav_goal=PATROL,,,False
3.0,1,PATROL_NAVIGATING mode=AUTO nav_goal=PATROL,MISSION_STATE,PATROL_NAVIGATING mode=AUTO nav_goal=PATROL,,,False
3.2,1,PATROL_NAVIGATING mode=AUTO nav_goal=PATROL,MISSION_STATE,PATROL_NAVIGATING mode=AUTO nav_goal=PATROL,,,False
3.4000000000000004,1,PATROL_NAVIGATING mode=AUTO nav_goal=PATROL,MISSION_STATE,PATROL_NAVIGATING mode=AUTO nav_goal=PATROL,,,False
3.6,1,PATROL_NAVIGATING mode=AUTO nav_goal=PATROL,MISSION_STATE,PATROL_NAVIGATING mode=AUTO nav_goal=PATROL,,,False
3.8000000000000003,1,PATROL_NAVIGATING mode=AUTO nav_goal=PATROL,MISSION_STATE,PATROL_NAVIGATING mode=AUTO nav_goal=PATROL,,,False
4.0,1,PATROL_NAVIGATING mode=AUTO nav_goal=PATROL,MISSION_STATE,PATROL_NAVIGATING mode=AUTO nav_goal=PATROL,,,False
4.2,1,PATROL_NAVIGATING mode=AUTO nav_goal=PATROL,MISSION_STATE,PATROL_NAVIGATING mode=AUTO nav_goal=PATROL,,,False
4.4,1,PATROL_NAVIGATING mode=AUTO nav_goal=PATROL,MISSION_STATE,PATROL_NAVIGATING mode=AUTO nav_goal=PATROL,,,False
4.6000000000000005,1,PATROL_NAVIGATING mode=AUTO nav_goal=PATROL,MISSION_STATE,PATROL_NAVIGATING mode=AUTO nav_goal=PATROL,,,False
4.800000000000001,1,PATROL_NAVIGATING mode=AUTO nav_goal=PATROL,MISSION_STATE,PATROL_NAVIGATING mode=AUTO nav_goal=PATROL,,,False
5.0,1,PATROL_NAVIGATING mode=AUTO nav_goal=PATROL,MISSION_STATE,PATROL_NAVIGATING mode=AUTO nav_goal=PATROL,,,False
5.2,1,PATROL_NAVIGATING mode=AUTO nav_goal=PATROL,MISSION_STATE,PATROL_NAVIGATING mode=AUTO nav_goal=PATROL,,,False
5.4,1,APPROACH_TARGET_OFFSET mode=AUTO nav_goal=TARGET_INSPECTION,MISSION_STATE,APPROACH_TARGET_OFFSET mode=AUTO nav_goal=TARGET_INSPECTION,,,False
5.6000000000000005,1,APPROACH_TARGET_OFFSET mode=AUTO nav_goal=TARGET_INSPECTION,MISSION_STATE,APPROACH_TARGET_OFFSET mode=AUTO nav_goal=TARGET_INSPECTION,,,False
5.800000000000001,1,APPROACH_TARGET_OFFSET mode=AUTO nav_goal=TARGET_INSPECTION,MISSION_STATE,APPROACH_TARGET_OFFSET mode=AUTO nav_goal=TARGET_INSPECTION,,,False
6.0,1,APPROACH_TARGET_OFFSET mode=AUTO nav_goal=TARGET_INSPECTION,MISSION_STATE,APPROACH_TARGET_OFFSET mode=AUTO nav_goal=TARGET_INSPECTION,,,False
6.2,1,APPROACH_TARGET_OFFSET mode=AUTO nav_goal=TARGET_INSPECTION,MISSION_STATE,APPROACH_TARGET_OFFSET mode=AUTO nav_goal=TARGET_INSPECTION,,,False
6.4,1,APPROACH_TARGET_OFFSET mode=AUTO nav_goal=TARGET_INSPECTION,MISSION_STATE,APPROACH_TARGET_OFFSET mode=AUTO nav_goal=TARGET_INSPECTION,,,False
6.6000000000000005,1,APPROACH_TARGET_OFFSET mode=AUTO nav_goal=TARGET_INSPECTION,MISSION_STATE,APPROACH_TARGET_OFFSET mode=AUTO nav_goal=TARGET_INSPECTION,,,False
6.800000000000001,1,APPROACH_TARGET_OFFSET mode=AUTO nav_goal=TARGET_INSPECTION,MISSION_STATE,APPROACH_TARGET_OFFSET mode=AUTO nav_goal=TARGET_INSPECTION,,,False
7.0,1,APPROACH_TARGET_OFFSET mode=AUTO nav_goal=TARGET_INSPECTION,MISSION_STATE,APPROACH_TARGET_OFFSET mode=AUTO nav_goal=TARGET_INSPECTION,,,False
7.2,1,APPROACH_TARGET_OFFSET mode=AUTO nav_goal=TARGET_INSPECTION,MISSION_STATE,APPROACH_TARGET_OFFSET mode=AUTO nav_goal=TARGET_INSPECTION,,,False
7.4,1,APPROACH_TARGET_OFFSET mode=AUTO nav_goal=TARGET_INSPECTION,MISSION_STATE,APPROACH_TARGET_OFFSET mode=AUTO nav_goal=TARGET_INSPECTION,,,False
7.6000000000000005,1,APPROACH_TARGET_OFFSET mode=AUTO nav_goal=TARGET_INSPECTION,MISSION_STATE,APPROACH_TARGET_OFFSET mode=AUTO nav_goal=TARGET_INSPECTION,,,False
7.800000000000001,1,APPROACH_TARGET_OFFSET mode=AUTO nav_goal=TARGET_INSPECTION,MISSION_STATE,APPROACH_TARGET_OFFSET mode=AUTO nav_goal=TARGET_INSPECTION,,,False
8.0,1,APPROACH_TARGET_OFFSET mode=AUTO nav_goal=TARGET_INSPECTION,MISSION_STATE,APPROACH_TARGET_OFFSET mode=AUTO nav_goal=TARGET_INSPECTION,,,False
8.200000000000001,1,APPROACH_TARGET_OFFSET mode=AUTO nav_goal=TARGET_INSPECTION,MISSION_STATE,APPROACH_TARGET_OFFSET mode=AUTO nav_goal=TARGET_INSPECTION,,,False
8.4,1,APPROACH_TARGET_OFFSET mode=AUTO nav_goal=TARGET_INSPECTION,MISSION_STATE,APPROACH_TARGET_OFFSET mode=AUTO nav_goal=TARGET_INSPECTION,,,False
8.600000000000001,1,APPROACH_TARGET_OFFSET mode=AUTO nav_goal=TARGET_INSPECTION,MISSION_STATE,APPROACH_TARGET_OFFSET mode=AUTO nav_goal=TARGET_INSPECTION,,,False
8.8,1,APPROACH_TARGET_OFFSET mode=AUTO nav_goal=TARGET_INSPECTION,MISSION_STATE,APPROACH_TARGET_OFFSET mode=AUTO nav_goal=TARGET_INSPECTION,,,False
9.0,1,APPROACH_TARGET_OFFSET mode=AUTO nav_goal=TARGET_INSPECTION,MISSION_STATE,APPROACH_TARGET_OFFSET mode=AUTO nav_goal=TARGET_INSPECTION,,,False
9.200000000000001,1,APPROACH_TARGET_OFFSET mode=AUTO nav_goal=TARGET_INSPECTION,MISSION_STATE,APPROACH_TARGET_OFFSET mode=AUTO nav_goal=TARGET_INSPECTION,,,False
9.4,1,APPROACH_TARGET_OFFSET mode=AUTO nav_goal=TARGET_INSPECTION,MISSION_STATE,APPROACH_TARGET_OFFSET mode=AUTO nav_goal=TARGET_INSPECTION,,,False
9.600000000000001,1,APPROACH_TARGET_OFFSET mode=AUTO nav_goal=TARGET_INSPECTION,MISSION_STATE,APPROACH_TARGET_OFFSET mode=AUTO nav_goal=TARGET_INSPECTION,,,False
9.8,1,APPROACH_TARGET_OFFSET mode=AUTO nav_goal=TARGET_INSPECTION,MISSION_STATE,APPROACH_TARGET_OFFSET mode=AUTO nav_goal=TARGET_INSPECTION,,,False
10.0,1,APPROACH_TARGET_OFFSET mode=AUTO nav_goal=TARGET_INSPECTION,MISSION_STATE,APPROACH_TARGET_OFFSET mode=AUTO nav_goal=TARGET_INSPECTION,,,False
10.200000000000001,1,APPROACH_TARGET_OFFSET mode=AUTO nav_goal=TARGET_INSPECTION,MISSION_STATE,APPROACH_TARGET_OFFSET mode=AUTO nav_goal=TARGET_INSPECTION,,,False
10.4,1,APPROACH_TARGET_OFFSET mode=AUTO nav_goal=TARGET_INSPECTION,MISSION_STATE,APPROACH_TARGET_OFFSET mode=AUTO nav_goal=TARGET_INSPECTION,,,False
10.600000000000001,1,APPROACH_TARGET_OFFSET mode=AUTO nav_goal=TARGET_INSPECTION,MISSION_STATE,APPROACH_TARGET_OFFSET mode=AUTO nav_goal=TARGET_INSPECTION,,,False
10.8,1,APPROACH_TARGET_OFFSET mode=AUTO nav_goal=TARGET_INSPECTION,MISSION_STATE,APPROACH_TARGET_OFFSET mode=AUTO nav_goal=TARGET_INSPECTION,,,False
11.0,1,APPROACH_TARGET_OFFSET mode=AUTO nav_goal=TARGET_INSPECTION,MISSION_STATE,APPROACH_TARGET_OFFSET mode=AUTO nav_goal=TARGET_INSPECTION,,,False
11.200000000000001,1,APPROACH_TARGET_OFFSET mode=AUTO nav_goal=TARGET_INSPECTION,MISSION_STATE,APPROACH_TARGET_OFFSET mode=AUTO nav_goal=TARGET_INSPECTION,,,False
11.4,1,APPROACH_TARGET_OFFSET mode=AUTO nav_goal=TARGET_INSPECTION,MISSION_STATE,APPROACH_TARGET_OFFSET mode=AUTO nav_goal=TARGET_INSPECTION,,,False
11.600000000000001,1,APPROACH_TARGET_OFFSET mode=AUTO nav_goal=TARGET_INSPECTION,MISSION_STATE,APPROACH_TARGET_OFFSET mode=AUTO nav_goal=TARGET_INSPECTION,,,False
11.8,1,APPROACH_TARGET_OFFSET mode=AUTO nav_goal=TARGET_INSPECTION,MISSION_STATE,APPROACH_TARGET_OFFSET mode=AUTO nav_goal=TARGET_INSPECTION,,,False
12.0,1,APPROACH_TARGET_OFFSET mode=AUTO nav_goal=TARGET_INSPECTION,MISSION_STATE,APPROACH_TARGET_OFFSET mode=AUTO nav_goal=TARGET_INSPECTION,,,False
12.200000000000001,1,APPROACH_TARGET_OFFSET mode=AUTO nav_goal=TARGET_INSPECTION,MISSION_STATE,APPROACH_TARGET_OFFSET mode=AUTO nav_goal=TARGET_INSPECTION,,,False
12.4,1,APPROACH_TARGET_OFFSET mode=AUTO nav_goal=TARGET_INSPECTION,MISSION_STATE,APPROACH_TARGET_OFFSET mode=AUTO nav_goal=TARGET_INSPECTION,,,False
12.600000000000001,1,APPROACH_TARGET_OFFSET mode=AUTO nav_goal=TARGET_INSPECTION,MISSION_STATE,APPROACH_TARGET_OFFSET mode=AUTO nav_goal=TARGET_INSPECTION,,,False
12.8,1,APPROACH_TARGET_OFFSET mode=AUTO nav_goal=TARGET_INSPECTION,MISSION_STATE,APPROACH_TARGET_OFFSET mode=AUTO nav_goal=TARGET_INSPECTION,,,False
13.0,1,APPROACH_TARGET_OFFSET mode=AUTO nav_goal=TARGET_INSPECTION,MISSION_STATE,APPROACH_TARGET_OFFSET mode=AUTO nav_goal=TARGET_INSPECTION,,,False
13.200000000000001,1,APPROACH_TARGET_OFFSET mode=AUTO nav_goal=TARGET_INSPECTION,MISSION_STATE,APPROACH_TARGET_OFFSET mode=AUTO nav_goal=TARGET_INSPECTION,,,False
13.4,1,APPROACH_TARGET_OFFSET mode=AUTO nav_goal=TARGET_INSPECTION,MISSION_STATE,APPROACH_TARGET_OFFSET mode=AUTO nav_goal=TARGET_INSPECTION,,,False
13.600000000000001,1,APPROACH_TARGET_OFFSET mode=AUTO nav_goal=TARGET_INSPECTION,MISSION_STATE,APPROACH_TARGET_OFFSET mode=AUTO nav_goal=TARGET_INSPECTION,,,False
13.8,1,APPROACH_TARGET_OFFSET mode=AUTO nav_goal=TARGET_INSPECTION,MISSION_STATE,APPROACH_TARGET_OFFSET mode=AUTO nav_goal=TARGET_INSPECTION,,,False
14.0,1,APPROACH_TARGET_OFFSET mode=AUTO nav_goal=TARGET_INSPECTION,MISSION_STATE,APPROACH_TARGET_OFFSET mode=AUTO nav_goal=TARGET_INSPECTION,,,False
14.200000000000001,1,APPROACH_TARGET_OFFSET mode=AUTO nav_goal=TARGET_INSPECTION,MISSION_STATE,APPROACH_TARGET_OFFSET mode=AUTO nav_goal=TARGET_INSPECTION,,,False
14.4,1,APPROACH_TARGET_OFFSET mode=AUTO nav_goal=TARGET_INSPECTION,MISSION_STATE,APPROACH_TARGET_OFFSET mode=AUTO nav_goal=TARGET_INSPECTION,,,False
14.600000000000001,1,TARGET_REACHED mode=AUTO nav_goal=NONE,MISSION_STATE,TARGET_REACHED mode=AUTO nav_goal=NONE,,,False
14.8,1,CAMERA_ALIGN_TO_TARGET mode=AUTO nav_goal=NONE,MISSION_STATE,CAMERA_ALIGN_TO_TARGET mode=AUTO nav_goal=NONE,,,False
15.000000000000002,1,CAMERA_ALIGN_TO_TARGET mode=AUTO nav_goal=NONE,MISSION_STATE,CAMERA_ALIGN_TO_TARGET mode=AUTO nav_goal=NONE,,,False
15.200000000000001,1,CAMERA_ALIGN_TO_TARGET mode=AUTO nav_goal=NONE,MISSION_STATE,CAMERA_ALIGN_TO_TARGET mode=AUTO nav_goal=NONE,,,False
15.4,1,CAMERA_ALIGN_TO_TARGET mode=AUTO nav_goal=NONE,MISSION_STATE,CAMERA_ALIGN_TO_TARGET mode=AUTO nav_goal=NONE,,,False
15.600000000000001,1,CAMERA_ALIGN_TO_TARGET mode=AUTO nav_goal=NONE,MISSION_STATE,CAMERA_ALIGN_TO_TARGET mode=AUTO nav_goal=NONE,,,False
15.8,1,CAMERA_ALIGN_TO_TARGET mode=AUTO nav_goal=NONE,MISSION_STATE,CAMERA_ALIGN_TO_TARGET mode=AUTO nav_goal=NONE,,,False
16.0,1,CAMERA_ALIGN_TO_TARGET mode=AUTO nav_goal=NONE,MISSION_STATE,CAMERA_ALIGN_TO_TARGET mode=AUTO nav_goal=NONE,,,False
16.2,1,CAMERA_ALIGN_TO_TARGET mode=AUTO nav_goal=NONE,MISSION_STATE,CAMERA_ALIGN_TO_TARGET mode=AUTO nav_goal=NONE,,,False
16.400000000000002,1,CAMERA_ALIGN_TO_TARGET mode=AUTO nav_goal=NONE,MISSION_STATE,CAMERA_ALIGN_TO_TARGET mode=AUTO nav_goal=NONE,,,False
16.6,1,CAMERA_ALIGN_TO_TARGET mode=AUTO nav_goal=NONE,MISSION_STATE,CAMERA_ALIGN_TO_TARGET mode=AUTO nav_goal=NONE,,,False
16.8,1,CAMERA_ALIGN_TO_TARGET mode=AUTO nav_goal=NONE,MISSION_STATE,CAMERA_ALIGN_TO_TARGET mode=AUTO nav_goal=NONE,,,False
17.0,1,CAMERA_ALIGN_TO_TARGET mode=AUTO nav_goal=NONE,MISSION_STATE,CAMERA_ALIGN_TO_TARGET mode=AUTO nav_goal=NONE,,,False
17.200000000000003,1,CAMERA_ALIGN_TO_TARGET mode=AUTO nav_goal=NONE,MISSION_STATE,CAMERA_ALIGN_TO_TARGET mode=AUTO nav_goal=NONE,,,False
17.400000000000002,1,CAMERA_ALIGN_TO_TARGET mode=AUTO nav_goal=NONE,MISSION_STATE,CAMERA_ALIGN_TO_TARGET mode=AUTO nav_goal=NONE,,,False
17.6,1,CAMERA_ALIGN_TO_TARGET mode=AUTO nav_goal=NONE,MISSION_STATE,CAMERA_ALIGN_TO_TARGET mode=AUTO nav_goal=NONE,,,False
17.8,1,CAMERA_ALIGN_TO_TARGET mode=AUTO nav_goal=NONE,MISSION_STATE,CAMERA_ALIGN_TO_TARGET mode=AUTO nav_goal=NONE,,,False
18.0,1,CAMERA_ALIGN_TO_TARGET mode=AUTO nav_goal=NONE,MISSION_STATE,CAMERA_ALIGN_TO_TARGET mode=AUTO nav_goal=NONE,,,False
18.200000000000003,1,CAMERA_ALIGN_TO_TARGET mode=AUTO nav_goal=NONE,MISSION_STATE,CAMERA_ALIGN_TO_TARGET mode=AUTO nav_goal=NONE,,,False
18.400000000000002,1,CAMERA_ALIGN_TO_TARGET mode=AUTO nav_goal=NONE,MISSION_STATE,CAMERA_ALIGN_TO_TARGET mode=AUTO nav_goal=NONE,,,False
18.6,1,CAMERA_ALIGN_TO_TARGET mode=AUTO nav_goal=NONE,MISSION_STATE,CAMERA_ALIGN_TO_TARGET mode=AUTO nav_goal=NONE,,,False
18.8,1,CAMERA_ALIGN_TO_TARGET mode=AUTO nav_goal=NONE,MISSION_STATE,CAMERA_ALIGN_TO_TARGET mode=AUTO nav_goal=NONE,,,False
19.0,1,CAMERA_ALIGN_TO_TARGET mode=AUTO nav_goal=NONE,MISSION_STATE,CAMERA_ALIGN_TO_TARGET mode=AUTO nav_goal=NONE,,,False
19.200000000000003,1,CAMERA_ALIGN_TO_TARGET mode=AUTO nav_goal=NONE,MISSION_STATE,CAMERA_ALIGN_TO_TARGET mode=AUTO nav_goal=NONE,,,False
19.400000000000002,1,CAMERA_ALIGN_TO_TARGET mode=AUTO nav_goal=NONE,MISSION_STATE,CAMERA_ALIGN_TO_TARGET mode=AUTO nav_goal=NONE,,,False
19.6,1,CAMERA_ALIGN_TO_TARGET mode=AUTO nav_goal=NONE,MISSION_STATE,CAMERA_ALIGN_TO_TARGET mode=AUTO nav_goal=NONE,,,False
19.8,1,CAMERA_ALIGN_TO_TARGET mode=AUTO nav_goal=NONE,MISSION_STATE,CAMERA_ALIGN_TO_TARGET mode=AUTO nav_goal=NONE,,,False
20.0,1,CAMERA_ALIGN_FAILED mode=AUTO nav_goal=NONE,MISSION_STATE,CAMERA_ALIGN_FAILED mode=AUTO nav_goal=NONE,,,False
20.200000000000003,1,RETURN_TO_INTERRUPTED_WAYPOINT mode=AUTO nav_goal=RETURN_TO_INTERRUPTED_WAYPOINT,MISSION_STATE,RETURN_TO_INTERRUPTED_WAYPOINT mode=AUTO nav_goal=RETURN_TO_INTERRUPTED_WAYPOINT,,,False
20.400000000000002,1,RETURN_TO_INTERRUPTED_WAYPOINT mode=AUTO nav_goal=RETURN_TO_INTERRUPTED_WAYPOINT,MISSION_STATE,RETURN_TO_INTERRUPTED_WAYPOINT mode=AUTO nav_goal=RETURN_TO_INTERRUPTED_WAYPOINT,,,False
20.6,1,RETURN_TO_INTERRUPTED_WAYPOINT mode=AUTO nav_goal=RETURN_TO_INTERRUPTED_WAYPOINT,MISSION_STATE,RETURN_TO_INTERRUPTED_WAYPOINT mode=AUTO nav_goal=RETURN_TO_INTERRUPTED_WAYPOINT,,,False
20.8,1,RETURN_TO_INTERRUPTED_WAYPOINT mode=AUTO nav_goal=RETURN_TO_INTERRUPTED_WAYPOINT,MISSION_STATE,RETURN_TO_INTERRUPTED_WAYPOINT mode=AUTO nav_goal=RETURN_TO_INTERRUPTED_WAYPOINT,,,False
21.0,1,RETURN_TO_INTERRUPTED_WAYPOINT mode=AUTO nav_goal=RETURN_TO_INTERRUPTED_WAYPOINT,MISSION_STATE,RETURN_TO_INTERRUPTED_WAYPOINT mode=AUTO nav_goal=RETURN_TO_INTERRUPTED_WAYPOINT,,,False
21.200000000000003,1,RETURN_TO_INTERRUPTED_WAYPOINT mode=AUTO nav_goal=RETURN_TO_INTERRUPTED_WAYPOINT,MISSION_STATE,RETURN_TO_INTERRUPTED_WAYPOINT mode=AUTO nav_goal=RETURN_TO_INTERRUPTED_WAYPOINT,,,False
21.400000000000002,1,RETURN_TO_INTERRUPTED_WAYPOINT mode=AUTO nav_goal=RETURN_TO_INTERRUPTED_WAYPOINT,MISSION_STATE,RETURN_TO_INTERRUPTED_WAYPOINT mode=AUTO nav_goal=RETURN_TO_INTERRUPTED_WAYPOINT,,,False
21.6,1,RETURN_TO_INTERRUPTED_WAYPOINT mode=AUTO nav_goal=RETURN_TO_INTERRUPTED_WAYPOINT,MISSION_STATE,RETURN_TO_INTERRUPTED_WAYPOINT mode=AUTO nav_goal=RETURN_TO_INTERRUPTED_WAYPOINT,,,False
21.8,1,RETURN_TO_INTERRUPTED_WAYPOINT mode=AUTO nav_goal=RETURN_TO_INTERRUPTED_WAYPOINT,MISSION_STATE,RETURN_TO_INTERRUPTED_WAYPOINT mode=AUTO nav_goal=RETURN_TO_INTERRUPTED_WAYPOINT,,,False
22.0,1,RETURN_TO_INTERRUPTED_WAYPOINT mode=AUTO nav_goal=RETURN_TO_INTERRUPTED_WAYPOINT,MISSION_STATE,RETURN_TO_INTERRUPTED_WAYPOINT mode=AUTO nav_goal=RETURN_TO_INTERRUPTED_WAYPOINT,,,False
22.200000000000003,1,RETURN_TO_INTERRUPTED_WAYPOINT mode=AUTO nav_goal=RETURN_TO_INTERRUPTED_WAYPOINT,MISSION_STATE,RETURN_TO_INTERRUPTED_WAYPOINT mode=AUTO nav_goal=RETURN_TO_INTERRUPTED_WAYPOINT,,,False
22.400000000000002,1,RETURN_TO_INTERRUPTED_WAYPOINT mode=AUTO nav_goal=RETURN_TO_INTERRUPTED_WAYPOINT,MISSION_STATE,RETURN_TO_INTERRUPTED_WAYPOINT mode=AUTO nav_goal=RETURN_TO_INTERRUPTED_WAYPOINT,,,False
22.6,1,RETURN_TO_INTERRUPTED_WAYPOINT mode=AUTO nav_goal=RETURN_TO_INTERRUPTED_WAYPOINT,MISSION_STATE,RETURN_TO_INTERRUPTED_WAYPOINT mode=AUTO nav_goal=RETURN_TO_INTERRUPTED_WAYPOINT,,,False
22.8,1,RETURN_TO_INTERRUPTED_WAYPOINT mode=AUTO nav_goal=RETURN_TO_INTERRUPTED_WAYPOINT,MISSION_STATE,RETURN_TO_INTERRUPTED_WAYPOINT mode=AUTO nav_goal=RETURN_TO_INTERRUPTED_WAYPOINT,,,False
23.0,1,RETURN_TO_INTERRUPTED_WAYPOINT mode=AUTO nav_goal=RETURN_TO_INTERRUPTED_WAYPOINT,MISSION_STATE,RETURN_TO_INTERRUPTED_WAYPOINT mode=AUTO nav_goal=RETURN_TO_INTERRUPTED_WAYPOINT,,,False
23.200000000000003,1,RETURN_TO_INTERRUPTED_WAYPOINT mode=AUTO nav_goal=RETURN_TO_INTERRUPTED_WAYPOINT,MISSION_STATE,RETURN_TO_INTERRUPTED_WAYPOINT mode=AUTO nav_goal=RETURN_TO_INTERRUPTED_WAYPOINT,,,False
23.400000000000002,1,RETURN_TO_INTERRUPTED_WAYPOINT mode=AUTO nav_goal=RETURN_TO_INTERRUPTED_WAYPOINT,MISSION_STATE,RETURN_TO_INTERRUPTED_WAYPOINT mode=AUTO nav_goal=RETURN_TO_INTERRUPTED_WAYPOINT,,,False
23.6,1,RETURN_TO_INTERRUPTED_WAYPOINT mode=AUTO nav_goal=RETURN_TO_INTERRUPTED_WAYPOINT,MISSION_STATE,RETURN_TO_INTERRUPTED_WAYPOINT mode=AUTO nav_goal=RETURN_TO_INTERRUPTED_WAYPOINT,,,False
23.8,1,RETURN_TO_INTERRUPTED_WAYPOINT mode=AUTO nav_goal=RETURN_TO_INTERRUPTED_WAYPOINT,MISSION_STATE,RETURN_TO_INTERRUPTED_WAYPOINT mode=AUTO nav_goal=RETURN_TO_INTERRUPTED_WAYPOINT,,,False
24.0,1,RETURN_TO_INTERRUPTED_WAYPOINT mode=AUTO nav_goal=RETURN_TO_INTERRUPTED_WAYPOINT,MISSION_STATE,RETURN_TO_INTERRUPTED_WAYPOINT mode=AUTO nav_goal=RETURN_TO_INTERRUPTED_WAYPOINT,,,False
24.200000000000003,1,RETURN_TO_INTERRUPTED_WAYPOINT mode=AUTO nav_goal=RETURN_TO_INTERRUPTED_WAYPOINT,MISSION_STATE,RETURN_TO_INTERRUPTED_WAYPOINT mode=AUTO nav_goal=RETURN_TO_INTERRUPTED_WAYPOINT,,,False
24.400000000000002,1,RETURN_TO_INTERRUPTED_WAYPOINT mode=AUTO nav_goal=RETURN_TO_INTERRUPTED_WAYPOINT,MISSION_STATE,RETURN_TO_INTERRUPTED_WAYPOINT mode=AUTO nav_goal=RETURN_TO_INTERRUPTED_WAYPOINT,,,False
24.6,1,RETURN_TO_INTERRUPTED_WAYPOINT mode=AUTO nav_goal=RETURN_TO_INTERRUPTED_WAYPOINT,MISSION_STATE,RETURN_TO_INTERRUPTED_WAYPOINT mode=AUTO nav_goal=RETURN_TO_INTERRUPTED_WAYPOINT,,,False
24.8,1,RETURN_TO_INTERRUPTED_WAYPOINT mode=AUTO nav_goal=RETURN_TO_INTERRUPTED_WAYPOINT,MISSION_STATE,RETURN_TO_INTERRUPTED_WAYPOINT mode=AUTO nav_goal=RETURN_TO_INTERRUPTED_WAYPOINT,,,False
25.0,1,RESUME_PATROL mode=AUTO nav_goal=NONE,MISSION_STATE,RESUME_PATROL mode=AUTO nav_goal=NONE,,,True
25.200000000000003,1,PATROL_DWELL mode=AUTO nav_goal=NONE,MISSION_STATE,PATROL_DWELL mode=AUTO nav_goal=NONE,,,True
25.400000000000002,1,PATROL_DWELL mode=AUTO nav_goal=NONE,MISSION_STATE,PATROL_DWELL mode=AUTO nav_goal=NONE,,,True
25.6,1,PATROL_DWELL mode=AUTO nav_goal=NONE,MISSION_STATE,PATROL_DWELL mode=AUTO nav_goal=NONE,,,True
25.8,1,RESUME_PATROL mode=AUTO nav_goal=NONE,MISSION_STATE,RESUME_PATROL mode=AUTO nav_goal=NONE,,,True
26.0,1,PATROL_NAVIGATING mode=AUTO nav_goal=PATROL,MISSION_STATE,PATROL_NAVIGATING mode=AUTO nav_goal=PATROL,,,True
