time_sec,trial_id,track_id,source_frame,target_frame,x_raw,y_raw,z_raw,x_map,y_map,z_map,object_height_m,z_valid,height_reference_frame,height_filter_pass,raw_displacement_m,compensated_motion_m,compensated_velocity_mps,dynamic_filter_pass,tracking_duration_sec,robot_yaw_rate_radps,ego_motion_compensated,classification,elevated_dynamic_target_valid
1.5,1,0,,map,,,,nan,nan,nan,nan,False,map,False,0.0,0.0,0.0,False,0.0,0.0,True,unknown,False
1.5,1,0,,map,,,,nan,nan,nan,nan,False,map,False,0.0,0.0,0.0,False,0.0,0.0,True,unknown,False
1.6,1,0,,map,,,,nan,nan,nan,nan,False,map,False,0.0,0.0,0.0,False,0.0,0.0,True,unknown,False
1.6,1,0,,map,,,,nan,nan,nan,nan,False,map,False,0.0,0.0,0.0,False,0.0,0.0,True,unknown,True
1.7000000000000002,1,0,,map,,,,nan,nan,nan,nan,False,map,False,0.0,0.0,0.0,False,0.0,0.0,True,unknown,True
1.8,1,0,,map,,,,nan,nan,nan,nan,False,map,False,0.0,0.0,0.0,False,0.0,0.0,True,unknown,True
1.8,1,0,,map,,,,nan,nan,nan,nan,False,map,False,0.0,0.0,0.0,False,0.0,0.0,True,unknown,True
1.9000000000000001,1,0,,map,,,,nan,nan,nan,nan,False,map,False,0.0,0.0,0.0,False,0.0,5.6275754429258024e-05,True,unknown,True
2.0,1,0,,map,,,,nan,nan,nan,nan,False,map,False,0.0,0.0,0.0,False,0.0,5.6275754429258024e-05,True,unknown,True
2.0,1,0,,map,,,,nan,nan,nan,nan,False,map,False,0.0,0.0,0.0,False,0.0,7.134562744912642e-05,True,unknown,True
2.1,1,0,,map,,,,nan,nan,nan,nan,False,map,False,0.0,0.0,0.0,False,0.0,7.168033187436862e-05,True,unknown,True
2.2,1,0,,map,,,,nan,nan,nan,nan,False,map,False,0.0,0.0,0.0,False,0.0,8.577548107577825e-05,True,unknown,True
2.2,1,0,,map,,,,nan,nan,nan,nan,False,map,False,0.0,0.0,0.0,False,0.0,8.577548107577825e-05,True,unknown,True
2.3000000000000003,1,0,,map,,,,nan,nan,nan,nan,False,map,False,0.0,0.0,0.0,False,0.0,8.713799957700274e-05,True,unknown,True
2.4000000000000004,1,0,,map,,,,nan,nan,nan,nan,False,map,False,0.0,0.0,0.0,False,0.0,9.654049049832024e-05,True,unknown,True
2.4000000000000004,1,0,,map,,,,nan,nan,nan,nan,False,map,False,0.0,0.0,0.0,False,0.0,9.654049049832024e-05,True,unknown,True
2.5,1,0,,map,,,,nan,nan,nan,nan,False,map,False,0.0,0.0,0.0,False,0.0,0.00010269507229452301,True,unknown,True
2.6,1,0,,map,,,,nan,nan,nan,nan,False,map,False,0.0,0.0,0.0,False,0.0,0.00010068981046114089,True,unknown,True
2.6,1,0,,map,,,,nan,nan,nan,nan,False,map,False,0.0,0.0,0.0,False,0.0,0.00010068981046114089,True,unknown,True
2.7,1,0,,map,,,,nan,nan,nan,nan,False,map,False,0.0,0.0,0.0,False,0.0,0.00010068981046114089,True,unknown,True
2.8000000000000003,1,0,,map,,,,nan,nan,nan,nan,False,map,False,0.0,0.0,0.0,False,0.0,0.00010068981046114089,True,unknown,True
2.8000000000000003,1,0,,map,,,,nan,nan,nan,nan,False,map,False,0.0,0.0,0.0,False,0.0,0.00011388779325258724,True,unknown,True
2.9000000000000004,1,0,,map,,,,nan,nan,nan,nan,False,map,False,0.0,0.0,0.0,False,0.0,0.00011388779325258724,True,unknown,True
3.0,1,0,,map,,,,nan,nan,nan,nan,False,map,False,0.0,0.0,0.0,False,0.0,0.00011388779325258724,True,unknown,True
3.0,1,0,,map,,,,nan,nan,nan,nan,False,map,False,0.0,0.0,0.0,False,0.0,0.00011773583285688004,True,unknown,True
3.1,1,0,,map,,,,nan,nan,nan,nan,False,map,False,0.0,0.0,0.0,False,0.0,0.00013156998699432874,True,unknown,True
3.2,1,0,,map,,,,nan,nan,nan,nan,False,map,False,0.0,0.0,0.0,False,0.0,0.00015129514565170865,True,unknown,True
3.2,1,0,,map,,,,nan,nan,nan,nan,False,map,False,0.0,0.0,0.0,False,0.0,0.00015129514565170865,True,unknown,True
3.3000000000000003,1,0,,map,,,,nan,nan,nan,nan,False,map,False,0.0,0.0,0.0,False,0.0,0.0001547940596081432,True,unknown,True
3.4000000000000004,1,0,,map,,,,nan,nan,nan,nan,False,map,False,0.0,0.0,0.0,False,0.0,0.00015627998812437483,True,unknown,True
3.4000000000000004,1,0,,map,,,,nan,nan,nan,nan,False,map,False,0.0,0.0,0.0,False,0.0,0.00015627998812437483,True,unknown,True
3.5,1,0,,map,,,,nan,nan,nan,nan,False,map,False,0.0,0.0,0.0,False,0.0,0.00017043869271287092,True,unknown,True
3.6,1,0,,map,,,,nan,nan,nan,nan,False,map,False,0.0,0.0,0.0,False,0.0,0.0001691260521139881,True,unknown,True
3.6,1,0,,map,,,,nan,nan,nan,nan,False,map,False,0.0,0.0,0.0,False,0.0,0.0001691260521139881,True,unknown,True
3.7,1,0,,map,,,,nan,nan,nan,nan,False,map,False,0.0,0.0,0.0,False,0.0,0.00017531876475160857,True,unknown,True
3.8000000000000003,1,0,,map,,,,nan,nan,nan,nan,False,map,False,0.0,0.0,0.0,False,0.0,0.0001788541336090077,True,unknown,True
3.8000000000000003,1,0,,map,,,,nan,nan,nan,nan,False,map,False,0.0,0.0,0.0,False,0.0,0.0001788541336090077,True,unknown,True
3.9000000000000004,1,0,,map,,,,nan,nan,nan,nan,False,map,False,0.0,0.0,0.0,False,0.0,0.0001842505478370171,True,unknown,True
4.0,1,0,,map,,,,nan,nan,nan,nan,False,map,False,0.0,0.0,0.0,False,0.0,0.00019048638512302317,True,unknown,True
4.0,1,0,,map,,,,nan,nan,nan,nan,False,map,False,0.0,0.0,0.0,False,0.0,0.00019048638512302317,True,unknown,True
4.1000000000000005,1,0,,map,,,,nan,nan,nan,nan,False,map,False,0.0,0.0,0.0,False,0.0,0.00020169723506526793,True,unknown,True
4.2,1,0,,map,,,,nan,nan,nan,nan,False,map,False,0.0,0.0,0.0,False,0.0,0.00020169723506526793,True,unknown,True
4.2,1,0,,map,,,,nan,nan,nan,nan,False,map,False,0.0,0.0,0.0,False,0.0,0.00020169723506526793,True,unknown,True
4.300000000000001,1,0,,map,,,,nan,nan,nan,nan,False,map,False,0.0,0.0,0.0,False,0.0,0.00020936110045823852,True,unknown,True
4.4,1,0,,map,,,,nan,nan,nan,nan,False,map,False,0.0,0.0,0.0,False,0.0,0.00021723681277787676,True,unknown,True
4.4,1,0,,map,,,,nan,nan,nan,nan,False,map,False,0.0,0.0,0.0,False,0.0,0.00021723681277787676,True,unknown,True
4.5,1,0,,map,,,,nan,nan,nan,nan,False,map,False,0.0,0.0,0.0,False,0.0,0.0002453247697451033,True,unknown,True
4.6000000000000005,1,0,,map,,,,nan,nan,nan,nan,False,map,False,0.0,0.0,0.0,False,0.0,0.00025258774524719027,True,unknown,True
4.6000000000000005,1,0,,map,,,,nan,nan,nan,nan,False,map,False,0.0,0.0,0.0,False,0.0,0.00026639728171353735,True,unknown,True
4.7,1,0,,map,,,,nan,nan,nan,nan,False,map,False,0.0,0.0,0.0,False,0.0,0.00026639728171353735,True,unknown,True
4.800000000000001,1,0,,map,,,,nan,nan,nan,nan,False,map,False,0.0,0.0,0.0,False,0.0,0.00028392486884829535,True,unknown,True
4.800000000000001,1,0,,map,,,,nan,nan,nan,nan,False,map,False,0.0,0.0,0.0,False,0.0,0.00028392486884829535,True,unknown,True
4.9,1,0,,map,,,,nan,nan,nan,nan,False,map,False,0.0,0.0,0.0,False,0.0,0.00028392486884829535,True,unknown,True
5.0,1,0,,map,,,,nan,nan,nan,nan,False,map,False,0.0,0.0,0.0,False,0.0,0.00028392486884829535,True,unknown,True
5.0,1,0,,map,,,,nan,nan,nan,nan,False,map,False,0.0,0.0,0.0,False,0.0,0.0002984390582847496,True,unknown,True
5.1000000000000005,1,0,,map,,,,nan,nan,nan,nan,False,map,False,0.0,0.0,0.0,False,0.0,0.00030580032328391126,True,unknown,True
5.2,1,0,,map,,,,nan,nan,nan,nan,False,map,False,0.0,0.0,0.0,False,0.0,0.00032245193560491713,True,unknown,True
5.2,1,0,,map,,,,nan,nan,nan,nan,False,map,False,0.0,0.0,0.0,False,0.0,0.00032245193560491713,True,unknown,True
5.300000000000001,1,0,,map,,,,nan,nan,nan,nan,False,map,False,0.0,0.0,0.0,False,0.0,0.00032245193560491713,True,unknown,True
5.4,1,0,,map,,,,nan,nan,nan,nan,False,map,False,0.0,0.0,0.0,False,0.0,-0.11964737754323902,True,unknown,True
5.4,1,0,,map,,,,nan,nan,nan,nan,False,map,False,0.0,0.0,0.0,False,0.0,-0.11964737754323902,True,unknown,True
5.5,1,0,,map,,,,nan,nan,nan,nan,False,map,False,0.0,0.0,0.0,False,0.0,-0.3499999940395355,True,unknown,True
5.6000000000000005,1,0,,map,,,,nan,nan,nan,nan,False,map,False,0.0,0.0,0.0,False,0.0,-0.3499999940395355,True,unknown,True
5.6000000000000005,1,0,,map,,,,nan,nan,nan,nan,False,map,False,0.0,0.0,0.0,False,0.0,-0.3499999940395355,True,unknown,True
5.7,1,0,,map,,,,nan,nan,nan,nan,False,map,False,0.0,0.0,0.0,False,0.0,-0.3499999940395355,True,unknown,True
5.800000000000001,1,0,,map,,,,nan,nan,nan,nan,False,map,False,0.0,0.0,0.0,False,0.0,-0.3499999940395355,True,unknown,True
5.800000000000001,1,0,,map,,,,nan,nan,nan,nan,False,map,False,0.0,0.0,0.0,False,0.0,-0.3499999940395355,True,unknown,True
5.9,1,0,,map,,,,nan,nan,nan,nan,False,map,False,0.0,0.0,0.0,False,0.0,-0.3499999940395355,True,unknown,True
6.0,1,0,,map,,,,nan,nan,nan,nan,False,map,False,0.0,0.0,0.0,False,0.0,-0.3499999940395355,True,unknown,True
6.0,1,0,,map,,,,nan,nan,nan,nan,False,map,False,0.0,0.0,0.0,False,0.0,-0.3499999940395355,True,unknown,True
6.1000000000000005,1,0,,map,,,,nan,nan,nan,nan,False,map,False,0.0,0.0,0.0,False,0.0,-0.3499999940395355,True,unknown,True
6.2,1,0,,map,,,,nan,nan,nan,nan,False,map,False,0.0,0.0,0.0,False,0.0,-0.3499999940395355,True,unknown,True
6.2,1,0,,map,,,,nan,nan,nan,nan,False,map,False,0.0,0.0,0.0,False,0.0,-0.3499999940395355,True,unknown,True
6.300000000000001,1,0,,map,,,,nan,nan,nan,nan,False,map,False,0.0,0.0,0.0,False,0.0,-0.3499999940395355,True,unknown,True
6.4,1,0,,map,,,,nan,nan,nan,nan,False,map,False,0.0,0.0,0.0,False,0.0,-0.3499999940395355,True,unknown,True
6.4,1,0,,map,,,,nan,nan,nan,nan,False,map,False,0.0,0.0,0.0,False,0.0,-0.3499999940395355,True,unknown,True
6.5,1,0,,map,,,,nan,nan,nan,nan,False,map,False,0.0,0.0,0.0,False,0.0,-0.3499999940395355,True,unknown,True
6.6000000000000005,1,0,,map,,,,nan,nan,nan,nan,False,map,False,0.0,0.0,0.0,False,0.0,-0.3499999940395355,True,unknown,True
6.6000000000000005,1,0,,map,,,,nan,nan,nan,nan,False,map,False,0.0,0.0,0.0,False,0.0,-0.3499999940395355,True,unknown,True
6.7,1,0,,map,,,,nan,nan,nan,nan,False,map,False,0.0,0.0,0.0,False,0.0,-0.3499999940395355,True,unknown,True
6.800000000000001,1,0,,map,,,,nan,nan,nan,nan,False,map,False,0.0,0.0,0.0,False,0.0,-0.3499999940395355,True,unknown,True
6.800000000000001,1,0,,map,,,,nan,nan,nan,nan,False,map,False,0.0,0.0,0.0,False,0.0,-0.3499999940395355,True,unknown,True
6.9,1,0,,map,,,,nan,nan,nan,nan,False,map,False,0.0,0.0,0.0,False,0.0,-0.3499999940395355,True,unknown,True
7.0,1,0,,map,,,,nan,nan,nan,nan,False,map,False,0.0,0.0,0.0,False,0.0,-0.3499999940395355,True,unknown,True
7.0,1,0,,map,,,,nan,nan,nan,nan,False,map,False,0.0,0.0,0.0,False,0.0,-0.3499999940395355,True,unknown,True
7.1000000000000005,1,0,,map,,,,nan,nan,nan,nan,False,map,False,0.0,0.0,0.0,False,0.0,-0.3499999940395355,True,unknown,True
7.2,1,0,,map,,,,nan,nan,nan,nan,False,map,False,0.0,0.0,0.0,False,0.0,-0.3499999940395355,True,unknown,True
7.2,1,0,,map,,,,nan,nan,nan,nan,False,map,False,0.0,0.0,0.0,False,0.0,-0.3499999940395355,True,unknown,True
7.300000000000001,1,0,,map,,,,nan,nan,nan,nan,False,map,False,0.0,0.0,0.0,False,0.0,-0.3499999940395355,True,unknown,True
7.4,1,0,,map,,,,nan,nan,nan,nan,False,map,False,0.0,0.0,0.0,False,0.0,-0.3499999940395355,True,unknown,True
7.4,1,0,,map,,,,nan,nan,nan,nan,False,map,False,0.0,0.0,0.0,False,0.0,-0.3499999940395355,True,unknown,True
7.500000000000001,1,0,,map,,,,nan,nan,nan,nan,False,map,False,0.0,0.0,0.0,False,0.0,-0.3499999940395355,True,unknown,True
7.6000000000000005,1,0,,map,,,,nan,nan,nan,nan,False,map,False,0.0,0.0,0.0,False,0.0,-0.3499999940395355,True,unknown,True
7.6000000000000005,1,0,,map,,,,nan,nan,nan,nan,False,map,False,0.0,0.0,0.0,False,0.0,-0.3499999940395355,True,unknown,True
7.7,1,0,,map,,,,nan,nan,nan,nan,False,map,False,0.0,0.0,0.0,False,0.0,-0.3499999940395355,True,unknown,True
7.800000000000001,1,0,,map,,,,nan,nan,nan,nan,False,map,False,0.0,0.0,0.0,False,0.0,-0.3499999940395355,True,unknown,True
7.800000000000001,1,0,,map,,,,nan,nan,nan,nan,False,map,False,0.0,0.0,0.0,False,0.0,-0.3499999940395355,True,unknown,True
7.9,1,0,,map,,,,nan,nan,nan,nan,False,map,False,0.0,0.0,0.0,False,0.0,-0.3499999940395355,True,unknown,True
8.0,1,0,,map,,,,nan,nan,nan,nan,False,map,False,0.0,0.0,0.0,False,0.0,-0.3499999940395355,True,unknown,True
8.0,1,0,,map,,,,nan,nan,nan,nan,False,map,False,0.0,0.0,0.0,False,0.0,-0.3499999940395355,True,unknown,True
8.1,1,0,,map,,,,nan,nan,nan,nan,False,map,False,0.0,0.0,0.0,False,0.0,-0.3499999940395355,True,unknown,True
8.200000000000001,1,0,,map,,,,nan,nan,nan,nan,False,map,False,0.0,0.0,0.0,False,0.0,-0.3499999940395355,True,unknown,True
8.200000000000001,1,0,,map,,,,nan,nan,nan,nan,False,map,False,0.0,0.0,0.0,False,0.0,-0.3499999940395355,True,unknown,True
8.3,1,0,,map,,,,nan,nan,nan,nan,False,map,False,0.0,0.0,0.0,False,0.0,-0.3499999940395355,True,unknown,True
8.4,1,0,,map,,,,nan,nan,nan,nan,False,map,False,0.0,0.0,0.0,False,0.0,-0.3499999940395355,True,unknown,True
8.4,1,0,,map,,,,nan,nan,nan,nan,False,map,False,0.0,0.0,0.0,False,0.0,-0.3499999940395355,True,unknown,True
8.5,1,0,,map,,,,nan,nan,nan,nan,False,map,False,0.0,0.0,0.0,False,0.0,-0.3499999940395355,True,unknown,True
8.600000000000001,1,0,,map,,,,nan,nan,nan,nan,False,map,False,0.0,0.0,0.0,False,0.0,-0.3499999940395355,True,unknown,True
8.600000000000001,1,0,,map,,,,nan,nan,nan,nan,False,map,False,0.0,0.0,0.0,False,0.0,-0.3499999940395355,True,unknown,True
8.700000000000001,1,0,,map,,,,nan,nan,nan,nan,False,map,False,0.0,0.0,0.0,False,0.0,-0.3499999940395355,True,unknown,True
8.8,1,0,,map,,,,nan,nan,nan,nan,False,map,False,0.0,0.0,0.0,False,0.0,-0.3499999940395355,True,unknown,True
8.8,1,0,,map,,,,nan,nan,nan,nan,False,map,False,0.0,0.0,0.0,False,0.0,-0.3499999940395355,True,unknown,True
8.9,1,0,,map,,,,nan,nan,nan,nan,False,map,False,0.0,0.0,0.0,False,0.0,-0.3499999940395355,True,unknown,True
9.0,1,0,,map,,,,nan,nan,nan,nan,False,map,False,0.0,0.0,0.0,False,0.0,-0.3499999940395355,True,unknown,True
9.0,1,0,,map,,,,nan,nan,nan,nan,False,map,False,0.0,0.0,0.0,False,0.0,-0.3499999940395355,True,unknown,True
9.100000000000001,1,0,,map,,,,nan,nan,nan,nan,False,map,False,0.0,0.0,0.0,False,0.0,-0.3499999940395355,True,unknown,True
9.200000000000001,1,0,,map,,,,nan,nan,nan,nan,False,map,False,0.0,0.0,0.0,False,0.0,-0.3499999940395355,True,unknown,True
9.200000000000001,1,0,,map,,,,nan,nan,nan,nan,False,map,False,0.0,0.0,0.0,False,0.0,-0.3499999940395355,True,unknown,True
9.3,1,0,,map,,,,nan,nan,nan,nan,False,map,False,0.0,0.0,0.0,False,0.0,-0.3499999940395355,True,unknown,True
9.4,1,0,,map,,,,nan,nan,nan,nan,False,map,False,0.0,0.0,0.0,False,0.0,-0.3499999940395355,True,unknown,True
9.4,1,0,,map,,,,nan,nan,nan,nan,False,map,False,0.0,0.0,0.0,False,0.0,-0.3499999940395355,True,unknown,True
9.5,1,0,,map,,,,nan,nan,nan,nan,False,map,False,0.0,0.0,0.0,False,0.0,-0.3499999940395355,True,unknown,True
9.600000000000001,1,0,,map,,,,nan,nan,nan,nan,False,map,False,0.0,0.0,0.0,False,0.0,-0.3499999940395355,True,unknown,True
9.600000000000001,1,0,,map,,,,nan,nan,nan,nan,False,map,False,0.0,0.0,0.0,False,0.0,-0.3499999940395355,True,unknown,True
9.700000000000001,1,0,,map,,,,nan,nan,nan,nan,False,map,False,0.0,0.0,0.0,False,0.0,-0.3499999940395355,True,unknown,True
9.8,1,0,,map,,,,nan,nan,nan,nan,False,map,False,0.0,0.0,0.0,False,0.0,-0.3499999940395355,True,unknown,True
9.8,1,0,,map,,,,nan,nan,nan,nan,False,map,False,0.0,0.0,0.0,False,0.0,-0.3499999940395355,True,unknown,True
9.9,1,0,,map,,,,nan,nan,nan,nan,False,map,False,0.0,0.0,0.0,False,0.0,-0.3499999940395355,True,unknown,True
10.0,1,0,,map,,,,nan,nan,nan,nan,False,map,False,0.0,0.0,0.0,False,0.0,-0.3499999940395355,True,unknown,True
10.0,1,0,,map,,,,nan,nan,nan,nan,False,map,False,0.0,0.0,0.0,False,0.0,-0.3499999940395355,True,unknown,True
10.100000000000001,1,0,,map,,,,nan,nan,nan,nan,False,map,False,0.0,0.0,0.0,False,0.0,-0.3499999940395355,True,unknown,True
10.200000000000001,1,0,,map,,,,nan,nan,nan,nan,False,map,False,0.0,0.0,0.0,False,0.0,-0.3499999940395355,True,unknown,True
10.200000000000001,1,0,,map,,,,nan,nan,nan,nan,False,map,False,0.0,0.0,0.0,False,0.0,-0.3499999940395355,True,unknown,True
10.3,1,0,,map,,,,nan,nan,nan,nan,False,map,False,0.0,0.0,0.0,False,0.0,-0.3499999940395355,True,unknown,True
10.4,1,0,,map,,,,nan,nan,nan,nan,False,map,False,0.0,0.0,0.0,False,0.0,-0.3499999940395355,True,unknown,True
10.4,1,0,,map,,,,nan,nan,nan,nan,False,map,False,0.0,0.0,0.0,False,0.0,-0.3499999940395355,True,unknown,True
10.5,1,0,,map,,,,nan,nan,nan,nan,False,map,False,0.0,0.0,0.0,False,0.0,-0.3499999940395355,True,unknown,True
10.600000000000001,1,0,,map,,,,nan,nan,nan,nan,False,map,False,0.0,0.0,0.0,False,0.0,-0.3499999940395355,True,unknown,True
10.600000000000001,1,0,,map,,,,nan,nan,nan,nan,False,map,False,0.0,0.0,0.0,False,0.0,-0.3499999940395355,True,unknown,True
10.700000000000001,1,0,,map,,,,nan,nan,nan,nan,False,map,False,0.0,0.0,0.0,False,0.0,-0.3499999940395355,True,unknown,True
10.8,1,0,,map,,,,nan,nan,nan,nan,False,map,False,0.0,0.0,0.0,False,0.0,-0.3499999940395355,True,unknown,True
10.8,1,0,,map,,,,nan,nan,nan,nan,False,map,False,0.0,0.0,0.0,False,0.0,-0.3499999940395355,True,unknown,True
10.9,1,0,,map,,,,nan,nan,nan,nan,False,map,False,0.0,0.0,0.0,False,0.0,-0.3499999940395355,True,unknown,True
11.0,1,0,,map,,,,nan,nan,nan,nan,False,map,False,0.0,0.0,0.0,False,0.0,-0.3499999940395355,True,unknown,True
11.0,1,0,,map,,,,nan,nan,nan,nan,False,map,False,0.0,0.0,0.0,False,0.0,-0.3499999940395355,True,unknown,True
11.100000000000001,1,0,,map,,,,nan,nan,nan,nan,False,map,False,0.0,0.0,0.0,False,0.0,-0.3499999940395355,True,unknown,True
11.200000000000001,1,0,,map,,,,nan,nan,nan,nan,False,map,False,0.0,0.0,0.0,False,0.0,-0.3499999940395355,True,unknown,True
11.200000000000001,1,0,,map,,,,nan,nan,nan,nan,False,map,False,0.0,0.0,0.0,False,0.0,-0.3499999940395355,True,unknown,True
11.3,1,0,,map,,,,nan,nan,nan,nan,False,map,False,0.0,0.0,0.0,False,0.0,-0.3499999940395355,True,unknown,True
11.4,1,0,,map,,,,nan,nan,nan,nan,False,map,False,0.0,0.0,0.0,False,0.0,-0.3499999940395355,True,unknown,True
11.4,1,0,,map,,,,nan,nan,nan,nan,False,map,False,0.0,0.0,0.0,False,0.0,-0.3499999940395355,True,unknown,True
11.5,1,0,,map,,,,nan,nan,nan,nan,False,map,False,0.0,0.0,0.0,False,0.0,-0.3499999940395355,True,unknown,True
11.600000000000001,1,0,,map,,,,nan,nan,nan,nan,False,map,False,0.0,0.0,0.0,False,0.0,-0.3499999940395355,True,unknown,True
11.600000000000001,1,0,,map,,,,nan,nan,nan,nan,False,map,False,0.0,0.0,0.0,False,0.0,-0.3499999940395355,True,unknown,True
11.700000000000001,1,0,,map,,,,nan,nan,nan,nan,False,map,False,0.0,0.0,0.0,False,0.0,-0.3499999940395355,True,unknown,True
11.8,1,0,,map,,,,nan,nan,nan,nan,False,map,False,0.0,0.0,0.0,False,0.0,-0.3499999940395355,True,unknown,True
11.8,1,0,,map,,,,nan,nan,nan,nan,False,map,False,0.0,0.0,0.0,False,0.0,-0.3499999940395355,True,unknown,True
11.9,1,0,,map,,,,nan,nan,nan,nan,False,map,False,0.0,0.0,0.0,False,0.0,-0.3499999940395355,True,unknown,True
12.0,1,0,,map,,,,nan,nan,nan,nan,False,map,False,0.0,0.0,0.0,False,0.0,-0.3499999940395355,True,unknown,True
12.0,1,0,,map,,,,nan,nan,nan,nan,False,map,False,0.0,0.0,0.0,False,0.0,-0.3499999940395355,True,unknown,True
12.100000000000001,1,0,,map,,,,nan,nan,nan,nan,False,map,False,0.0,0.0,0.0,False,0.0,-0.3499999940395355,True,unknown,True
12.200000000000001,1,0,,map,,,,nan,nan,nan,nan,False,map,False,0.0,0.0,0.0,False,0.0,-0.3499999940395355,True,unknown,True
12.200000000000001,1,0,,map,,,,nan,nan,nan,nan,False,map,False,0.0,0.0,0.0,False,0.0,-0.3499999940395355,True,unknown,True
12.3,1,0,,map,,,,nan,nan,nan,nan,False,map,False,0.0,0.0,0.0,False,0.0,-0.3499999940395355,True,unknown,True
12.4,1,0,,map,,,,nan,nan,nan,nan,False,map,False,0.0,0.0,0.0,False,0.0,-0.3499999940395355,True,unknown,True
12.4,1,0,,map,,,,nan,nan,nan,nan,False,map,False,0.0,0.0,0.0,False,0.0,-0.3499999940395355,True,unknown,True
12.5,1,0,,map,,,,nan,nan,nan,nan,False,map,False,0.0,0.0,0.0,False,0.0,-0.3499999940395355,True,unknown,True
12.600000000000001,1,0,,map,,,,nan,nan,nan,nan,False,map,False,0.0,0.0,0.0,False,0.0,-0.3499999940395355,True,unknown,True
12.600000000000001,1,0,,map,,,,nan,nan,nan,nan,False,map,False,0.0,0.0,0.0,False,0.0,-0.3499999940395355,True,unknown,True
12.700000000000001,1,0,,map,,,,nan,nan,nan,nan,False,map,False,0.0,0.0,0.0,False,0.0,-0.3499999940395355,True,unknown,True
12.8,1,0,,map,,,,nan,nan,nan,nan,False,map,False,0.0,0.0,0.0,False,0.0,-0.3499999940395355,True,unknown,True
12.8,1,0,,map,,,,nan,nan,nan,nan,False,map,False,0.0,0.0,0.0,False,0.0,-0.3499999940395355,True,unknown,True
12.9,1,0,,map,,,,nan,nan,nan,nan,False,map,False,0.0,0.0,0.0,False,0.0,-0.3499999940395355,True,unknown,True
13.0,1,0,,map,,,,nan,nan,nan,nan,False,map,False,0.0,0.0,0.0,False,0.0,-0.3499999940395355,True,unknown,True
13.0,1,0,,map,,,,nan,nan,nan,nan,False,map,False,0.0,0.0,0.0,False,0.0,-0.3499999940395355,True,unknown,True
13.100000000000001,1,0,,map,,,,nan,nan,nan,nan,False,map,False,0.0,0.0,0.0,False,0.0,-0.3499999940395355,True,unknown,True
13.200000000000001,1,0,,map,,,,nan,nan,nan,nan,False,map,False,0.0,0.0,0.0,False,0.0,-0.3499999940395355,True,unknown,True
13.200000000000001,1,0,,map,,,,nan,nan,nan,nan,False,map,False,0.0,0.0,0.0,False,0.0,-0.3499999940395355,True,unknown,True
13.3,1,0,,map,,,,nan,nan,nan,nan,False,map,False,0.0,0.0,0.0,False,0.0,-0.3499999940395355,True,unknown,True
13.4,1,0,,map,,,,nan,nan,nan,nan,False,map,False,0.0,0.0,0.0,False,0.0,-0.3499999940395355,True,unknown,True
13.4,1,0,,map,,,,nan,nan,nan,nan,False,map,False,0.0,0.0,0.0,False,0.0,-0.3499999940395355,True,unknown,True
13.5,1,0,,map,,,,nan,nan,nan,nan,False,map,False,0.0,0.0,0.0,False,0.0,-0.3499999940395355,True,unknown,True
13.600000000000001,1,0,,map,,,,nan,nan,nan,nan,False,map,False,0.0,0.0,0.0,False,0.0,-0.3499999940395355,True,unknown,True
13.600000000000001,1,0,,map,,,,nan,nan,nan,nan,False,map,False,0.0,0.0,0.0,False,0.0,-0.3499999940395355,True,unknown,True
13.700000000000001,1,0,,map,,,,nan,nan,nan,nan,False,map,False,0.0,0.0,0.0,False,0.0,-0.3499999940395355,True,unknown,True
13.8,1,0,,map,,,,nan,nan,nan,nan,False,map,False,0.0,0.0,0.0,False,0.0,-0.3499999940395355,True,unknown,True
13.8,1,0,,map,,,,nan,nan,nan,nan,False,map,False,0.0,0.0,0.0,False,0.0,-0.3499999940395355,True,unknown,True
13.9,1,0,,map,,,,nan,nan,nan,nan,False,map,False,0.0,0.0,0.0,False,0.0,-0.3499999940395355,True,unknown,True
14.0,1,0,,map,,,,nan,nan,nan,nan,False,map,False,0.0,0.0,0.0,False,0.0,-0.3499999940395355,True,unknown,True
14.0,1,0,,map,,,,nan,nan,nan,nan,False,map,False,0.0,0.0,0.0,False,0.0,-0.3499999940395355,True,unknown,True
14.100000000000001,1,0,,map,,,,nan,nan,nan,nan,False,map,False,0.0,0.0,0.0,False,0.0,-0.3499999940395355,True,unknown,True
14.200000000000001,1,0,,map,,,,nan,nan,nan,nan,False,map,False,0.0,0.0,0.0,False,0.0,-0.3499999940395355,True,unknown,True
14.200000000000001,1,0,,map,,,,nan,nan,nan,nan,False,map,False,0.0,0.0,0.0,False,0.0,-0.3499999940395355,True,unknown,True
14.3,1,0,,map,,,,nan,nan,nan,nan,False,map,False,0.0,0.0,0.0,False,0.0,-0.3499999940395355,True,unknown,True
14.4,1,0,,map,,,,nan,nan,nan,nan,False,map,False,0.0,0.0,0.0,False,0.0,-0.3499999940395355,True,unknown,True
14.4,1,0,,map,,,,nan,nan,nan,nan,False,map,False,0.0,0.0,0.0,False,0.0,-0.3499999940395355,True,unknown,True
14.500000000000002,1,0,,map,,,,nan,nan,nan,nan,False,map,False,0.0,0.0,0.0,False,0.0,-0.3499999940395355,True,unknown,True
14.600000000000001,1,0,,map,,,,nan,nan,nan,nan,False,map,False,0.0,0.0,0.0,False,0.0,-0.3499999940395355,True,unknown,True
14.600000000000001,1,0,,map,,,,nan,nan,nan,nan,False,map,False,0.0,0.0,0.0,False,0.0,-0.3499999940395355,True,unknown,True
14.700000000000001,1,0,,map,,,,nan,nan,nan,nan,False,map,False,0.0,0.0,0.0,False,0.0,-0.10999999403953553,True,unknown,True
14.8,1,0,,map,,,,nan,nan,nan,nan,False,map,False,0.0,0.0,0.0,False,0.0,0.0,True,unknown,True
14.8,1,0,,map,,,,nan,nan,nan,nan,False,map,False,0.0,0.0,0.0,False,0.0,0.0,True,unknown,True
14.9,1,0,,map,,,,nan,nan,nan,nan,False,map,False,0.0,0.0,0.0,False,0.0,0.0,True,unknown,True
15.000000000000002,1,0,,map,,,,nan,nan,nan,nan,False,map,False,0.0,0.0,0.0,False,0.0,0.0,True,unknown,True
15.000000000000002,1,0,,map,,,,nan,nan,nan,nan,False,map,False,0.0,0.0,0.0,False,0.0,0.0,True,unknown,True
15.100000000000001,1,0,,map,,,,nan,nan,nan,nan,False,map,False,0.0,0.0,0.0,False,0.0,0.24,True,unknown,True
15.200000000000001,1,0,,map,,,,nan,nan,nan,nan,False,map,False,0.0,0.0,0.0,False,0.0,0.24,True,unknown,True
15.200000000000001,1,0,,map,,,,nan,nan,nan,nan,False,map,False,0.0,0.0,0.0,False,0.0,0.25,True,unknown,True
15.3,1,0,,map,,,,nan,nan,nan,nan,False,map,False,0.0,0.0,0.0,False,0.0,0.25,True,unknown,True
15.4,1,0,,map,,,,nan,nan,nan,nan,False,map,False,0.0,0.0,0.0,False,0.0,0.25,True,unknown,True
15.4,1,0,,map,,,,nan,nan,nan,nan,False,map,False,0.0,0.0,0.0,False,0.0,0.25,True,unknown,True
15.500000000000002,1,0,,map,,,,nan,nan,nan,nan,False,map,False,0.0,0.0,0.0,False,0.0,0.25,True,unknown,True
15.600000000000001,1,0,,map,,,,nan,nan,nan,nan,False,map,False,0.0,0.0,0.0,False,0.0,0.25,True,unknown,True
15.600000000000001,1,0,,map,,,,nan,nan,nan,nan,False,map,False,0.0,0.0,0.0,False,0.0,0.25,True,unknown,True
15.700000000000001,1,0,,map,,,,nan,nan,nan,nan,False,map,False,0.0,0.0,0.0,False,0.0,0.25,True,unknown,True
15.8,1,0,,map,,,,nan,nan,nan,nan,False,map,False,0.0,0.0,0.0,False,0.0,0.25,True,unknown,True
15.8,1,0,,map,,,,nan,nan,nan,nan,False,map,False,0.0,0.0,0.0,False,0.0,0.25,True,unknown,True
15.9,1,0,,map,,,,nan,nan,nan,nan,False,map,False,0.0,0.0,0.0,False,0.0,0.25,True,unknown,True
16.0,1,0,,map,,,,nan,nan,nan,nan,False,map,False,0.0,0.0,0.0,False,0.0,0.25,True,unknown,True
16.0,1,0,,map,,,,nan,nan,nan,nan,False,map,False,0.0,0.0,0.0,False,0.0,0.25,True,unknown,True
16.1,1,0,,map,,,,nan,nan,nan,nan,False,map,False,0.0,0.0,0.0,False,0.0,0.25,True,unknown,True
16.2,1,0,,map,,,,nan,nan,nan,nan,False,map,False,0.0,0.0,0.0,False,0.0,0.25,True,unknown,True
16.2,1,0,,map,,,,nan,nan,nan,nan,False,map,False,0.0,0.0,0.0,False,0.0,0.25,True,unknown,True
16.3,1,0,,map,,,,nan,nan,nan,nan,False,map,False,0.0,0.0,0.0,False,0.0,0.25,True,unknown,True
16.400000000000002,1,0,,map,,,,nan,nan,nan,nan,False,map,False,0.0,0.0,0.0,False,0.0,0.25,True,unknown,True
16.400000000000002,1,0,,map,,,,nan,nan,nan,nan,False,map,False,0.0,0.0,0.0,False,0.0,0.25,True,unknown,True
16.5,1,0,,map,,,,nan,nan,nan,nan,False,map,False,0.0,0.0,0.0,False,0.0,0.25,True,unknown,True
16.6,1,0,,map,,,,nan,nan,nan,nan,False,map,False,0.0,0.0,0.0,False,0.0,0.25,True,unknown,True
16.6,1,0,,map,,,,nan,nan,nan,nan,False,map,False,0.0,0.0,0.0,False,0.0,0.25,True,unknown,True
16.7,1,0,,map,,,,nan,nan,nan,nan,False,map,False,0.0,0.0,0.0,False,0.0,0.25,True,unknown,True
16.8,1,0,,map,,,,nan,nan,nan,nan,False,map,False,0.0,0.0,0.0,False,0.0,0.25,True,unknown,True
16.8,1,0,,map,,,,nan,nan,nan,nan,False,map,False,0.0,0.0,0.0,False,0.0,0.25,True,unknown,True
16.900000000000002,1,0,,map,,,,nan,nan,nan,nan,False,map,False,0.0,0.0,0.0,False,0.0,0.25,True,unknown,True
17.0,1,0,,map,,,,nan,nan,nan,nan,False,map,False,0.0,0.0,0.0,False,0.0,0.25,True,unknown,True
17.1,1,0,,map,,,,nan,nan,nan,nan,False,map,False,0.0,0.0,0.0,False,0.0,0.25,True,unknown,True
17.1,1,0,,map,,,,nan,nan,nan,nan,False,map,False,0.0,0.0,0.0,False,0.0,0.25,True,unknown,True
17.200000000000003,1,0,,map,,,,nan,nan,nan,nan,False,map,False,0.0,0.0,0.0,False,0.0,0.25,True,unknown,True
17.200000000000003,1,0,,map,,,,nan,nan,nan,nan,False,map,False,0.0,0.0,0.0,False,0.0,0.25,True,unknown,True
17.3,1,0,,map,,,,nan,nan,nan,nan,False,map,False,0.0,0.0,0.0,False,0.0,0.25,True,unknown,True
17.400000000000002,1,0,,map,,,,nan,nan,nan,nan,False,map,False,0.0,0.0,0.0,False,0.0,0.25,True,unknown,True
17.400000000000002,1,0,,map,,,,nan,nan,nan,nan,False,map,False,0.0,0.0,0.0,False,0.0,0.25,True,unknown,True
17.5,1,0,,map,,,,nan,nan,nan,nan,False,map,False,0.0,0.0,0.0,False,0.0,0.25,True,unknown,True
17.6,1,0,,map,,,,nan,nan,nan,nan,False,map,False,0.0,0.0,0.0,False,0.0,0.25,True,unknown,True
17.6,1,0,,map,,,,nan,nan,nan,nan,False,map,False,0.0,0.0,0.0,False,0.0,0.25,True,unknown,True
17.700000000000003,1,0,,map,,,,nan,nan,nan,nan,False,map,False,0.0,0.0,0.0,False,0.0,0.25,True,unknown,True
17.8,1,0,,map,,,,nan,nan,nan,nan,False,map,False,0.0,0.0,0.0,False,0.0,0.25,True,unknown,True
17.8,1,0,,map,,,,nan,nan,nan,nan,False,map,False,0.0,0.0,0.0,False,0.0,0.25,True,unknown,True
17.900000000000002,1,0,,map,,,,nan,nan,nan,nan,False,map,False,0.0,0.0,0.0,False,0.0,0.25,True,unknown,True
18.0,1,0,,map,,,,nan,nan,nan,nan,False,map,False,0.0,0.0,0.0,False,0.0,0.25,True,unknown,True
18.0,1,0,,map,,,,nan,nan,nan,nan,False,map,False,0.0,0.0,0.0,False,0.0,0.25,True,unknown,True
18.1,1,0,,map,,,,nan,nan,nan,nan,False,map,False,0.0,0.0,0.0,False,0.0,0.25,True,unknown,True
18.200000000000003,1,0,,map,,,,nan,nan,nan,nan,False,map,False,0.0,0.0,0.0,False,0.0,0.25,True,unknown,True
18.200000000000003,1,0,,map,,,,nan,nan,nan,nan,False,map,False,0.0,0.0,0.0,False,0.0,0.25,True,unknown,True
18.3,1,0,,map,,,,nan,nan,nan,nan,False,map,False,0.0,0.0,0.0,False,0.0,0.25,True,unknown,True
18.400000000000002,1,0,,map,,,,nan,nan,nan,nan,False,map,False,0.0,0.0,0.0,False,0.0,0.25,True,unknown,True
18.400000000000002,1,0,,map,,,,nan,nan,nan,nan,False,map,False,0.0,0.0,0.0,False,0.0,0.25,True,unknown,True
18.5,1,0,,map,,,,nan,nan,nan,nan,False,map,False,0.0,0.0,0.0,False,0.0,0.25,True,unknown,True
18.6,1,0,,map,,,,nan,nan,nan,nan,False,map,False,0.0,0.0,0.0,False,0.0,0.25,True,unknown,True
18.6,1,0,,map,,,,nan,nan,nan,nan,False,map,False,0.0,0.0,0.0,False,0.0,0.25,True,unknown,True
18.700000000000003,1,0,,map,,,,nan,nan,nan,nan,False,map,False,0.0,0.0,0.0,False,0.0,0.25,True,unknown,True
18.8,1,0,,map,,,,nan,nan,nan,nan,False,map,False,0.0,0.0,0.0,False,0.0,0.25,True,unknown,True
18.8,1,0,,map,,,,nan,nan,nan,nan,False,map,False,0.0,0.0,0.0,False,0.0,0.25,True,unknown,True
18.900000000000002,1,0,,map,,,,nan,nan,nan,nan,False,map,False,0.0,0.0,0.0,False,0.0,0.25,True,unknown,True
19.0,1,0,,map,,,,nan,nan,nan,nan,False,map,False,0.0,0.0,0.0,False,0.0,0.25,True,unknown,True
19.0,1,0,,map,,,,nan,nan,nan,nan,False,map,False,0.0,0.0,0.0,False,0.0,0.25,True,unknown,True
19.1,1,0,,map,,,,nan,nan,nan,nan,False,map,False,0.0,0.0,0.0,False,0.0,0.25,True,unknown,True
19.200000000000003,1,0,,map,,,,nan,nan,nan,nan,False,map,False,0.0,0.0,0.0,False,0.0,0.25,True,unknown,True
19.200000000000003,1,0,,map,,,,nan,nan,nan,nan,False,map,False,0.0,0.0,0.0,False,0.0,0.25,True,unknown,True
19.3,1,0,,map,,,,nan,nan,nan,nan,False,map,False,0.0,0.0,0.0,False,0.0,0.25,True,unknown,True
19.400000000000002,1,0,,map,,,,nan,nan,nan,nan,False,map,False,0.0,0.0,0.0,False,0.0,0.25,True,unknown,True
19.400000000000002,1,0,,map,,,,nan,nan,nan,nan,False,map,False,0.0,0.0,0.0,False,0.0,0.25,True,unknown,True
19.5,1,0,,map,,,,nan,nan,nan,nan,False,map,False,0.0,0.0,0.0,False,0.0,0.25,True,unknown,True
19.6,1,0,,map,,,,nan,nan,nan,nan,False,map,False,0.0,0.0,0.0,False,0.0,0.25,True,unknown,True
19.6,1,0,,map,,,,nan,nan,nan,nan,False,map,False,0.0,0.0,0.0,False,0.0,0.25,True,unknown,True
19.700000000000003,1,0,,map,,,,nan,nan,nan,nan,False,map,False,0.0,0.0,0.0,False,0.0,0.25,True,unknown,True
19.8,1,0,,map,,,,nan,nan,nan,nan,False,map,False,0.0,0.0,0.0,False,0.0,0.25,True,unknown,True
19.8,1,0,,map,,,,nan,nan,nan,nan,False,map,False,0.0,0.0,0.0,False,0.0,0.25,True,unknown,True
19.900000000000002,1,0,,map,,,,nan,nan,nan,nan,False,map,False,0.0,0.0,0.0,False,0.0,0.25,True,unknown,True
20.0,1,0,,map,,,,nan,nan,nan,nan,False,map,False,0.0,0.0,0.0,False,0.0,0.25,True,unknown,True
20.0,1,0,,map,,,,nan,nan,nan,nan,False,map,False,0.0,0.0,0.0,False,0.0,0.25,True,unknown,True
20.1,1,0,,map,,,,nan,nan,nan,nan,False,map,False,0.0,0.0,0.0,False,0.0,0.25,True,unknown,True
20.200000000000003,1,0,,map,,,,nan,nan,nan,nan,False,map,False,0.0,0.0,0.0,False,0.0,0.010000000000000009,True,unknown,True
20.200000000000003,1,0,,map,,,,nan,nan,nan,nan,False,map,False,0.0,0.0,0.0,False,0.0,0.010000000000000009,True,unknown,True
20.3,1,0,,map,,,,nan,nan,nan,nan,False,map,False,0.0,0.0,0.0,False,0.0,0.25,True,unknown,True
20.400000000000002,1,0,,map,,,,nan,nan,nan,nan,False,map,False,0.0,0.0,0.0,False,0.0,0.3499999940395355,True,unknown,True
20.400000000000002,1,0,,map,,,,nan,nan,nan,nan,False,map,False,0.0,0.0,0.0,False,0.0,0.3499999940395355,True,unknown,True
20.5,1,0,,map,,,,nan,nan,nan,nan,False,map,False,0.0,0.0,0.0,False,0.0,0.3499999940395355,True,unknown,True
20.6,1,0,,map,,,,nan,nan,nan,nan,False,map,False,0.0,0.0,0.0,False,0.0,0.3499999940395355,True,unknown,True
20.6,1,0,,map,,,,nan,nan,nan,nan,False,map,False,0.0,0.0,0.0,False,0.0,0.3499999940395355,True,unknown,True
20.700000000000003,1,0,,map,,,,nan,nan,nan,nan,False,map,False,0.0,0.0,0.0,False,0.0,0.3499999940395355,True,unknown,True
20.8,1,0,,map,,,,nan,nan,nan,nan,False,map,False,0.0,0.0,0.0,False,0.0,0.3499999940395355,True,unknown,True
20.8,1,0,,map,,,,nan,nan,nan,nan,False,map,False,0.0,0.0,0.0,False,0.0,0.3499999940395355,True,unknown,True
20.900000000000002,1,0,,map,,,,nan,nan,nan,nan,False,map,False,0.0,0.0,0.0,False,0.0,0.3499999940395355,True,unknown,True
21.0,1,0,,map,,,,nan,nan,nan,nan,False,map,False,0.0,0.0,0.0,False,0.0,0.3499999940395355,True,unknown,True
21.0,1,0,,map,,,,nan,nan,nan,nan,False,map,False,0.0,0.0,0.0,False,0.0,0.3499999940395355,True,unknown,True
21.1,1,0,,map,,,,nan,nan,nan,nan,False,map,False,0.0,0.0,0.0,False,0.0,0.3499999940395355,True,unknown,True
21.200000000000003,1,0,,map,,,,nan,nan,nan,nan,False,map,False,0.0,0.0,0.0,False,0.0,0.3499999940395355,True,unknown,True
21.200000000000003,1,0,,map,,,,nan,nan,nan,nan,False,map,False,0.0,0.0,0.0,False,0.0,0.3499999940395355,True,unknown,True
21.3,1,0,,map,,,,nan,nan,nan,nan,False,map,False,0.0,0.0,0.0,False,0.0,0.3499999940395355,True,unknown,True
21.400000000000002,1,0,,map,,,,nan,nan,nan,nan,False,map,False,0.0,0.0,0.0,False,0.0,0.3499999940395355,True,unknown,True
21.400000000000002,1,0,,map,,,,nan,nan,nan,nan,False,map,False,0.0,0.0,0.0,False,0.0,0.3499999940395355,True,unknown,True
21.5,1,0,,map,,,,nan,nan,nan,nan,False,map,False,0.0,0.0,0.0,False,0.0,0.3499999940395355,True,unknown,True
21.6,1,0,,map,,,,nan,nan,nan,nan,False,map,False,0.0,0.0,0.0,False,0.0,0.3499999940395355,True,unknown,True
21.6,1,0,,map,,,,nan,nan,nan,nan,False,map,False,0.0,0.0,0.0,False,0.0,0.3499999940395355,True,unknown,True
21.700000000000003,1,0,,map,,,,nan,nan,nan,nan,False,map,False,0.0,0.0,0.0,False,0.0,0.3499999940395355,True,unknown,True
21.8,1,0,,map,,,,nan,nan,nan,nan,False,map,False,0.0,0.0,0.0,False,0.0,0.3499999940395355,True,unknown,True
21.8,1,0,,map,,,,nan,nan,nan,nan,False,map,False,0.0,0.0,0.0,False,0.0,0.3499999940395355,True,unknown,True
21.900000000000002,1,0,,map,,,,nan,nan,nan,nan,False,map,False,0.0,0.0,0.0,False,0.0,0.3499999940395355,True,unknown,True
22.0,1,0,,map,,,,nan,nan,nan,nan,False,map,False,0.0,0.0,0.0,False,0.0,0.3499999940395355,True,unknown,True
22.0,1,0,,map,,,,nan,nan,nan,nan,False,map,False,0.0,0.0,0.0,False,0.0,0.3499999940395355,True,unknown,True
22.1,1,0,,map,,,,nan,nan,nan,nan,False,map,False,0.0,0.0,0.0,False,0.0,0.3499999940395355,True,unknown,True
22.200000000000003,1,0,,map,,,,nan,nan,nan,nan,False,map,False,0.0,0.0,0.0,False,0.0,0.3499999940395355,True,unknown,True
22.200000000000003,1,0,,map,,,,nan,nan,nan,nan,False,map,False,0.0,0.0,0.0,False,0.0,0.3499999940395355,True,unknown,True
22.3,1,0,,map,,,,nan,nan,nan,nan,False,map,False,0.0,0.0,0.0,False,0.0,0.3499999940395355,True,unknown,True
22.400000000000002,1,0,,map,,,,nan,nan,nan,nan,False,map,False,0.0,0.0,0.0,False,0.0,0.3499999940395355,True,unknown,True
22.400000000000002,1,0,,map,,,,nan,nan,nan,nan,False,map,False,0.0,0.0,0.0,False,0.0,0.3499999940395355,True,unknown,True
22.5,1,0,,map,,,,nan,nan,nan,nan,False,map,False,0.0,0.0,0.0,False,0.0,0.3499999940395355,True,unknown,True
22.6,1,0,,map,,,,nan,nan,nan,nan,False,map,False,0.0,0.0,0.0,False,0.0,0.3499999940395355,True,unknown,True
22.6,1,0,,map,,,,nan,nan,nan,nan,False,map,False,0.0,0.0,0.0,False,0.0,0.3499999940395355,True,unknown,True
22.700000000000003,1,0,,map,,,,nan,nan,nan,nan,False,map,False,0.0,0.0,0.0,False,0.0,0.3499999940395355,True,unknown,True
22.8,1,0,,map,,,,nan,nan,nan,nan,False,map,False,0.0,0.0,0.0,False,0.0,0.3499999940395355,True,unknown,True
22.8,1,0,,map,,,,nan,nan,nan,nan,False,map,False,0.0,0.0,0.0,False,0.0,0.3499999940395355,True,unknown,True
22.8,1,0,,map,,,,nan,nan,nan,nan,False,map,False,0.0,0.0,0.0,False,0.0,0.3499999940395355,True,unknown,True
23.0,1,0,,map,,,,nan,nan,nan,nan,False,map,False,0.0,0.0,0.0,False,0.0,0.3499999940395355,True,unknown,True
23.0,1,0,,map,,,,nan,nan,nan,nan,False,map,False,0.0,0.0,0.0,False,0.0,0.3499999940395355,True,unknown,True
23.1,1,0,,map,,,,nan,nan,nan,nan,False,map,False,0.0,0.0,0.0,False,0.0,0.3499999940395355,True,unknown,True
23.200000000000003,1,0,,map,,,,nan,nan,nan,nan,False,map,False,0.0,0.0,0.0,False,0.0,0.3499999940395355,True,unknown,True
23.200000000000003,1,0,,map,,,,nan,nan,nan,nan,False,map,False,0.0,0.0,0.0,False,0.0,0.3499999940395355,True,unknown,True
23.200000000000003,1,0,,map,,,,nan,nan,nan,nan,False,map,False,0.0,0.0,0.0,False,0.0,0.3499999940395355,True,unknown,True
23.400000000000002,1,0,,map,,,,nan,nan,nan,nan,False,map,False,0.0,0.0,0.0,False,0.0,0.3499999940395355,True,unknown,True
23.400000000000002,1,0,,map,,,,nan,nan,nan,nan,False,map,False,0.0,0.0,0.0,False,0.0,0.3499999940395355,True,unknown,True
23.5,1,0,,map,,,,nan,nan,nan,nan,False,map,False,0.0,0.0,0.0,False,0.0,0.3499999940395355,True,unknown,True
23.6,1,0,,map,,,,nan,nan,nan,nan,False,map,False,0.0,0.0,0.0,False,0.0,0.3499999940395355,True,unknown,True
23.6,1,0,,map,,,,nan,nan,nan,nan,False,map,False,0.0,0.0,0.0,False,0.0,0.3499999940395355,True,unknown,True
23.700000000000003,1,0,,map,,,,nan,nan,nan,nan,False,map,False,0.0,0.0,0.0,False,0.0,0.3499999940395355,True,unknown,True
23.8,1,0,,map,,,,nan,nan,nan,nan,False,map,False,0.0,0.0,0.0,False,0.0,0.3499999940395355,True,unknown,True
23.8,1,0,,map,,,,nan,nan,nan,nan,False,map,False,0.0,0.0,0.0,False,0.0,0.3499999940395355,True,unknown,True
23.900000000000002,1,0,,map,,,,nan,nan,nan,nan,False,map,False,0.0,0.0,0.0,False,0.0,0.3499999940395355,True,unknown,True
24.0,1,0,,map,,,,nan,nan,nan,nan,False,map,False,0.0,0.0,0.0,False,0.0,0.3499999940395355,True,unknown,True
24.0,1,0,,map,,,,nan,nan,nan,nan,False,map,False,0.0,0.0,0.0,False,0.0,0.3499999940395355,True,unknown,True
24.1,1,0,,map,,,,nan,nan,nan,nan,False,map,False,0.0,0.0,0.0,False,0.0,0.3499999940395355,True,unknown,True
24.200000000000003,1,0,,map,,,,nan,nan,nan,nan,False,map,False,0.0,0.0,0.0,False,0.0,0.3499999940395355,True,unknown,True
24.200000000000003,1,0,,map,,,,nan,nan,nan,nan,False,map,False,0.0,0.0,0.0,False,0.0,0.3499999940395355,True,unknown,True
24.3,1,0,,map,,,,nan,nan,nan,nan,False,map,False,0.0,0.0,0.0,False,0.0,0.3499999940395355,True,unknown,True
24.400000000000002,1,0,,map,,,,nan,nan,nan,nan,False,map,False,0.0,0.0,0.0,False,0.0,0.3499999940395355,True,unknown,True
24.400000000000002,1,0,,map,,,,nan,nan,nan,nan,False,map,False,0.0,0.0,0.0,False,0.0,0.3499999940395355,True,unknown,True
24.5,1,0,,map,,,,nan,nan,nan,nan,False,map,False,0.0,0.0,0.0,False,0.0,0.3499999940395355,True,unknown,True
24.6,1,0,,map,,,,nan,nan,nan,nan,False,map,False,0.0,0.0,0.0,False,0.0,0.3499999940395355,True,unknown,True
24.6,1,0,,map,,,,nan,nan,nan,nan,False,map,False,0.0,0.0,0.0,False,0.0,0.3499999940395355,True,unknown,True
24.700000000000003,1,0,,map,,,,nan,nan,nan,nan,False,map,False,0.0,0.0,0.0,False,0.0,0.3499999940395355,True,unknown,True
24.8,1,0,,map,,,,nan,nan,nan,nan,False,map,False,0.0,0.0,0.0,False,0.0,0.3499999940395355,True,unknown,True
24.8,1,0,,map,,,,nan,nan,nan,nan,False,map,False,0.0,0.0,0.0,False,0.0,0.3499999940395355,True,unknown,True
24.900000000000002,1,0,,map,,,,nan,nan,nan,nan,False,map,False,0.0,0.0,0.0,False,0.0,0.3499999940395355,True,unknown,True
25.0,1,0,,map,,,,nan,nan,nan,nan,False,map,False,0.0,0.0,0.0,False,0.0,0.3499999940395355,True,unknown,True
25.0,1,0,,map,,,,nan,nan,nan,nan,False,map,False,0.0,0.0,0.0,False,0.0,0.22999999403953553,True,unknown,True
25.1,1,0,,map,,,,nan,nan,nan,nan,False,map,False,0.0,0.0,0.0,False,0.0,0.0,True,unknown,True
25.200000000000003,1,0,,map,,,,nan,nan,nan,nan,False,map,False,0.0,0.0,0.0,False,0.0,0.0,True,unknown,True
25.200000000000003,1,0,,map,,,,nan,nan,nan,nan,False,map,False,0.0,0.0,0.0,False,0.0,0.0,True,unknown,True
25.3,1,0,,map,,,,nan,nan,nan,nan,False,map,False,0.0,0.0,0.0,False,0.0,0.0,True,unknown,True
25.400000000000002,1,0,,map,,,,nan,nan,nan,nan,False,map,False,0.0,0.0,0.0,False,0.0,0.0,True,unknown,True
25.400000000000002,1,0,,map,,,,nan,nan,nan,nan,False,map,False,0.0,0.0,0.0,False,0.0,0.0,True,unknown,True
25.5,1,0,,map,,,,nan,nan,nan,nan,False,map,False,0.0,0.0,0.0,False,0.0,0.0,True,unknown,True
25.6,1,0,,map,,,,nan,nan,nan,nan,False,map,False,0.0,0.0,0.0,False,0.0,0.0,True,unknown,True
25.6,1,0,,map,,,,nan,nan,nan,nan,False,map,False,0.0,0.0,0.0,False,0.0,0.0,True,unknown,True
25.700000000000003,1,0,,map,,,,nan,nan,nan,nan,False,map,False,0.0,0.0,0.0,False,0.0,0.0,True,unknown,True
25.8,1,0,,map,,,,nan,nan,nan,nan,False,map,False,0.0,0.0,0.0,False,0.0,0.0,True,unknown,True
25.8,1,0,,map,,,,nan,nan,nan,nan,False,map,False,0.0,0.0,0.0,False,0.0,0.0,True,unknown,True
25.900000000000002,1,0,,map,,,,nan,nan,nan,nan,False,map,False,0.0,0.0,0.0,False,0.0,0.0,True,unknown,True
26.0,1,0,,map,,,,nan,nan,nan,nan,False,map,False,0.0,0.0,0.0,False,0.0,0.0,True,unknown,True
26.0,1,0,,map,,,,nan,nan,nan,nan,False,map,False,0.0,0.0,0.0,False,0.0,0.0,True,unknown,True
26.1,1,0,,map,,,,nan,nan,nan,nan,False,map,False,0.0,0.0,0.0,False,0.0,0.24,True,unknown,True
