time_sec,trial_id,goal_x,goal_y,goal_yaw,robot_x,robot_y,robot_yaw,target_error_m,nav_state,nav_success
1.5,1,1.0,0.0,0.0,-2.0934221606438917e-20,2.808691786585286e-24,4.0601143545233094e-24,1.0,IDLE_NO_GOAL,False
1.5,1,1.0,0.0,0.0,-2.0934221606438917e-20,2.808691786585286e-24,4.0601143545233094e-24,1.0,IDLE_NO_GOAL,False
1.5,1,1.0,0.0,0.0,-2.0934221606438917e-20,2.808691786585286e-24,4.0601143545233094e-24,1.0,GOAL_RECEIVED frame=odom x=1.000 y=0.000,False
1.6,1,1.0,0.0,0.0,-2.225241114925336e-19,1.5677490144636132e-23,6.224933615469759e-24,1.0,TRACKING distance=1.000 heading_error=0.000 linear=0.350 angular=0.000 ,False
1.6,1,1.0,0.0,0.0,-2.493094562382343e-19,1.761188619473493e-23,1.4403693186252289e-24,1.0,TRACKING distance=1.000 heading_error=0.000 linear=0.350 angular=0.000 ,False
1.7000000000000002,1,1.0,0.0,0.0,1.2328211728493797e-05,3.241906906896924e-06,-5.013840889863002e-05,0.9999876717935265,TRACKING distance=1.000 heading_error=0.000 linear=0.350 angular=0.000 ,False
1.7000000000000002,1,1.0,0.0,0.0,1.2328211728493797e-05,3.241906906896924e-06,-5.013840889863002e-05,0.9999876717935265,TRACKING distance=1.000 heading_error=0.000 linear=0.350 angular=0.000 ,False
1.8,1,1.0,0.0,0.0,1.4481766794768801e-05,3.6974445437183202e-06,-6.315218763107117e-05,0.9999855182400409,TRACKING distance=1.000 heading_error=0.000 linear=0.350 angular=0.000 ,False
1.8,1,1.0,0.0,0.0,1.4481766794768801e-05,3.6974445437183202e-06,-6.315218763107117e-05,0.9999855182400409,TRACKING distance=1.000 heading_error=0.000 linear=0.350 angular=0.000 ,False
1.9000000000000001,1,1.0,0.0,0.0,0.007139116905942613,4.314014384134216e-06,-6.407864398553756e-05,0.9928608831034297,TRACKING distance=0.993 heading_error=0.000 linear=0.350 angular=0.000 ,False
1.9000000000000001,1,1.0,0.0,0.0,0.007139116905942613,4.314014384134216e-06,-6.407864398553756e-05,0.9928608831034297,TRACKING distance=0.993 heading_error=0.000 linear=0.350 angular=0.000 ,False
2.0,1,1.0,0.0,0.0,0.025819729581105975,3.2038646710020424e-06,-7.476834764676078e-05,0.9741802704241624,TRACKING distance=0.974 heading_error=0.000 linear=0.350 angular=0.000 ,False
2.0,1,1.0,0.0,0.0,0.025819729581105975,3.2038646710020424e-06,-7.476834764676078e-05,0.9741802704241624,TRACKING distance=0.974 heading_error=0.000 linear=0.350 angular=0.000 ,False
2.1,1,1.0,0.0,0.0,0.044998080464801235,3.416775361299456e-06,-7.619276770378569e-05,0.955001919541311,TRACKING distance=0.955 heading_error=0.000 linear=0.350 angular=0.000 ,False
2.1,1,1.0,0.0,0.0,0.044998080464801235,3.416775361299456e-06,-7.619276770378569e-05,0.955001919541311,TRACKING distance=0.955 heading_error=0.000 linear=0.350 angular=0.000 ,False
2.2,1,1.0,0.0,0.0,0.06417409312151093,2.324631453171507e-06,-8.293445138520359e-05,0.9358259068813763,TRACKING distance=0.936 heading_error=0.000 linear=0.350 angular=0.000 ,False
2.2,1,1.0,0.0,0.0,0.06417409312151093,2.324631453171507e-06,-8.293445138520359e-05,0.9358259068813763,TRACKING distance=0.936 heading_error=0.000 linear=0.350 angular=0.000 ,False
2.3000000000000003,1,1.0,0.0,0.0,0.08335154124067062,-8.093956572840758e-07,-8.030756837918534e-05,0.9166484587596867,TRACKING distance=0.917 heading_error=0.000 linear=0.350 angular=0.000 ,False
2.3000000000000003,1,1.0,0.0,0.0,0.08526978132257816,-7.651106693159507e-07,-8.035059988891379e-05,0.9147302186777418,TRACKING distance=0.917 heading_error=0.000 linear=0.350 angular=0.000 ,False
2.4000000000000004,1,1.0,0.0,0.0,0.10252826579552966,-2.2168851004057373e-06,-8.310908215349964e-05,0.8974717342072084,TRACKING distance=0.897 heading_error=0.000 linear=0.350 angular=0.000 ,False
2.4000000000000004,1,1.0,0.0,0.0,0.10252826579552966,-2.2168851004057373e-06,-8.310908215349964e-05,0.8974717342072084,TRACKING distance=0.897 heading_error=0.000 linear=0.350 angular=0.000 ,False
2.5,1,1.0,0.0,0.0,0.12170402682507794,-3.9162895471803185e-06,-7.944921204283539e-05,0.8782959731836534,TRACKING distance=0.878 heading_error=0.000 linear=0.350 angular=0.000 ,False
2.5,1,1.0,0.0,0.0,0.12170402682507794,-3.9162895471803185e-06,-7.944921204283539e-05,0.8782959731836534,TRACKING distance=0.878 heading_error=0.000 linear=0.350 angular=0.000 ,False
2.6,1,1.0,0.0,0.0,0.14087941559488415,-5.352488375109531e-06,-8.423570611446961e-05,0.8591205844217894,TRACKING distance=0.859 heading_error=0.000 linear=0.350 angular=0.000 ,False
2.6,1,1.0,0.0,0.0,0.14087941559488415,-5.352488375109531e-06,-8.423570611446961e-05,0.8591205844217894,TRACKING distance=0.859 heading_error=0.000 linear=0.350 angular=0.000 ,False
2.7,1,1.0,0.0,0.0,0.16005536907005927,-6.948909836948316e-06,-8.663343734367269e-05,0.8399446309586851,TRACKING distance=0.840 heading_error=0.000 linear=0.350 angular=0.000 ,False
2.7,1,1.0,0.0,0.0,0.16005536907005927,-6.948909836948316e-06,-8.663343734367269e-05,0.8399446309586851,TRACKING distance=0.840 heading_error=0.000 linear=0.350 angular=0.000 ,False
2.8000000000000003,1,1.0,0.0,0.0,0.1792306413720237,-8.924692178253795e-06,-8.723962514016077e-05,0.8207693586764979,TRACKING distance=0.821 heading_error=0.000 linear=0.350 angular=0.000 ,False
2.8000000000000003,1,1.0,0.0,0.0,0.1792306413720237,-8.924692178253795e-06,-8.723962514016077e-05,0.8207693586764979,TRACKING distance=0.821 heading_error=0.000 linear=0.350 angular=0.000 ,False
2.9000000000000004,1,1.0,0.0,0.0,0.1984073678633229,-7.715530356719602e-06,-0.00010001640473821153,0.801592632173809,TRACKING distance=0.802 heading_error=0.000 linear=0.350 angular=0.000 ,False
2.9000000000000004,1,1.0,0.0,0.0,0.1984073678633229,-7.715530356719602e-06,-0.00010001640473821153,0.801592632173809,TRACKING distance=0.802 heading_error=0.000 linear=0.350 angular=0.000 ,False
3.0,1,1.0,0.0,0.0,0.21758496358447765,-1.0871824082315364e-05,-0.00011218407440888137,0.7824150364910555,TRACKING distance=0.782 heading_error=0.000 linear=0.350 angular=0.000 ,False
3.0,1,1.0,0.0,0.0,0.21758496358447765,-1.0871824082315364e-05,-0.00011218407440888137,0.7824150364910555,TRACKING distance=0.782 heading_error=0.000 linear=0.350 angular=0.000 ,False
3.1,1,1.0,0.0,0.0,0.23676146283988325,-1.2838790673750234e-05,-0.00011217358423718523,0.7632385372681003,TRACKING distance=0.763 heading_error=0.000 linear=0.350 angular=0.000 ,False
3.1,1,1.0,0.0,0.0,0.23676146283988325,-1.2838790673750234e-05,-0.00011217358423718523,0.7632385372681003,TRACKING distance=0.763 heading_error=0.000 linear=0.350 angular=0.000 ,False
3.2,1,1.0,0.0,0.0,0.25593655092890716,-1.5849013652569706e-05,-0.00010893270227359845,0.7440634492398898,TRACKING distance=0.744 heading_error=0.000 linear=0.350 angular=0.000 ,False
3.2,1,1.0,0.0,0.0,0.25785282773733226,-1.4643123243566603e-05,-0.0001100499862243494,0.7421471724071277,TRACKING distance=0.744 heading_error=0.000 linear=0.350 angular=0.000 ,False
3.3000000000000003,1,1.0,0.0,0.0,0.27511152405884753,-1.7533399024900883e-05,-0.00011784452457014902,0.724888476153199,TRACKING distance=0.725 heading_error=0.000 linear=0.350 angular=0.000 ,False
3.3000000000000003,1,1.0,0.0,0.0,0.2770291726505942,-1.750926247395371e-05,-0.00011659981965791492,0.7229708275614297,TRACKING distance=0.725 heading_error=0.000 linear=0.350 angular=0.000 ,False
3.4000000000000004,1,1.0,0.0,0.0,0.29428669238369765,-1.8537448868887144e-05,-0.00011467070026405373,0.7057133078597702,TRACKING distance=0.706 heading_error=0.000 linear=0.350 angular=0.000 ,False
3.4000000000000004,1,1.0,0.0,0.0,0.29428669238369765,-1.8537448868887144e-05,-0.00011467070026405373,0.7057133078597702,TRACKING distance=0.706 heading_error=0.000 linear=0.350 angular=0.000 ,False
3.5,1,1.0,0.0,0.0,0.31346276113247806,-2.0962939024321466e-05,-0.00011556466333585972,0.6865372391875664,TRACKING distance=0.687 heading_error=0.000 linear=0.350 angular=0.000 ,False
3.5,1,1.0,0.0,0.0,0.31346276113247806,-2.0962939024321466e-05,-0.00011556466333585972,0.6865372391875664,TRACKING distance=0.687 heading_error=0.000 linear=0.350 angular=0.000 ,False
3.6,1,1.0,0.0,0.0,0.33263917252887704,-2.469656072039822e-05,-0.00011203880277060402,0.6673608279280872,TRACKING distance=0.667 heading_error=0.000 linear=0.350 angular=0.000 ,False
3.6,1,1.0,0.0,0.0,0.33263917252887704,-2.469656072039822e-05,-0.00011203880277060402,0.6673608279280872,TRACKING distance=0.667 heading_error=0.000 linear=0.350 angular=0.000 ,False
3.7,1,1.0,0.0,0.0,0.3518160631785412,-2.6626634476526143e-05,-0.00011246329827001171,0.6481839373683542,TRACKING distance=0.648 heading_error=0.000 linear=0.350 angular=0.000 ,False
3.7,1,1.0,0.0,0.0,0.3518160631785412,-2.6626634476526143e-05,-0.00011246329827001171,0.6481839373683542,TRACKING distance=0.648 heading_error=0.000 linear=0.350 angular=0.000 ,False
3.8000000000000003,1,1.0,0.0,0.0,0.3709928000032779,-2.953782573203053e-05,-0.00011177921451940726,0.6290072006902621,TRACKING distance=0.629 heading_error=0.000 linear=0.346 angular=0.000 ,False
3.8000000000000003,1,1.0,0.0,0.0,0.3709928000032779,-2.953782573203053e-05,-0.00011177921451940726,0.6290072006902621,TRACKING distance=0.629 heading_error=0.000 linear=0.346 angular=0.000 ,False
3.9000000000000004,1,1.0,0.0,0.0,0.3901677572918428,-2.9979109208178764e-05,-0.00010827928739232403,0.6098322434450378,TRACKING distance=0.610 heading_error=0.000 linear=0.335 angular=0.000 ,False
3.9000000000000004,1,1.0,0.0,0.0,0.3901677572918428,-2.9979109208178764e-05,-0.00010827928739232403,0.6098322434450378,TRACKING distance=0.610 heading_error=0.000 linear=0.335 angular=0.000 ,False
4.0,1,1.0,0.0,0.0,0.40934458158475184,-3.417217395597644e-05,-0.00011022635989524201,0.5906554194037581,TRACKING distance=0.591 heading_error=0.000 linear=0.325 angular=0.000 ,False
4.0,1,1.0,0.0,0.0,0.40934458158475184,-3.417217395597644e-05,-0.00011022635989524201,0.5906554194037581,TRACKING distance=0.591 heading_error=0.000 linear=0.325 angular=0.000 ,False
4.1000000000000005,1,1.0,0.0,0.0,0.43043505562869455,-3.6735711336354505e-05,-0.00011029185139142931,0.5695649455559926,TRACKING distance=0.571 heading_error=0.000 linear=0.314 angular=0.000 ,False
4.1000000000000005,1,1.0,0.0,0.0,0.43043505562869455,-3.6735711336354505e-05,-0.00011029185139142931,0.5695649455559926,TRACKING distance=0.571 heading_error=0.000 linear=0.314 angular=0.000 ,False
4.2,1,1.0,0.0,0.0,0.44769435337256286,-3.858321804155905e-05,-0.00011117222445558767,0.5523056479751192,TRACKING distance=0.552 heading_error=0.000 linear=0.304 angular=0.000 ,False
4.2,1,1.0,0.0,0.0,0.44960994225438095,-3.778533667330474e-05,-0.00010939778254440935,0.5503900590426372,TRACKING distance=0.552 heading_error=0.000 linear=0.304 angular=0.000 ,False
4.300000000000001,1,1.0,0.0,0.0,0.46686950503786523,-4.044887884120593e-05,-0.00012856680522194816,0.5331304964965731,TRACKING distance=0.533 heading_error=0.000 linear=0.293 angular=0.000 ,False
4.300000000000001,1,1.0,0.0,0.0,0.46686950503786523,-4.044887884120593e-05,-0.00012856680522194816,0.5331304964965731,TRACKING distance=0.533 heading_error=0.000 linear=0.293 angular=0.000 ,False
4.4,1,1.0,0.0,0.0,0.48604488666741397,-4.251207668652799e-05,-0.0001277742440976733,0.5139551150907908,TRACKING distance=0.514 heading_error=0.000 linear=0.283 angular=0.000 ,False
4.4,1,1.0,0.0,0.0,0.48604488666741397,-4.251207668652799e-05,-0.0001277742440976733,0.5139551150907908,TRACKING distance=0.514 heading_error=0.000 linear=0.283 angular=0.000 ,False
4.5,1,1.0,0.0,0.0,0.505219572564974,-4.5904705723198046e-05,-0.0001292198012656354,0.4947804295644979,TRACKING distance=0.495 heading_error=0.000 linear=0.272 angular=0.000 ,False
4.5,1,1.0,0.0,0.0,0.505219572564974,-4.5904705723198046e-05,-0.0001292198012656354,0.4947804295644979,TRACKING distance=0.495 heading_error=0.000 linear=0.272 angular=0.000 ,False
4.6000000000000005,1,1.0,0.0,0.0,0.524393370046039,-4.8109396930536436e-05,-0.00012915220768551695,0.47560663238718404,TRACKING distance=0.476 heading_error=0.000 linear=0.262 angular=0.000 ,False
4.6000000000000005,1,1.0,0.0,0.0,0.524393370046039,-4.8109396930536436e-05,-0.00012915220768551695,0.47560663238718404,TRACKING distance=0.476 heading_error=0.000 linear=0.262 angular=0.000 ,False
4.7,1,1.0,0.0,0.0,0.5435687536606736,-4.9620734664196444e-05,-0.0001278894703098584,0.4564312490365753,TRACKING distance=0.456 heading_error=0.000 linear=0.251 angular=0.000 ,False
4.7,1,1.0,0.0,0.0,0.5435687536606736,-4.9620734664196444e-05,-0.0001278894703098584,0.4564312490365753,TRACKING distance=0.456 heading_error=0.000 linear=0.251 angular=0.000 ,False
4.800000000000001,1,1.0,0.0,0.0,0.5646644021122769,-5.2053015810062594e-05,-0.0001271545105234015,0.43533560099970897,TRACKING distance=0.437 heading_error=0.000 linear=0.240 angular=0.000 ,False
4.800000000000001,1,1.0,0.0,0.0,0.5646644021122769,-5.2053015810062594e-05,-0.0001271545105234015,0.43533560099970897,TRACKING distance=0.437 heading_error=0.000 linear=0.240 angular=0.000 ,False
4.9,1,1.0,0.0,0.0,0.5819211225227237,-5.4412113352124975e-05,-0.00012468564268358306,0.41807888101808915,TRACKING distance=0.418 heading_error=0.000 linear=0.230 angular=0.000 ,False
4.9,1,1.0,0.0,0.0,0.5819211225227237,-5.4412113352124975e-05,-0.00012468564268358306,0.41807888101808915,TRACKING distance=0.418 heading_error=0.000 linear=0.230 angular=0.000 ,False
5.0,1,1.0,0.0,0.0,0.6030154309958616,-5.852465865325101e-05,-0.00012574910176354085,0.3969845733180789,TRACKING distance=0.399 heading_error=0.000 linear=0.219 angular=0.000 ,False
5.0,1,1.0,0.0,0.0,0.6030154309958616,-5.852465865325101e-05,-0.00012574910176354085,0.3969845733180789,TRACKING distance=0.399 heading_error=0.000 linear=0.219 angular=0.000 ,False
5.1000000000000005,1,1.0,0.0,0.0,0.6202770497856568,-6.143981107431378e-05,-0.00012408914402623202,0.3797229551848755,TRACKING distance=0.380 heading_error=0.000 linear=0.209 angular=0.000 ,False
5.1000000000000005,1,1.0,0.0,0.0,0.6202770497856568,-6.143981107431378e-05,-0.00012408914402623202,0.3797229551848755,TRACKING distance=0.380 heading_error=0.000 linear=0.209 angular=0.000 ,False
5.1000000000000005,1,0.6260299809448249,-6.24045510126012e-05,-2.865010707872253,0.6260299809448249,-6.24045510126012e-05,-0.00012405591574634066,0.0,OBJECT_GOAL_PUBLISHED,
5.2,1,0.6260299809448249,-6.24045510126012e-05,-2.865010707872253,0.6413663223912014,-6.249222121801955e-05,-0.00012242075662447543,0.015336341446627105,TRACKING distance=0.361 heading_error=0.000 linear=0.198 angular=0.000 ,False
5.2,1,0.6260299809448249,-6.24045510126012e-05,-2.865010707872253,0.6413663223912014,-6.249222121801955e-05,-0.00012242075662447543,0.015336341446627105,TRACKING distance=0.361 heading_error=0.000 linear=0.198 angular=0.000 ,False
5.2,1,0.6260299809448249,-6.24045510126012e-05,-2.865010707872253,0.6413663223912014,-6.249222121801955e-05,-0.00012242075662447543,0.015336341446627105,GOAL_RECEIVED frame=odom x=0.626 y=-0.000,False
5.300000000000001,1,0.6260299809448249,-6.24045510126012e-05,-2.865010707872253,0.6586262755242223,-6.683563762457432e-05,-0.0001227782648810589,0.032596294880574694,ALIGN_YAW distance=0.033 yaw_error=-2.865,False
5.300000000000001,1,0.6260299809448249,-6.24045510126012e-05,-2.865010707872253,0.6605430169273331,-6.649877487642679e-05,-0.00012373371271035967,0.034513036225353684,ALIGN_YAW distance=0.033 yaw_error=-2.865,False
5.4,1,0.6260299809448249,-6.24045510126012e-05,-2.865010707872253,0.6778010239122325,-6.941947903826779e-05,-0.00012297491018986332,0.05177104344266574,ALIGN_YAW distance=0.052 yaw_error=-2.865,False
5.4,1,0.6260299809448249,-6.24045510126012e-05,-2.865010707872253,0.6778010239122325,-6.941947903826779e-05,-0.00012297491018986332,0.05177104344266574,ALIGN_YAW distance=0.052 yaw_error=-2.865,False
5.5,1,0.6260299809448249,-6.24045510126012e-05,-2.865010707872253,0.6896864538029612,-4.834565362205179e-05,-0.0005636671723871538,0.06365647441063044,ALIGN_YAW distance=0.064 yaw_error=-2.864,False
5.5,1,0.6260299809448249,-6.24045510126012e-05,-2.865010707872253,0.6896864538029612,-4.834565362205179e-05,-0.0005636671723871538,0.06365647441063044,ALIGN_YAW distance=0.064 yaw_error=-2.864,False
5.6000000000000005,1,0.6260299809448249,-6.24045510126012e-05,-2.865010707872253,0.6934404941766652,-4.097962759861979e-05,-0.011001949550102492,0.06741051663655652,ALIGN_YAW distance=0.067 yaw_error=-2.856,False
5.6000000000000005,1,0.6260299809448249,-6.24045510126012e-05,-2.865010707872253,0.6934404941766652,-4.097962759861979e-05,-0.011001949550102492,0.06741051663655652,ALIGN_YAW distance=0.067 yaw_error=-2.856,False
5.7,1,0.6260299809448249,-6.24045510126012e-05,-2.865010707872253,0.6930982307629003,-0.00012134631215268536,-0.027003181802741347,0.06706827571803964,ALIGN_YAW distance=0.067 yaw_error=-2.838,False
5.7,1,0.6260299809448249,-6.24045510126012e-05,-2.865010707872253,0.6930982307629003,-0.00012134631215268536,-0.027003181802741347,0.06706827571803964,ALIGN_YAW distance=0.067 yaw_error=-2.838,False
5.800000000000001,1,0.6260299809448249,-6.24045510126012e-05,-2.865010707872253,0.6932665003398758,-0.00035995093617631105,-0.050242691077591724,0.0672371777680502,ALIGN_YAW distance=0.067 yaw_error=-2.815,False
5.800000000000001,1,0.6260299809448249,-6.24045510126012e-05,-2.865010707872253,0.6930160762697919,-0.000507993842223534,-0.05279455207492726,0.06698757733118887,ALIGN_YAW distance=0.067 yaw_error=-2.815,False
5.9,1,0.6260299809448249,-6.24045510126012e-05,-2.865010707872253,0.6932334351596462,-0.0005022847473371114,-0.07402345649826307,0.06720489381727125,ALIGN_YAW distance=0.067 yaw_error=-2.791,False
5.9,1,0.6260299809448249,-6.24045510126012e-05,-2.865010707872253,0.6932334351596462,-0.0005022847473371114,-0.07402345649826307,0.06720489381727125,ALIGN_YAW distance=0.067 yaw_error=-2.791,False
6.0,1,0.6260299809448249,-6.24045510126012e-05,-2.865010707872253,0.6935224663608652,-0.0013664114527922335,-0.0979950331820444,0.06750508145046794,ALIGN_YAW distance=0.068 yaw_error=-2.767,False
6.0,1,0.6260299809448249,-6.24045510126012e-05,-2.865010707872253,0.6935224663608652,-0.0013664114527922335,-0.0979950331820444,0.06750508145046794,ALIGN_YAW distance=0.068 yaw_error=-2.767,False
6.1000000000000005,1,0.6260299809448249,-6.24045510126012e-05,-2.865010707872253,0.6931892561068221,-0.0015549666687335875,-0.12393473101252989,0.0671758586246586,ALIGN_YAW distance=0.067 yaw_error=-2.741,False
6.1000000000000005,1,0.6260299809448249,-6.24045510126012e-05,-2.865010707872253,0.6931892561068221,-0.0015549666687335875,-0.12393473101252989,0.0671758586246586,ALIGN_YAW distance=0.067 yaw_error=-2.741,False
6.2,1,0.6260299809448249,-6.24045510126012e-05,-2.865010707872253,0.6933185312845442,-0.0009954791016273858,-0.14505195888525813,0.06729501939176444,ALIGN_YAW distance=0.067 yaw_error=-2.720,False
6.2,1,0.6260299809448249,-6.24045510126012e-05,-2.865010707872253,0.6933251637904068,-0.0009875422379084493,-0.14717315649315696,0.06730154169081132,ALIGN_YAW distance=0.067 yaw_error=-2.720,False
6.300000000000001,1,0.6260299809448249,-6.24045510126012e-05,-2.865010707872253,0.6941133829186721,-0.0014882975009691804,-0.1674250227686081,0.06809833180803476,ALIGN_YAW distance=0.068 yaw_error=-2.698,False
6.300000000000001,1,0.6260299809448249,-6.24045510126012e-05,-2.865010707872253,0.6941133829186721,-0.0014882975009691804,-0.1674250227686081,0.06809833180803476,ALIGN_YAW distance=0.068 yaw_error=-2.698,False
6.4,1,0.6260299809448249,-6.24045510126012e-05,-2.865010707872253,0.6933962548745018,-0.0023283970549180517,-0.18841815519827,0.06740437363551442,ALIGN_YAW distance=0.067 yaw_error=-2.677,False
6.4,1,0.6260299809448249,-6.24045510126012e-05,-2.865010707872253,0.6933455474272826,-0.002294209900349232,-0.19017460676182954,0.06735255337380695,ALIGN_YAW distance=0.067 yaw_error=-2.677,False
6.5,1,0.6260299809448249,-6.24045510126012e-05,-2.865010707872253,0.6936094301413275,-0.0012986307566032716,-0.20811494528578076,0.0675907553511134,ALIGN_YAW distance=0.068 yaw_error=-2.657,False
6.5,1,0.6260299809448249,-6.24045510126012e-05,-2.865010707872253,0.6935889678014799,-0.0009450960182948541,-0.21010795429190862,0.06756475301016134,ALIGN_YAW distance=0.068 yaw_error=-2.657,False
6.6000000000000005,1,0.6260299809448249,-6.24045510126012e-05,-2.865010707872253,0.6945414973972989,-0.0011756217950462662,-0.23046394842023799,0.06852055997472604,ALIGN_YAW distance=0.069 yaw_error=-2.635,False
6.6000000000000005,1,0.6260299809448249,-6.24045510126012e-05,-2.865010707872253,0.6948201112871427,-0.0011339588154234768,-0.23286377671688788,0.06879847571752339,ALIGN_YAW distance=0.069 yaw_error=-2.635,False
6.7,1,0.6260299809448249,-6.24045510126012e-05,-2.865010707872253,0.6945113614641331,-0.0017356411150424287,-0.25486417461923255,0.0685018189424886,ALIGN_YAW distance=0.069 yaw_error=-2.610,False
6.7,1,0.6260299809448249,-6.24045510126012e-05,-2.865010707872253,0.6945113614641331,-0.0017356411150424287,-0.25486417461923255,0.0685018189424886,ALIGN_YAW distance=0.069 yaw_error=-2.610,False
6.800000000000001,1,0.6260299809448249,-6.24045510126012e-05,-2.865010707872253,0.694725352194455,-0.0015209135315627223,-0.27747287504261603,0.06871085270589247,ALIGN_YAW distance=0.069 yaw_error=-2.588,False
6.800000000000001,1,0.6260299809448249,-6.24045510126012e-05,-2.865010707872253,0.694725352194455,-0.0015209135315627223,-0.27747287504261603,0.06871085270589247,ALIGN_YAW distance=0.069 yaw_error=-2.588,False
6.9,1,0.6260299809448249,-6.24045510126012e-05,-2.865010707872253,0.6958145044900274,-0.0015093385505088174,-0.2981434903345808,0.06979952252293577,ALIGN_YAW distance=0.070 yaw_error=-2.567,False
6.9,1,0.6260299809448249,-6.24045510126012e-05,-2.865010707872253,0.6958145044900274,-0.0015093385505088174,-0.2981434903345808,0.06979952252293577,ALIGN_YAW distance=0.070 yaw_error=-2.567,False
7.0,1,0.6260299809448249,-6.24045510126012e-05,-2.865010707872253,0.6958838204343033,-0.0014837448844997063,-0.32023133021675254,0.06986829824580969,ALIGN_YAW distance=0.070 yaw_error=-2.545,False
7.0,1,0.6260299809448249,-6.24045510126012e-05,-2.865010707872253,0.6961878634408684,-0.0013918559553471686,-0.32229327741276453,0.07017047753411068,ALIGN_YAW distance=0.070 yaw_error=-2.545,False
7.1000000000000005,1,0.6260299809448249,-6.24045510126012e-05,-2.865010707872253,0.6959822669984935,-0.002057513331374998,-0.34204128907762765,0.06998073151360855,ALIGN_YAW distance=0.070 yaw_error=-2.523,False
7.1000000000000005,1,0.6260299809448249,-6.24045510126012e-05,-2.865010707872253,0.6957765579641734,-0.0020371289366346453,-0.34467025845647925,0.06977452645711817,ALIGN_YAW distance=0.070 yaw_error=-2.523,False
7.2,1,0.6260299809448249,-6.24045510126012e-05,-2.865010707872253,0.6962493966613146,-0.0014101226280747242,-0.3665567296370135,0.07023234787176377,ALIGN_YAW distance=0.070 yaw_error=-2.498,False
7.2,1,0.6260299809448249,-6.24045510126012e-05,-2.865010707872253,0.6962493966613146,-0.0014101226280747242,-0.3665567296370135,0.07023234787176377,ALIGN_YAW distance=0.070 yaw_error=-2.498,False
7.300000000000001,1,0.6260299809448249,-6.24045510126012e-05,-2.865010707872253,0.6971865684061604,-0.001744035204705363,-0.3870589435757302,0.07117645552286331,ALIGN_YAW distance=0.071 yaw_error=-2.478,False
7.300000000000001,1,0.6260299809448249,-6.24045510126012e-05,-2.865010707872253,0.6971865684061604,-0.001744035204705363,-0.3870589435757302,0.07117645552286331,ALIGN_YAW distance=0.071 yaw_error=-2.478,False
7.4,1,0.6260299809448249,-6.24045510126012e-05,-2.865010707872253,0.6968770623847826,-0.0023995878382544206,-0.40994955653709253,0.07088562177394067,ALIGN_YAW distance=0.071 yaw_error=-2.455,False
7.4,1,0.6260299809448249,-6.24045510126012e-05,-2.865010707872253,0.6968770623847826,-0.0023995878382544206,-0.40994955653709253,0.07088562177394067,ALIGN_YAW distance=0.071 yaw_error=-2.455,False
7.500000000000001,1,0.6260299809448249,-6.24045510126012e-05,-2.865010707872253,0.6968297352014619,-0.0024755397374150007,-0.43701012495565855,0.07084086690765465,ALIGN_YAW distance=0.071 yaw_error=-2.430,False
7.500000000000001,1,0.6260299809448249,-6.24045510126012e-05,-2.865010707872253,0.6968297352014619,-0.0024755397374150007,-0.43701012495565855,0.07084086690765465,ALIGN_YAW distance=0.071 yaw_error=-2.430,False
7.6000000000000005,1,0.6260299809448249,-6.24045510126012e-05,-2.865010707872253,0.697234753951347,-0.0027422284132150904,-0.45855281781677754,0.07125518335421485,ALIGN_YAW distance=0.071 yaw_error=-2.406,False
7.6000000000000005,1,0.6260299809448249,-6.24045510126012e-05,-2.865010707872253,0.6971101131208952,-0.0030610714643330506,-0.46040493565457963,0.07114335663591277,ALIGN_YAW distance=0.071 yaw_error=-2.406,False
7.7,1,0.6260299809448249,-6.24045510126012e-05,-2.865010707872253,0.6970429957436642,-0.0036005661371265375,-0.48196831191507306,0.07110110307322687,ALIGN_YAW distance=0.071 yaw_error=-2.383,False
7.7,1,0.6260299809448249,-6.24045510126012e-05,-2.865010707872253,0.6970429957436642,-0.0036005661371265375,-0.48196831191507306,0.07110110307322687,ALIGN_YAW distance=0.071 yaw_error=-2.383,False
7.800000000000001,1,0.6260299809448249,-6.24045510126012e-05,-2.865010707872253,0.6968403350747236,-0.003949445114361426,-0.5067036633164294,0.0709169608510037,ALIGN_YAW distance=0.071 yaw_error=-2.358,False
7.800000000000001,1,0.6260299809448249,-6.24045510126012e-05,-2.865010707872253,0.6968403350747236,-0.003949445114361426,-0.5067036633164294,0.0709169608510037,ALIGN_YAW distance=0.071 yaw_error=-2.358,False
7.9,1,0.6260299809448249,-6.24045510126012e-05,-2.865010707872253,0.696487295656829,-0.004284201469992692,-0.5288949667428184,0.07058368625717631,ALIGN_YAW distance=0.071 yaw_error=-2.336,False
7.9,1,0.6260299809448249,-6.24045510126012e-05,-2.865010707872253,0.696487295656829,-0.004284201469992692,-0.5288949667428184,0.07058368625717631,ALIGN_YAW distance=0.071 yaw_error=-2.336,False
8.0,1,0.6260299809448249,-6.24045510126012e-05,-2.865010707872253,0.6964981883991883,-0.004087348272582433,-0.5571458813481227,0.0705830605300805,ALIGN_YAW distance=0.071 yaw_error=-2.310,False
8.0,1,0.6260299809448249,-6.24045510126012e-05,-2.865010707872253,0.6964981883991883,-0.004087348272582433,-0.5571458813481227,0.0705830605300805,ALIGN_YAW distance=0.071 yaw_error=-2.310,False
8.1,1,0.6260299809448249,-6.24045510126012e-05,-2.865010707872253,0.6966677078456293,-0.004298467059713036,-0.5844088952391656,0.07076462878649362,ALIGN_YAW distance=0.071 yaw_error=-2.284,False
8.1,1,0.6260299809448249,-6.24045510126012e-05,-2.865010707872253,0.6966677078456293,-0.004298467059713036,-0.5844088952391656,0.07076462878649362,ALIGN_YAW distance=0.071 yaw_error=-2.284,False
8.200000000000001,1,0.6260299809448249,-6.24045510126012e-05,-2.865010707872253,0.6974813702204117,-0.00456048630844785,-0.6083541544559117,0.07159283322308185,ALIGN_YAW distance=0.072 yaw_error=-2.257,False
8.200000000000001,1,0.6260299809448249,-6.24045510126012e-05,-2.865010707872253,0.6974813702204117,-0.00456048630844785,-0.6083541544559117,0.07159283322308185,ALIGN_YAW distance=0.072 yaw_error=-2.257,False
8.3,1,0.6260299809448249,-6.24045510126012e-05,-2.865010707872253,0.6979062527416368,-0.003960237055260062,-0.6338660578053539,0.07198188345438276,ALIGN_YAW distance=0.072 yaw_error=-2.231,False
8.3,1,0.6260299809448249,-6.24045510126012e-05,-2.865010707872253,0.6979062527416368,-0.003960237055260062,-0.6338660578053539,0.07198188345438276,ALIGN_YAW distance=0.072 yaw_error=-2.231,False
8.4,1,0.6260299809448249,-6.24045510126012e-05,-2.865010707872253,0.6987827075269601,-0.003983306989033555,-0.6592160182137524,0.07285830564227672,ALIGN_YAW distance=0.073 yaw_error=-2.206,False
8.4,1,0.6260299809448249,-6.24045510126012e-05,-2.865010707872253,0.6987827075269601,-0.003983306989033555,-0.6592160182137524,0.07285830564227672,ALIGN_YAW distance=0.073 yaw_error=-2.206,False
8.5,1,0.6260299809448249,-6.24045510126012e-05,-2.865010707872253,0.6984629122738278,-0.004345567717168075,-0.6866213668486745,0.07255945856757733,ALIGN_YAW distance=0.073 yaw_error=-2.178,False
8.5,1,0.6260299809448249,-6.24045510126012e-05,-2.865010707872253,0.6984629122738278,-0.004345567717168075,-0.6866213668486745,0.07255945856757733,ALIGN_YAW distance=0.073 yaw_error=-2.178,False
8.600000000000001,1,0.6260299809448249,-6.24045510126012e-05,-2.865010707872253,0.699067604481869,-0.00482491562848395,-0.713550527101111,0.0731927316316451,ALIGN_YAW distance=0.073 yaw_error=-2.151,False
8.600000000000001,1,0.6260299809448249,-6.24045510126012e-05,-2.865010707872253,0.6991281403681693,-0.005141496600812037,-0.7162029482453433,0.07327440267331431,ALIGN_YAW distance=0.073 yaw_error=-2.151,False
8.700000000000001,1,0.6260299809448249,-6.24045510126012e-05,-2.865010707872253,0.6999137853397529,-0.004362209242927318,-0.7408774651597929,0.07400881617926744,ALIGN_YAW distance=0.074 yaw_error=-2.124,False
8.700000000000001,1,0.6260299809448249,-6.24045510126012e-05,-2.865010707872253,0.6999137853397529,-0.004362209242927318,-0.7408774651597929,0.07400881617926744,ALIGN_YAW distance=0.074 yaw_error=-2.124,False
8.8,1,0.6260299809448249,-6.24045510126012e-05,-2.865010707872253,0.7009048022799397,-0.004255839195721128,-0.7669927066400966,0.07499215801725408,ALIGN_YAW distance=0.075 yaw_error=-2.098,False
8.8,1,0.6260299809448249,-6.24045510126012e-05,-2.865010707872253,0.7009048022799397,-0.004255839195721128,-0.7669927066400966,0.07499215801725408,ALIGN_YAW distance=0.075 yaw_error=-2.098,False
8.9,1,0.6260299809448249,-6.24045510126012e-05,-2.865010707872253,0.7006632156156218,-0.004022067649037375,-0.792901627229017,0.07473820073614369,ALIGN_YAW distance=0.075 yaw_error=-2.072,False
8.9,1,0.6260299809448249,-6.24045510126012e-05,-2.865010707872253,0.7006632156156218,-0.004022067649037375,-0.792901627229017,0.07473820073614369,ALIGN_YAW distance=0.075 yaw_error=-2.072,False
9.0,1,0.6260299809448249,-6.24045510126012e-05,-2.865010707872253,0.701666763369572,-0.004375347609543965,-0.8199467324820482,0.07575964845083874,ALIGN_YAW distance=0.076 yaw_error=-2.045,False
9.0,1,0.6260299809448249,-6.24045510126012e-05,-2.865010707872253,0.701666763369572,-0.004375347609543965,-0.8199467324820482,0.07575964845083874,ALIGN_YAW distance=0.076 yaw_error=-2.045,False
9.100000000000001,1,0.6260299809448249,-6.24045510126012e-05,-2.865010707872253,0.701728358504531,-0.004712783521378899,-0.8463902133160645,0.07584108642246523,ALIGN_YAW distance=0.076 yaw_error=-2.019,False
9.100000000000001,1,0.6260299809448249,-6.24045510126012e-05,-2.865010707872253,0.701728358504531,-0.004712783521378899,-0.8463902133160645,0.07584108642246523,ALIGN_YAW distance=0.076 yaw_error=-2.019,False
9.200000000000001,1,0.6260299809448249,-6.24045510126012e-05,-2.865010707872253,0.7015264333183671,-0.005187782833349535,-0.8740419418777382,0.07567023076169105,ALIGN_YAW distance=0.076 yaw_error=-1.991,False
9.200000000000001,1,0.6260299809448249,-6.24045510126012e-05,-2.865010707872253,0.7015264333183671,-0.005187782833349535,-0.8740419418777382,0.07567023076169105,ALIGN_YAW distance=0.076 yaw_error=-1.991,False
9.3,1,0.6260299809448249,-6.24045510126012e-05,-2.865010707872253,0.7026849348363956,-0.005765354796746236,-0.9035914029570159,0.07686680426311573,ALIGN_YAW distance=0.077 yaw_error=-1.961,False
9.3,1,0.6260299809448249,-6.24045510126012e-05,-2.865010707872253,0.7026849348363956,-0.005765354796746236,-0.9035914029570159,0.07686680426311573,ALIGN_YAW distance=0.077 yaw_error=-1.961,False
9.4,1,0.6260299809448249,-6.24045510126012e-05,-2.865010707872253,0.7027351640520828,-0.005912488558865855,-0.9299842289893677,0.07692794419726104,ALIGN_YAW distance=0.077 yaw_error=-1.935,False
9.4,1,0.6260299809448249,-6.24045510126012e-05,-2.865010707872253,0.7027429548650374,-0.005957859365872075,-0.9335135420377823,0.07693917568545461,ALIGN_YAW distance=0.077 yaw_error=-1.935,False
9.5,1,0.6260299809448249,-6.24045510126012e-05,-2.865010707872253,0.7027922803564206,-0.005603336663563788,-0.9623652495085896,0.0769620201114249,ALIGN_YAW distance=0.077 yaw_error=-1.903,False
9.5,1,0.6260299809448249,-6.24045510126012e-05,-2.865010707872253,0.7027506683902822,-0.005610395278069898,-0.9652048495855857,0.07692102497504223,ALIGN_YAW distance=0.077 yaw_error=-1.903,False
9.600000000000001,1,0.6260299809448249,-6.24045510126012e-05,-2.865010707872253,0.7037878773719299,-0.0055457396148740085,-0.9901230662013453,0.07795099370881023,ALIGN_YAW distance=0.078 yaw_error=-1.875,False
9.600000000000001,1,0.6260299809448249,-6.24045510126012e-05,-2.865010707872253,0.7037878773719299,-0.0055457396148740085,-0.9901230662013453,0.07795099370881023,ALIGN_YAW distance=0.078 yaw_error=-1.875,False
9.700000000000001,1,0.6260299809448249,-6.24045510126012e-05,-2.865010707872253,0.70449406826573,-0.006026121283920338,-1.0144088805452312,0.07869039913720728,ALIGN_YAW distance=0.079 yaw_error=-1.851,False
9.700000000000001,1,0.6260299809448249,-6.24045510126012e-05,-2.865010707872253,0.7045404179122429,-0.005711735060913149,-1.0170389377069786,0.07871342736804825,ALIGN_YAW distance=0.079 yaw_error=-1.851,False
9.8,1,0.6260299809448249,-6.24045510126012e-05,-2.865010707872253,0.7046250169268482,-0.006241470844910867,-1.0452193335535152,0.07883755793579562,ALIGN_YAW distance=0.079 yaw_error=-1.823,False
9.8,1,0.6260299809448249,-6.24045510126012e-05,-2.865010707872253,0.7046250169268482,-0.006241470844910867,-1.0452193335535152,0.07883755793579562,ALIGN_YAW distance=0.079 yaw_error=-1.823,False
9.9,1,0.6260299809448249,-6.24045510126012e-05,-2.865010707872253,0.7047527728418087,-0.006520914513644946,-1.0722715962134939,0.0789872794505118,ALIGN_YAW distance=0.079 yaw_error=-1.793,False
9.9,1,0.6260299809448249,-6.24045510126012e-05,-2.865010707872253,0.7047527728418087,-0.006520914513644946,-1.0722715962134939,0.0789872794505118,ALIGN_YAW distance=0.079 yaw_error=-1.793,False
10.0,1,0.6260299809448249,-6.24045510126012e-05,-2.865010707872253,0.7046002340975298,-0.006395998460513228,-1.1027187417185622,0.07882511714098879,ALIGN_YAW distance=0.079 yaw_error=-1.762,False
10.0,1,0.6260299809448249,-6.24045510126012e-05,-2.865010707872253,0.7046002340975298,-0.006395998460513228,-1.1027187417185622,0.07882511714098879,ALIGN_YAW distance=0.079 yaw_error=-1.762,False
10.100000000000001,1,0.6260299809448249,-6.24045510126012e-05,-2.865010707872253,0.7044284853353544,-0.007059543443799687,-1.134716246687412,0.07871013558212711,ALIGN_YAW distance=0.079 yaw_error=-1.730,False
10.100000000000001,1,0.6260299809448249,-6.24045510126012e-05,-2.865010707872253,0.7044284853353544,-0.007059543443799687,-1.134716246687412,0.07871013558212711,ALIGN_YAW distance=0.079 yaw_error=-1.730,False
10.200000000000001,1,0.6260299809448249,-6.24045510126012e-05,-2.865010707872253,0.7045367342575768,-0.006753621434818374,-1.1661001603274401,0.07879138721392975,ALIGN_YAW distance=0.079 yaw_error=-1.699,False
10.200000000000001,1,0.6260299809448249,-6.24045510126012e-05,-2.865010707872253,0.7044799663624643,-0.006777704740882935,-1.1693406680462366,0.07873687489777531,ALIGN_YAW distance=0.079 yaw_error=-1.699,False
10.3,1,0.6260299809448249,-6.24045510126012e-05,-2.865010707872253,0.7041359803473268,-0.006623130754341744,-1.199149150342532,0.07838105811341593,ALIGN_YAW distance=0.078 yaw_error=-1.666,False
10.3,1,0.6260299809448249,-6.24045510126012e-05,-2.865010707872253,0.7041359803473268,-0.006623130754341744,-1.199149150342532,0.07838105811341593,ALIGN_YAW distance=0.078 yaw_error=-1.666,False
10.4,1,0.6260299809448249,-6.24045510126012e-05,-2.865010707872253,0.7048754508350036,-0.006722703985652221,-1.2320688647437732,0.07912627699293161,ALIGN_YAW distance=0.079 yaw_error=-1.633,False
10.4,1,0.6260299809448249,-6.24045510126012e-05,-2.865010707872253,0.7050699738868493,-0.006514118823605062,-1.2352226024497814,0.07930286943944999,ALIGN_YAW distance=0.079 yaw_error=-1.633,False
10.5,1,0.6260299809448249,-6.24045510126012e-05,-2.865010707872253,0.7051133622306156,-0.007172462319324769,-1.2635756679578483,0.07940235586594703,ALIGN_YAW distance=0.079 yaw_error=-1.601,False
10.5,1,0.6260299809448249,-6.24045510126012e-05,-2.865010707872253,0.7051133622306156,-0.007172462319324769,-1.2635756679578483,0.07940235586594703,ALIGN_YAW distance=0.079 yaw_error=-1.601,False
10.600000000000001,1,0.6260299809448249,-6.24045510126012e-05,-2.865010707872253,0.7058955594372648,-0.007381501464445642,-1.2989523261936238,0.0802002481764259,ALIGN_YAW distance=0.080 yaw_error=-1.569,False
10.600000000000001,1,0.6260299809448249,-6.24045510126012e-05,-2.865010707872253,0.7058955594372648,-0.007381501464445642,-1.2989523261936238,0.0802002481764259,ALIGN_YAW distance=0.080 yaw_error=-1.569,False
10.700000000000001,1,0.6260299809448249,-6.24045510126012e-05,-2.865010707872253,0.7056329912958069,-0.007422978440477841,-1.3293763063701969,0.07994258755457465,ALIGN_YAW distance=0.080 yaw_error=-1.536,False
10.700000000000001,1,0.6260299809448249,-6.24045510126012e-05,-2.865010707872253,0.7053868034022963,-0.0076379309461453255,-1.3325656913029567,0.07971758821433321,ALIGN_YAW distance=0.080 yaw_error=-1.536,False
10.8,1,0.6260299809448249,-6.24045510126012e-05,-2.865010707872253,0.7064154461925143,-0.007950787604264598,-1.3629871470850659,0.08077158912812299,ALIGN_YAW distance=0.081 yaw_error=-1.502,False
10.8,1,0.6260299809448249,-6.24045510126012e-05,-2.865010707872253,0.7064154461925143,-0.007950787604264598,-1.3629871470850659,0.08077158912812299,ALIGN_YAW distance=0.081 yaw_error=-1.502,False
10.9,1,0.6260299809448249,-6.24045510126012e-05,-2.865010707872253,0.7065637661321175,-0.007945664729133443,-1.3923581526423854,0.08091870208813864,ALIGN_YAW distance=0.081 yaw_error=-1.473,False
10.9,1,0.6260299809448249,-6.24045510126012e-05,-2.865010707872253,0.7065637661321175,-0.007945664729133443,-1.3923581526423854,0.08091870208813864,ALIGN_YAW distance=0.081 yaw_error=-1.473,False
11.0,1,0.6260299809448249,-6.24045510126012e-05,-2.865010707872253,0.7061766042825135,-0.007770758037073219,-1.4278890906877877,0.0805164576089845,ALIGN_YAW distance=0.080 yaw_error=-1.441,False
11.0,1,0.6260299809448249,-6.24045510126012e-05,-2.865010707872253,0.7061766042825135,-0.007770758037073219,-1.4278890906877877,0.0805164576089845,ALIGN_YAW distance=0.080 yaw_error=-1.441,False
11.100000000000001,1,0.6260299809448249,-6.24045510126012e-05,-2.865010707872253,0.7063529879340198,-0.00764694439987922,-1.4578174564262711,0.08068029930847619,ALIGN_YAW distance=0.081 yaw_error=-1.407,False
11.100000000000001,1,0.6260299809448249,-6.24045510126012e-05,-2.865010707872253,0.7063529879340198,-0.00764694439987922,-1.4578174564262711,0.08068029930847619,ALIGN_YAW distance=0.081 yaw_error=-1.407,False
11.200000000000001,1,0.6260299809448249,-6.24045510126012e-05,-2.865010707872253,0.7054186165367781,-0.008450662147278248,-1.4940054263319331,0.07983056010484485,ALIGN_YAW distance=0.080 yaw_error=-1.371,False
11.200000000000001,1,0.6260299809448249,-6.24045510126012e-05,-2.865010707872253,0.7054186165367781,-0.008450662147278248,-1.4940054263319331,0.07983056010484485,ALIGN_YAW distance=0.080 yaw_error=-1.371,False
11.3,1,0.6260299809448249,-6.24045510126012e-05,-2.865010707872253,0.7056697449085563,-0.008427420312910303,-1.5257343316986813,0.0800778714308494,ALIGN_YAW distance=0.080 yaw_error=-1.339,False
11.3,1,0.6260299809448249,-6.24045510126012e-05,-2.865010707872253,0.7054943536016403,-0.008547672420603851,-1.528562513089158,0.07991612035478166,ALIGN_YAW distance=0.080 yaw_error=-1.339,False
11.4,1,0.6260299809448249,-6.24045510126012e-05,-2.865010707872253,0.7048312001929204,-0.008438391354154194,-1.5558173630806842,0.07924512167895782,ALIGN_YAW distance=0.079 yaw_error=-1.309,False
11.4,1,0.6260299809448249,-6.24045510126012e-05,-2.865010707872253,0.7048312001929204,-0.008438391354154194,-1.5558173630806842,0.07924512167895782,ALIGN_YAW distance=0.079 yaw_error=-1.309,False
11.5,1,0.6260299809448249,-6.24045510126012e-05,-2.865010707872253,0.7056837765918671,-0.008041500285071976,-1.5789749128613104,0.08005243987358567,ALIGN_YAW distance=0.080 yaw_error=-1.286,False
11.5,1,0.6260299809448249,-6.24045510126012e-05,-2.865010707872253,0.7056837765918671,-0.008041500285071976,-1.5789749128613104,0.08005243987358567,ALIGN_YAW distance=0.080 yaw_error=-1.286,False
11.600000000000001,1,0.6260299809448249,-6.24045510126012e-05,-2.865010707872253,0.7051897807967377,-0.00850135413143391,-1.6006137091187074,0.07960835246766375,ALIGN_YAW distance=0.080 yaw_error=-1.264,False
11.600000000000001,1,0.6260299809448249,-6.24045510126012e-05,-2.865010707872253,0.7051938730877748,-0.008347098502915396,-1.6025725480292652,0.07959621833414768,ALIGN_YAW distance=0.080 yaw_error=-1.264,False
11.700000000000001,1,0.6260299809448249,-6.24045510126012e-05,-2.865010707872253,0.705004567384031,-0.008091176586624532,-1.6203012044276373,0.0793816507994351,ALIGN_YAW distance=0.079 yaw_error=-1.245,False
11.700000000000001,1,0.6260299809448249,-6.24045510126012e-05,-2.865010707872253,0.705004567384031,-0.008091176586624532,-1.6203012044276373,0.0793816507994351,ALIGN_YAW distance=0.079 yaw_error=-1.245,False
11.8,1,0.6260299809448249,-6.24045510126012e-05,-2.865010707872253,0.7051280759980645,-0.008742801510350475,-1.6382682118712764,0.07957297237393493,ALIGN_YAW distance=0.080 yaw_error=-1.227,False
11.8,1,0.6260299809448249,-6.24045510126012e-05,-2.865010707872253,0.704969016012016,-0.008416827051267652,-1.6403145592877704,0.07937989438549285,ALIGN_YAW distance=0.080 yaw_error=-1.227,False
11.9,1,0.6260299809448249,-6.24045510126012e-05,-2.865010707872253,0.7051316844499296,-0.008560902410488526,-1.6552763334860179,0.07955692278662499,ALIGN_YAW distance=0.080 yaw_error=-1.210,False
11.9,1,0.6260299809448249,-6.24045510126012e-05,-2.865010707872253,0.7051316844499296,-0.008560902410488526,-1.6552763334860179,0.07955692278662499,ALIGN_YAW distance=0.080 yaw_error=-1.210,False
12.0,1,0.6260299809448249,-6.24045510126012e-05,-2.865010707872253,0.7046006809162063,-0.009109372620717258,-1.6733049791707937,0.07908983831850394,ALIGN_YAW distance=0.079 yaw_error=-1.192,False
12.0,1,0.6260299809448249,-6.24045510126012e-05,-2.865010707872253,0.7046006809162063,-0.009109372620717258,-1.6733049791707937,0.07908983831850394,ALIGN_YAW distance=0.079 yaw_error=-1.192,False
12.100000000000001,1,0.6260299809448249,-6.24045510126012e-05,-2.865010707872253,0.7042547500609817,-0.0089318703760811,-1.693773419496108,0.07872599270443087,ALIGN_YAW distance=0.079 yaw_error=-1.171,False
12.100000000000001,1,0.6260299809448249,-6.24045510126012e-05,-2.865010707872253,0.7040350512816252,-0.009157195829193429,-1.6958763462973845,0.07853347201444011,ALIGN_YAW distance=0.079 yaw_error=-1.171,False
12.200000000000001,1,0.6260299809448249,-6.24045510126012e-05,-2.865010707872253,0.7042856076708242,-0.009723161182107127,-1.7169184692772652,0.07884968822363327,ALIGN_YAW distance=0.079 yaw_error=-1.148,False
12.200000000000001,1,0.6260299809448249,-6.24045510126012e-05,-2.865010707872253,0.7042856076708242,-0.009723161182107127,-1.7169184692772652,0.07884968822363327,ALIGN_YAW distance=0.079 yaw_error=-1.148,False
12.3,1,0.6260299809448249,-6.24045510126012e-05,-2.865010707872253,0.7041024312327192,-0.009990383683896632,-1.7421428306649025,0.07870115795602192,ALIGN_YAW distance=0.079 yaw_error=-1.123,False
12.3,1,0.6260299809448249,-6.24045510126012e-05,-2.865010707872253,0.7041024312327192,-0.009990383683896632,-1.7421428306649025,0.07870115795602192,ALIGN_YAW distance=0.079 yaw_error=-1.123,False
12.4,1,0.6260299809448249,-6.24045510126012e-05,-2.865010707872253,0.7031021931674355,-0.010581992775980945,-1.7661456312494161,0.07778680886442137,ALIGN_YAW distance=0.078 yaw_error=-1.099,False
12.4,1,0.6260299809448249,-6.24045510126012e-05,-2.865010707872253,0.7031021931674355,-0.010581992775980945,-1.7661456312494161,0.07778680886442137,ALIGN_YAW distance=0.078 yaw_error=-1.099,False
12.5,1,0.6260299809448249,-6.24045510126012e-05,-2.865010707872253,0.7038032043427602,-0.010546256919564395,-1.7942948071998917,0.0784766553708219,ALIGN_YAW distance=0.078 yaw_error=-1.071,False
12.5,1,0.6260299809448249,-6.24045510126012e-05,-2.865010707872253,0.7038032043427602,-0.010546256919564395,-1.7942948071998917,0.0784766553708219,ALIGN_YAW distance=0.078 yaw_error=-1.071,False
12.600000000000001,1,0.6260299809448249,-6.24045510126012e-05,-2.865010707872253,0.704116309198331,-0.010897221468840302,-1.8223662531748857,0.07883443357922448,ALIGN_YAW distance=0.079 yaw_error=-1.043,False
12.600000000000001,1,0.6260299809448249,-6.24045510126012e-05,-2.865010707872253,0.7039076542473439,-0.011020244696992382,-1.8252388641525794,0.07864481076128757,ALIGN_YAW distance=0.079 yaw_error=-1.043,False
12.700000000000001,1,0.6260299809448249,-6.24045510126012e-05,-2.865010707872253,0.7038477574266299,-0.010913572923465094,-1.8507325294126793,0.07857069550169118,ALIGN_YAW distance=0.079 yaw_error=-1.014,False
12.700000000000001,1,0.6260299809448249,-6.24045510126012e-05,-2.865010707872253,0.7038477574266299,-0.010913572923465094,-1.8507325294126793,0.07857069550169118,ALIGN_YAW distance=0.079 yaw_error=-1.014,False
12.8,1,0.6260299809448249,-6.24045510126012e-05,-2.865010707872253,0.7037950933686689,-0.010645410143579037,-1.8750650032853697,0.078481926057312,ALIGN_YAW distance=0.078 yaw_error=-0.990,False
12.8,1,0.6260299809448249,-6.24045510126012e-05,-2.865010707872253,0.7037950933686689,-0.010645410143579037,-1.8750650032853697,0.078481926057312,ALIGN_YAW distance=0.078 yaw_error=-0.990,False
12.9,1,0.6260299809448249,-6.24045510126012e-05,-2.865010707872253,0.703810906308746,-0.010424011960235957,-1.9004428301678253,0.07846805247086702,ALIGN_YAW distance=0.078 yaw_error=-0.965,False
12.9,1,0.6260299809448249,-6.24045510126012e-05,-2.865010707872253,0.7037687780134473,-0.010413967372491692,-1.9029442868298654,0.07842496683151026,ALIGN_YAW distance=0.078 yaw_error=-0.965,False
13.0,1,0.6260299809448249,-6.24045510126012e-05,-2.865010707872253,0.7042213996406331,-0.010869414536162615,-1.9261743498251658,0.07893471620575021,ALIGN_YAW distance=0.079 yaw_error=-0.939,False
13.0,1,0.6260299809448249,-6.24045510126012e-05,-2.865010707872253,0.7042213996406331,-0.010869414536162615,-1.9261743498251658,0.07893471620575021,ALIGN_YAW distance=0.079 yaw_error=-0.939,False
13.100000000000001,1,0.6260299809448249,-6.24045510126012e-05,-2.865010707872253,0.7042812362681173,-0.010622655706785803,-1.9525236964101849,0.07896060957302772,ALIGN_YAW distance=0.079 yaw_error=-0.912,False
13.100000000000001,1,0.6260299809448249,-6.24045510126012e-05,-2.865010707872253,0.7042812362681173,-0.010622655706785803,-1.9525236964101849,0.07896060957302772,ALIGN_YAW distance=0.079 yaw_error=-0.912,False
13.100000000000001,1,0.7044237154979313,-0.01087640149413007,-1.7401626228508527,0.7044237154979313,-0.01087640149413007,-1.9552270661462348,0.0,OBJECT_GOAL_PUBLISHED,
13.200000000000001,1,0.6260299809448249,-6.24045510126012e-05,-2.865010707872253,0.703984581123044,-0.009971273018761252,-1.9802359445614939,0.07858183863499975,ALIGN_YAW distance=0.079 yaw_error=-0.885,False
13.200000000000001,1,0.6260299809448249,-6.24045510126012e-05,-2.865010707872253,0.703984581123044,-0.009971273018761252,-1.9802359445614939,0.07858183863499975,ALIGN_YAW distance=0.079 yaw_error=-0.885,False
13.3,1,0.6260299809448249,-6.24045510126012e-05,-2.865010707872253,0.704154713663403,-0.01016203414287362,-2.01249254016027,0.07877484611373141,ALIGN_YAW distance=0.079 yaw_error=-0.853,False
13.3,1,0.6260299809448249,-6.24045510126012e-05,-2.865010707872253,0.704154713663403,-0.01016203414287362,-2.01249254016027,0.07877484611373141,ALIGN_YAW distance=0.079 yaw_error=-0.853,False
13.4,1,0.6260299809448249,-6.24045510126012e-05,-2.865010707872253,0.7044435219842822,-0.00995293107358849,-2.040658539083433,0.07903483999629804,ALIGN_YAW distance=0.079 yaw_error=-0.824,False
13.4,1,0.6260299809448249,-6.24045510126012e-05,-2.865010707872253,0.7045196511178002,-0.009817357795873016,-2.0428645903463574,0.07909353599803129,ALIGN_YAW distance=0.079 yaw_error=-0.824,False
13.5,1,0.6260299809448249,-6.24045510126012e-05,-2.865010707872253,0.7044431958103569,-0.00929497892443511,-2.068557040675427,0.0789548775890943,ALIGN_YAW distance=0.079 yaw_error=-0.796,False
13.5,1,0.6260299809448249,-6.24045510126012e-05,-2.865010707872253,0.7044431958103569,-0.00929497892443511,-2.068557040675427,0.0789548775890943,ALIGN_YAW distance=0.079 yaw_error=-0.796,False
13.600000000000001,1,0.6260299809448249,-6.24045510126012e-05,-2.865010707872253,0.7046037501498215,-0.009576946387272262,-2.0963555864555254,0.07914773346997377,ALIGN_YAW distance=0.079 yaw_error=-0.769,False
13.600000000000001,1,0.6260299809448249,-6.24045510126012e-05,-2.865010707872253,0.7046037501498215,-0.009576946387272262,-2.0963555864555254,0.07914773346997377,ALIGN_YAW distance=0.079 yaw_error=-0.769,False
13.700000000000001,1,0.6260299809448249,-6.24045510126012e-05,-2.865010707872253,0.7051919564482968,-0.009834355515323695,-2.1268084329399333,0.07976283214167605,ALIGN_YAW distance=0.080 yaw_error=-0.738,False
13.700000000000001,1,0.6260299809448249,-6.24045510126012e-05,-2.865010707872253,0.7051919564482968,-0.009834355515323695,-2.1268084329399333,0.07976283214167605,ALIGN_YAW distance=0.080 yaw_error=-0.738,False
13.8,1,0.6260299809448249,-6.24045510126012e-05,-2.865010707872253,0.7045759337647638,-0.010004118235021455,-2.1590123049114474,0.07917262390098537,ALIGN_YAW distance=0.079 yaw_error=-0.706,False
13.8,1,0.6260299809448249,-6.24045510126012e-05,-2.865010707872253,0.7046950332532876,-0.01039476094552636,-2.1624525370834875,0.07934070861390408,ALIGN_YAW distance=0.079 yaw_error=-0.706,False
13.9,1,0.6260299809448249,-6.24045510126012e-05,-2.865010707872253,0.7036612325241371,-0.010281934796314557,-2.1928504944343667,0.07830102183372269,ALIGN_YAW distance=0.078 yaw_error=-0.672,False
13.9,1,0.6260299809448249,-6.24045510126012e-05,-2.865010707872253,0.7036612325241371,-0.010281934796314557,-2.1928504944343667,0.07830102183372269,ALIGN_YAW distance=0.078 yaw_error=-0.672,False
14.0,1,0.6260299809448249,-6.24045510126012e-05,-2.865010707872253,0.7046441694933232,-0.010988060198356082,-2.227192823905719,0.07936977127636928,ALIGN_YAW distance=0.079 yaw_error=-0.638,False
14.0,1,0.6260299809448249,-6.24045510126012e-05,-2.865010707872253,0.7042149478063943,-0.011045525178994391,-2.230885467857916,0.07895263125364159,ALIGN_YAW distance=0.079 yaw_error=-0.638,False
14.100000000000001,1,0.6260299809448249,-6.24045510126012e-05,-2.865010707872253,0.7039686108271973,-0.01093608239959234,-2.2669437002135577,0.07869349971818594,ALIGN_YAW distance=0.079 yaw_error=-0.598,False
14.100000000000001,1,0.6260299809448249,-6.24045510126012e-05,-2.865010707872253,0.7039686108271973,-0.01093608239959234,-2.2669437002135577,0.07869349971818594,ALIGN_YAW distance=0.079 yaw_error=-0.598,False
14.200000000000001,1,0.6260299809448249,-6.24045510126012e-05,-2.865010707872253,0.703512791226272,-0.010407253168884025,-2.308923225913202,0.07817033824947543,ALIGN_YAW distance=0.078 yaw_error=-0.556,False
14.200000000000001,1,0.6260299809448249,-6.24045510126012e-05,-2.865010707872253,0.703512791226272,-0.010407253168884025,-2.308923225913202,0.07817033824947543,ALIGN_YAW distance=0.078 yaw_error=-0.556,False
14.3,1,0.6260299809448249,-6.24045510126012e-05,-2.865010707872253,0.7035163949172987,-0.011170621483336094,-2.351421449801606,0.07827858477086272,ALIGN_YAW distance=0.078 yaw_error=-0.514,False
14.3,1,0.6260299809448249,-6.24045510126012e-05,-2.865010707872253,0.7035163949172987,-0.011170621483336094,-2.351421449801606,0.07827858477086272,ALIGN_YAW distance=0.078 yaw_error=-0.514,False
14.4,1,0.6260299809448249,-6.24045510126012e-05,-2.865010707872253,0.7041382201454489,-0.011587706591882945,-2.391570869879387,0.07895397151603707,ALIGN_YAW distance=0.079 yaw_error=-0.473,False
14.4,1,0.6260299809448249,-6.24045510126012e-05,-2.865010707872253,0.7037140473369374,-0.011485013458507842,-2.39547883497833,0.07851936172351213,ALIGN_YAW distance=0.079 yaw_error=-0.473,False
14.500000000000002,1,0.6260299809448249,-6.24045510126012e-05,-2.865010707872253,0.7028758502281609,-0.011056529955200102,-2.43108373694549,0.07762833515743185,ARRIVED distance=0.078 yaw_error=-0.434,True
14.500000000000002,1,0.6260299809448249,-6.24045510126012e-05,-2.865010707872253,0.7028758502281609,-0.011056529955200102,-2.43108373694549,0.07762833515743185,ARRIVED distance=0.078 yaw_error=-0.434,True
14.600000000000001,1,0.6260299809448249,-6.24045510126012e-05,-2.865010707872253,0.7022093242844419,-0.010872721984886409,-2.470590702354716,0.07694254554325829,ARRIVED distance=0.077 yaw_error=-0.394,True
14.600000000000001,1,0.6260299809448249,-6.24045510126012e-05,-2.865010707872253,0.7019616992887978,-0.01061622080965848,-2.4745937254163435,0.07666165200600425,ARRIVED distance=0.077 yaw_error=-0.394,True
14.700000000000001,1,0.6260299809448249,-6.24045510126012e-05,-2.865010707872253,0.7021413036677957,-0.011857446031564071,-2.5094128938294182,0.0770198445218383,ARRIVED distance=0.077 yaw_error=-0.356,True
14.700000000000001,1,0.6260299809448249,-6.24045510126012e-05,-2.865010707872253,0.7021413036677957,-0.011857446031564071,-2.5094128938294182,0.0770198445218383,ARRIVED distance=0.077 yaw_error=-0.356,True
14.8,1,0.6260299809448249,-6.24045510126012e-05,-2.865010707872253,0.7015748890008515,-0.012343228767908372,-2.541493134522108,0.07653660416192905,ARRIVED distance=0.077 yaw_error=-0.324,True
14.8,1,0.6260299809448249,-6.24045510126012e-05,-2.865010707872253,0.7015748890008515,-0.012343228767908372,-2.541493134522108,0.07653660416192905,ARRIVED distance=0.077 yaw_error=-0.324,True
14.9,1,0.6260299809448249,-6.24045510126012e-05,-2.865010707872253,0.7014327723213403,-0.011773802929239055,-2.5553407610024355,0.07630686600394378,ARRIVED distance=0.076 yaw_error=-0.310,True
14.9,1,0.6260299809448249,-6.24045510126012e-05,-2.865010707872253,0.7014327723213403,-0.011773802929239055,-2.5553407610024355,0.07630686600394378,ARRIVED distance=0.076 yaw_error=-0.310,True
15.000000000000002,1,0.6260299809448249,-6.24045510126012e-05,-2.865010707872253,0.7014382339526334,-0.011781641263689684,-2.554372129172888,0.0763134662482148,ARRIVED distance=0.076 yaw_error=-0.311,True
15.000000000000002,1,0.6260299809448249,-6.24045510126012e-05,-2.865010707872253,0.70143830839155,-0.011781567968545842,-2.5543927652527327,0.07631352854847798,ARRIVED distance=0.076 yaw_error=-0.311,True
15.100000000000001,1,0.6260299809448249,-6.24045510126012e-05,-2.865010707872253,0.7014393101611835,-0.011776064790911252,-2.5543996695674163,0.07631367353939233,ARRIVED distance=0.076 yaw_error=-0.311,True
15.100000000000001,1,0.6260299809448249,-6.24045510126012e-05,-2.865010707872253,0.7014393101611835,-0.011776064790911252,-2.5543996695674163,0.07631367353939233,ARRIVED distance=0.076 yaw_error=-0.311,True
15.200000000000001,1,0.6260299809448249,-6.24045510126012e-05,-2.865010707872253,0.7013195866788161,-0.011874334874400946,-2.544948590945509,0.0762105401473079,ARRIVED distance=0.076 yaw_error=-0.320,True
15.200000000000001,1,0.6260299809448249,-6.24045510126012e-05,-2.865010707872253,0.7013195866788161,-0.011874334874400946,-2.544948590945509,0.0762105401473079,ARRIVED distance=0.076 yaw_error=-0.320,True
15.3,1,0.6260299809448249,-6.24045510126012e-05,-2.865010707872253,0.7018084300158384,-0.01200525795756718,-2.5289365132658514,0.07671378683847277,ARRIVED distance=0.077 yaw_error=-0.336,True
15.3,1,0.6260299809448249,-6.24045510126012e-05,-2.865010707872253,0.7018084300158384,-0.01200525795756718,-2.5289365132658514,0.07671378683847277,ARRIVED distance=0.077 yaw_error=-0.336,True
15.4,1,0.6260299809448249,-6.24045510126012e-05,-2.865010707872253,0.7022011955766551,-0.012532085199765109,-2.510341737599144,0.07718514671858967,ARRIVED distance=0.077 yaw_error=-0.355,True
15.4,1,0.6260299809448249,-6.24045510126012e-05,-2.865010707872253,0.7022011955766551,-0.012532085199765109,-2.510341737599144,0.07718514671858967,ARRIVED distance=0.077 yaw_error=-0.355,True
15.500000000000002,1,0.6260299809448249,-6.24045510126012e-05,-2.865010707872253,0.7027514649568277,-0.012554630734026032,-2.4918319968879614,0.07773185848808438,ARRIVED distance=0.078 yaw_error=-0.373,True
15.500000000000002,1,0.6260299809448249,-6.24045510126012e-05,-2.865010707872253,0.702684877124878,-0.012745531860350429,-2.4899309654126003,0.0776970709018017,ARRIVED distance=0.078 yaw_error=-0.373,True
15.600000000000001,1,0.6260299809448249,-6.24045510126012e-05,-2.865010707872253,0.7026415206131921,-0.013224822083100137,-2.475555850561141,0.0777340160138842,ARRIVED distance=0.078 yaw_error=-0.389,True
15.600000000000001,1,0.6260299809448249,-6.24045510126012e-05,-2.865010707872253,0.7026415206131921,-0.013224822083100137,-2.475555850561141,0.0777340160138842,ARRIVED distance=0.078 yaw_error=-0.389,True
15.700000000000001,1,0.6260299809448249,-6.24045510126012e-05,-2.865010707872253,0.7031869664613091,-0.01318211651621787,-2.4575345224936873,0.07826446994671914,ARRIVED distance=0.078 yaw_error=-0.407,True
15.700000000000001,1,0.6260299809448249,-6.24045510126012e-05,-2.865010707872253,0.7031828643688,-0.01301563009653963,-2.455589155426471,0.07823268800614475,ARRIVED distance=0.078 yaw_error=-0.407,True
15.8,1,0.6260299809448249,-6.24045510126012e-05,-2.865010707872253,0.7032856359409446,-0.01301919003690712,-2.4378392524782853,0.0783346316708451,ARRIVED distance=0.078 yaw_error=-0.427,True
15.8,1,0.6260299809448249,-6.24045510126012e-05,-2.865010707872253,0.7031899719846799,-0.01301470913813595,-2.435995180202864,0.07823954506122928,ARRIVED distance=0.078 yaw_error=-0.427,True
15.9,1,0.6260299809448249,-6.24045510126012e-05,-2.865010707872253,0.7028760193541053,-0.012703183487145631,-2.4214580002175525,0.07787877060735346,ARRIVED distance=0.078 yaw_error=-0.444,True
15.9,1,0.6260299809448249,-6.24045510126012e-05,-2.865010707872253,0.7028760193541053,-0.012703183487145631,-2.4214580002175525,0.07787877060735346,ARRIVED distance=0.078 yaw_error=-0.444,True
16.0,1,0.6260299809448249,-6.24045510126012e-05,-2.865010707872253,0.7027584888310593,-0.012390842495920542,-2.4014359804457155,0.07771263928479964,ALIGN_YAW distance=0.078 yaw_error=-0.464,False
16.0,1,0.6260299809448249,-6.24045510126012e-05,-2.865010707872253,0.7026954193039434,-0.012362883001092081,-2.399369659940709,0.07764593491546531,ALIGN_YAW distance=0.078 yaw_error=-0.464,False
16.1,1,0.6260299809448249,-6.24045510126012e-05,-2.865010707872253,0.7030347526065075,-0.012613191207834397,-2.3820527160349316,0.07802087608052691,ALIGN_YAW distance=0.078 yaw_error=-0.483,False
16.1,1,0.6260299809448249,-6.24045510126012e-05,-2.865010707872253,0.7030347526065075,-0.012613191207834397,-2.3820527160349316,0.07802087608052691,ALIGN_YAW distance=0.078 yaw_error=-0.483,False
16.2,1,0.6260299809448249,-6.24045510126012e-05,-2.865010707872253,0.7030055289865864,-0.012613096510556508,-2.3625542522152263,0.07799201795692236,ALIGN_YAW distance=0.078 yaw_error=-0.502,False
16.2,1,0.6260299809448249,-6.24045510126012e-05,-2.865010707872253,0.7030055289865864,-0.012613096510556508,-2.3625542522152263,0.07799201795692236,ALIGN_YAW distance=0.078 yaw_error=-0.502,False
16.3,1,0.6260299809448249,-6.24045510126012e-05,-2.865010707872253,0.7039099693945509,-0.012793775549160844,-2.3430384226373326,0.07891375297387614,ALIGN_YAW distance=0.079 yaw_error=-0.522,False
16.3,1,0.6260299809448249,-6.24045510126012e-05,-2.865010707872253,0.7039099693945509,-0.012793775549160844,-2.3430384226373326,0.07891375297387614,ALIGN_YAW distance=0.079 yaw_error=-0.522,False
16.400000000000002,1,0.6260299809448249,-6.24045510126012e-05,-2.865010707872253,0.7034352863391341,-0.012298639103298861,-2.323517284324382,0.07836648989973229,ALIGN_YAW distance=0.078 yaw_error=-0.541,False
16.400000000000002,1,0.6260299809448249,-6.24045510126012e-05,-2.865010707872253,0.7034648625958846,-0.012317261790160855,-2.3216938626529164,0.07839861237461751,ALIGN_YAW distance=0.078 yaw_error=-0.541,False
16.5,1,0.6260299809448249,-6.24045510126012e-05,-2.865010707872253,0.7044169831740718,-0.01264635598406292,-2.3051039751425186,0.0793906666564611,ALIGN_YAW distance=0.079 yaw_error=-0.560,False
16.5,1,0.6260299809448249,-6.24045510126012e-05,-2.865010707872253,0.7043820197701038,-0.012579436564870044,-2.3030747585217703,0.07934556117713173,ALIGN_YAW distance=0.079 yaw_error=-0.560,False
16.6,1,0.6260299809448249,-6.24045510126012e-05,-2.865010707872253,0.7035964296586713,-0.012348522908567479,-2.2869579720586373,0.0785334493726948,ALIGN_YAW distance=0.079 yaw_error=-0.578,False
16.6,1,0.6260299809448249,-6.24045510126012e-05,-2.865010707872253,0.7035964296586713,-0.012348522908567479,-2.2869579720586373,0.0785334493726948,ALIGN_YAW distance=0.079 yaw_error=-0.578,False
16.7,1,0.6260299809448249,-6.24045510126012e-05,-2.865010707872253,0.7040814436810391,-0.012438457052511592,-2.267223973017885,0.07902656205847813,ALIGN_YAW distance=0.079 yaw_error=-0.598,False
16.7,1,0.6260299809448249,-6.24045510126012e-05,-2.865010707872253,0.7040814436810391,-0.012438457052511592,-2.267223973017885,0.07902656205847813,ALIGN_YAW distance=0.079 yaw_error=-0.598,False
16.8,1,0.6260299809448249,-6.24045510126012e-05,-2.865010707872253,0.7042289928665845,-0.012284625662273148,-2.2513229095771035,0.07914839325237148,ALIGN_YAW distance=0.079 yaw_error=-0.614,False
16.8,1,0.6260299809448249,-6.24045510126012e-05,-2.865010707872253,0.7042289928665845,-0.012284625662273148,-2.2513229095771035,0.07914839325237148,ALIGN_YAW distance=0.079 yaw_error=-0.614,False
16.900000000000002,1,0.6260299809448249,-6.24045510126012e-05,-2.865010707872253,0.7047864443469827,-0.012294518059776173,-2.2273489781024067,0.07970072225837542,ALIGN_YAW distance=0.080 yaw_error=-0.638,False
16.900000000000002,1,0.6260299809448249,-6.24045510126012e-05,-2.865010707872253,0.7047864443469827,-0.012294518059776173,-2.2273489781024067,0.07970072225837542,ALIGN_YAW distance=0.080 yaw_error=-0.638,False
17.0,1,0.6260299809448249,-6.24045510126012e-05,-2.865010707872253,0.7045667552888476,-0.012877016861037933,-2.2069529463304414,0.07957536812996971,ALIGN_YAW distance=0.080 yaw_error=-0.658,False
17.0,1,0.6260299809448249,-6.24045510126012e-05,-2.865010707872253,0.7046243024953173,-0.012849791021776533,-2.2050669530805767,0.07962778806883229,ALIGN_YAW distance=0.080 yaw_error=-0.658,False
17.1,1,0.6260299809448249,-6.24045510126012e-05,-2.865010707872253,0.704443559169163,-0.01269450486879579,-2.187107288260849,0.07942455041347692,ALIGN_YAW distance=0.079 yaw_error=-0.678,False
17.1,1,0.6260299809448249,-6.24045510126012e-05,-2.865010707872253,0.704443559169163,-0.01269450486879579,-2.187107288260849,0.07942455041347692,ALIGN_YAW distance=0.079 yaw_error=-0.678,False
17.200000000000003,1,0.6260299809448249,-6.24045510126012e-05,-2.865010707872253,0.7044664608063571,-0.012972504521475607,-2.1664849805317052,0.07949183640044996,ALIGN_YAW distance=0.079 yaw_error=-0.699,False
17.200000000000003,1,0.6260299809448249,-6.24045510126012e-05,-2.865010707872253,0.7044664608063571,-0.012972504521475607,-2.1664849805317052,0.07949183640044996,ALIGN_YAW distance=0.079 yaw_error=-0.699,False
17.3,1,0.6260299809448249,-6.24045510126012e-05,-2.865010707872253,0.7051077263761754,-0.013172910756819327,-2.1476608648474107,0.08015719054132305,ALIGN_YAW distance=0.080 yaw_error=-0.717,False
17.3,1,0.6260299809448249,-6.24045510126012e-05,-2.865010707872253,0.7052643338662733,-0.013229496079572817,-2.1455510937112137,0.08032094983378947,ALIGN_YAW distance=0.080 yaw_error=-0.717,False
17.400000000000002,1,0.6260299809448249,-6.24045510126012e-05,-2.865010707872253,0.7047839880235496,-0.01346306600319336,-2.1270516440584624,0.07988598974984153,ALIGN_YAW distance=0.080 yaw_error=-0.738,False
17.400000000000002,1,0.6260299809448249,-6.24045510126012e-05,-2.865010707872253,0.704701012933597,-0.013193284170410767,-2.1254618398196237,0.07975933345858359,ALIGN_YAW distance=0.080 yaw_error=-0.738,False
17.5,1,0.6260299809448249,-6.24045510126012e-05,-2.865010707872253,0.7047782977455778,-0.012925852416349594,-2.1086302180908105,0.07979201520162267,ALIGN_YAW distance=0.080 yaw_error=-0.756,False
17.5,1,0.6260299809448249,-6.24045510126012e-05,-2.865010707872253,0.7047782977455778,-0.012925852416349594,-2.1086302180908105,0.07979201520162267,ALIGN_YAW distance=0.080 yaw_error=-0.756,False
17.6,1,0.6260299809448249,-6.24045510126012e-05,-2.865010707872253,0.7049148772184122,-0.013152621826780378,-2.088562543752699,0.07996362078108668,ALIGN_YAW distance=0.080 yaw_error=-0.776,False
17.6,1,0.6260299809448249,-6.24045510126012e-05,-2.865010707872253,0.7049397776384431,-0.012991900909631544,-2.086886048766279,0.07996204030860954,ALIGN_YAW distance=0.080 yaw_error=-0.776,False
17.700000000000003,1,0.6260299809448249,-6.24045510126012e-05,-2.865010707872253,0.7041915003984701,-0.012510587598719373,-2.0711599218170877,0.07914657531751945,ALIGN_YAW distance=0.079 yaw_error=-0.794,False
17.700000000000003,1,0.6260299809448249,-6.24045510126012e-05,-2.865010707872253,0.7041915003984701,-0.012510587598719373,-2.0711599218170877,0.07914657531751945,ALIGN_YAW distance=0.079 yaw_error=-0.794,False
17.8,1,0.6260299809448249,-6.24045510126012e-05,-2.865010707872253,0.7032062972682985,-0.011477805848658179,-2.057119837311572,0.07801599315555212,ALIGN_YAW distance=0.078 yaw_error=-0.808,False
17.8,1,0.6260299809448249,-6.24045510126012e-05,-2.865010707872253,0.7032062972682985,-0.011477805848658179,-2.057119837311572,0.07801599315555212,ALIGN_YAW distance=0.078 yaw_error=-0.808,False
17.900000000000002,1,0.6260299809448249,-6.24045510126012e-05,-2.865010707872253,0.7029940673616115,-0.011764628960096236,-2.0390559008386666,0.07784865223040895,ALIGN_YAW distance=0.078 yaw_error=-0.826,False
17.900000000000002,1,0.6260299809448249,-6.24045510126012e-05,-2.865010707872253,0.7029940673616115,-0.011764628960096236,-2.0390559008386666,0.07784865223040895,ALIGN_YAW distance=0.078 yaw_error=-0.826,False
18.0,1,0.6260299809448249,-6.24045510126012e-05,-2.865010707872253,0.7030314254229542,-0.011676505536150898,-2.0191908982109235,0.07787239429612665,ALIGN_YAW distance=0.078 yaw_error=-0.846,False
18.0,1,0.6260299809448249,-6.24045510126012e-05,-2.865010707872253,0.7030314254229542,-0.011676505536150898,-2.0191908982109235,0.07787239429612665,ALIGN_YAW distance=0.078 yaw_error=-0.846,False
18.1,1,0.6260299809448249,-6.24045510126012e-05,-2.865010707872253,0.7033849667972895,-0.011965966433990859,-1.9981147518239981,0.07826550084000541,ALIGN_YAW distance=0.078 yaw_error=-0.867,False
18.1,1,0.6260299809448249,-6.24045510126012e-05,-2.865010707872253,0.7034914828521489,-0.011900948559053107,-1.996003765299209,0.07836093032863174,ALIGN_YAW distance=0.078 yaw_error=-0.867,False
18.200000000000003,1,0.6260299809448249,-6.24045510126012e-05,-2.865010707872253,0.7041383011169299,-0.011902818230165717,-1.9788498278228177,0.07900066503645106,ALIGN_YAW distance=0.079 yaw_error=-0.886,False
18.200000000000003,1,0.6260299809448249,-6.24045510126012e-05,-2.865010707872253,0.7041248297112801,-0.011899742573578995,-1.9768517383160877,0.07898688483106553,ALIGN_YAW distance=0.079 yaw_error=-0.886,False
18.3,1,0.6260299809448249,-6.24045510126012e-05,-2.865010707872253,0.7039306188971746,-0.01160447698773114,-1.9560241476732376,0.07875105605334777,ALIGN_YAW distance=0.079 yaw_error=-0.909,False
18.3,1,0.6260299809448249,-6.24045510126012e-05,-2.865010707872253,0.7037923426498567,-0.011335943191125783,-1.9535117227308587,0.07857529873576252,ALIGN_YAW distance=0.079 yaw_error=-0.909,False
18.400000000000002,1,0.6260299809448249,-6.24045510126012e-05,-2.865010707872253,0.7039960282251485,-0.011793668827721643,-1.9333426887041811,0.07884368769944522,ALIGN_YAW distance=0.079 yaw_error=-0.932,False
18.400000000000002,1,0.6260299809448249,-6.24045510126012e-05,-2.865010707872253,0.7039960282251485,-0.011793668827721643,-1.9333426887041811,0.07884368769944522,ALIGN_YAW distance=0.079 yaw_error=-0.932,False
18.5,1,0.6260299809448249,-6.24045510126012e-05,-2.865010707872253,0.7045572481387111,-0.01190194436430507,-1.911654573844707,0.07941477441843263,ALIGN_YAW distance=0.079 yaw_error=-0.953,False
18.5,1,0.6260299809448249,-6.24045510126012e-05,-2.865010707872253,0.7045572481387111,-0.01190194436430507,-1.911654573844707,0.07941477441843263,ALIGN_YAW distance=0.079 yaw_error=-0.953,False
18.6,1,0.6260299809448249,-6.24045510126012e-05,-2.865010707872253,0.7048637641990446,-0.012346319918900572,-1.8964155396699425,0.07978508606837954,ALIGN_YAW distance=0.080 yaw_error=-0.969,False
18.6,1,0.6260299809448249,-6.24045510126012e-05,-2.865010707872253,0.7049237846839855,-0.01251377823164626,-1.8956508744124378,0.07987032599763179,ALIGN_YAW distance=0.080 yaw_error=-0.969,False
18.700000000000003,1,0.6260299809448249,-6.24045510126012e-05,-2.865010707872253,0.7044298924262481,-0.011978781121902439,-1.8883143577484607,0.07930035404003093,ALIGN_YAW distance=0.079 yaw_error=-0.977,False
18.700000000000003,1,0.6260299809448249,-6.24045510126012e-05,-2.865010707872253,0.7044298924262481,-0.011978781121902439,-1.8883143577484607,0.07930035404003093,ALIGN_YAW distance=0.079 yaw_error=-0.977,False
18.8,1,0.6260299809448249,-6.24045510126012e-05,-2.865010707872253,0.7044552003060527,-0.011963705849264327,-1.8743388292671492,0.07932311141431904,ALIGN_YAW distance=0.079 yaw_error=-0.991,False
18.8,1,0.6260299809448249,-6.24045510126012e-05,-2.865010707872253,0.7044693334063531,-0.012040937134081933,-1.873079367274838,0.07934870671553196,ALIGN_YAW distance=0.079 yaw_error=-0.991,False
18.900000000000002,1,0.6260299809448249,-6.24045510126012e-05,-2.865010707872253,0.7047257981349065,-0.011804582001497218,-1.8592297192162608,0.07956701813247385,ALIGN_YAW distance=0.080 yaw_error=-1.006,False
18.900000000000002,1,0.6260299809448249,-6.24045510126012e-05,-2.865010707872253,0.7047257981349065,-0.011804582001497218,-1.8592297192162608,0.07956701813247385,ALIGN_YAW distance=0.080 yaw_error=-1.006,False
19.0,1,0.6260299809448249,-6.24045510126012e-05,-2.865010707872253,0.7051629848164106,-0.011579370552478914,-1.84118936135442,0.0799666981162742,ALIGN_YAW distance=0.080 yaw_error=-1.024,False
19.0,1,0.6260299809448249,-6.24045510126012e-05,-2.865010707872253,0.7051629848164106,-0.011579370552478914,-1.84118936135442,0.0799666981162742,ALIGN_YAW distance=0.080 yaw_error=-1.024,False
19.1,1,0.6260299809448249,-6.24045510126012e-05,-2.865010707872253,0.7047445950703705,-0.011526818982637263,-1.8287330249410825,0.07954510214459207,ALIGN_YAW distance=0.080 yaw_error=-1.036,False
19.1,1,0.6260299809448249,-6.24045510126012e-05,-2.865010707872253,0.7047445950703705,-0.011526818982637263,-1.8287330249410825,0.07954510214459207,ALIGN_YAW distance=0.080 yaw_error=-1.036,False
19.200000000000003,1,0.6260299809448249,-6.24045510126012e-05,-2.865010707872253,0.704530324241217,-0.01143775817375991,-1.8110888899547817,0.07932025319988562,ALIGN_YAW distance=0.080 yaw_error=-1.053,False
19.200000000000003,1,0.6260299809448249,-6.24045510126012e-05,-2.865010707872253,0.704530324241217,-0.01143775817375991,-1.8110888899547817,0.07932025319988562,ALIGN_YAW distance=0.080 yaw_error=-1.053,False
19.3,1,0.6260299809448249,-6.24045510126012e-05,-2.865010707872253,0.7043131010318533,-0.01120300645049901,-1.7957879602251243,0.07907186542154519,ALIGN_YAW distance=0.079 yaw_error=-1.069,False
19.3,1,0.6260299809448249,-6.24045510126012e-05,-2.865010707872253,0.7043131010318533,-0.01120300645049901,-1.7957879602251243,0.07907186542154519,ALIGN_YAW distance=0.079 yaw_error=-1.069,False
19.400000000000002,1,0.6260299809448249,-6.24045510126012e-05,-2.865010707872253,0.7048946780892088,-0.010755457289859606,-1.7778336169102442,0.0795863168676071,ALIGN_YAW distance=0.080 yaw_error=-1.087,False
19.400000000000002,1,0.6260299809448249,-6.24045510126012e-05,-2.865010707872253,0.7050493671830612,-0.010818598161345927,-1.776214110549304,0.07974809779832087,ALIGN_YAW distance=0.080 yaw_error=-1.087,False
19.5,1,0.6260299809448249,-6.24045510126012e-05,-2.865010707872253,0.7057556434035422,-0.011113425853287999,-1.7637906813849076,0.08048792658718872,ALIGN_YAW distance=0.080 yaw_error=-1.101,False
19.5,1,0.6260299809448249,-6.24045510126012e-05,-2.865010707872253,0.7057556434035422,-0.011113425853287999,-1.7637906813849076,0.08048792658718872,ALIGN_YAW distance=0.080 yaw_error=-1.101,False
19.6,1,0.6260299809448249,-6.24045510126012e-05,-2.865010707872253,0.705562417800149,-0.010685548307643634,-1.7503212907549373,0.08023876678651148,ALIGN_YAW distance=0.080 yaw_error=-1.113,False
19.6,1,0.6260299809448249,-6.24045510126012e-05,-2.865010707872253,0.705562417800149,-0.010685548307643634,-1.7503212907549373,0.08023876678651148,ALIGN_YAW distance=0.080 yaw_error=-1.113,False
19.700000000000003,1,0.6260299809448249,-6.24045510126012e-05,-2.865010707872253,0.705630918704485,-0.010705538470946704,-1.738494118666391,0.08030931198718454,ALIGN_YAW distance=0.080 yaw_error=-1.127,False
19.700000000000003,1,0.6260299809448249,-6.24045510126012e-05,-2.865010707872253,0.705630918704485,-0.010705538470946704,-1.738494118666391,0.08030931198718454,ALIGN_YAW distance=0.080 yaw_error=-1.127,False
19.8,1,0.6260299809448249,-6.24045510126012e-05,-2.865010707872253,0.7057284457204447,-0.010795343914689108,-1.7219511248883081,0.08041791638046257,ALIGN_YAW distance=0.080 yaw_error=-1.143,False
19.8,1,0.6260299809448249,-6.24045510126012e-05,-2.865010707872253,0.7057284457204447,-0.010795343914689108,-1.7219511248883081,0.08041791638046257,ALIGN_YAW distance=0.080 yaw_error=-1.143,False
19.900000000000002,1,0.6260299809448249,-6.24045510126012e-05,-2.865010707872253,0.7055822393912106,-0.010647987001095803,-1.7052325933051793,0.08025345088984058,ALIGN_YAW distance=0.080 yaw_error=-1.160,False
19.900000000000002,1,0.6260299809448249,-6.24045510126012e-05,-2.865010707872253,0.7055960684984168,-0.010760737042360757,-1.7037979723261758,0.08028210639165677,ALIGN_YAW distance=0.080 yaw_error=-1.160,False
20.0,1,1.0,0.0,0.0,0.7064737473988455,-0.010355660436034695,-1.6894723538876,0.29370887060002665,ALIGN_YAW distance=0.081 yaw_error=-1.176,False
20.0,1,1.0,0.0,0.0,0.7065238379528948,-0.010423092118123294,-1.6876964935370102,0.29366119685651637,ALIGN_YAW distance=0.081 yaw_error=-1.176,False
20.0,1,1.0,0.0,0.0,0.7065238379528948,-0.010423092118123294,-1.6876964935370102,0.29366119685651637,GOAL_RECEIVED frame=odom x=1.000 y=0.000,False
20.1,1,1.0,0.0,0.0,0.706886165811886,-0.010481663255842915,-1.6719330930840604,0.29330118488861595,TRACKING distance=0.293 heading_error=1.708 linear=0.000 angular=0.550 ,False
20.1,1,1.0,0.0,0.0,0.7068819655830237,-0.010506775954704378,-1.6702137583237822,0.2933062809443978,TRACKING distance=0.293 heading_error=1.708 linear=0.000 angular=0.550 ,False
20.200000000000003,1,1.0,0.0,0.0,0.7081587639786523,-0.010268824326243606,-1.6544097296943068,0.29202184129874814,TRACKING distance=0.292 heading_error=1.690 linear=0.000 angular=0.550 ,False
20.200000000000003,1,1.0,0.0,0.0,0.7082615670397152,-0.010397307979550916,-1.6527654440668416,0.2919236497431207,TRACKING distance=0.292 heading_error=1.690 linear=0.000 angular=0.550 ,False
20.3,1,1.0,0.0,0.0,0.7082109582677385,-0.010458250057755686,-1.646642629164154,0.2919764029323294,TRACKING distance=0.292 heading_error=1.682 linear=0.000 angular=0.550 ,False
20.3,1,1.0,0.0,0.0,0.7082109582677385,-0.010458250057755686,-1.646642629164154,0.2919764029323294,TRACKING distance=0.292 heading_error=1.682 linear=0.000 angular=0.550 ,False
20.400000000000002,1,1.0,0.0,0.0,0.7082547795109547,-0.01077330113672269,-1.6419609917490214,0.2919440660393428,TRACKING distance=0.292 heading_error=1.679 linear=0.000 angular=0.550 ,False
20.400000000000002,1,1.0,0.0,0.0,0.7082547795109547,-0.01077330113672269,-1.6419609917490214,0.2919440660393428,TRACKING distance=0.292 heading_error=1.679 linear=0.000 angular=0.550 ,False
20.5,1,1.0,0.0,0.0,0.7083863340854258,-0.010621484880405619,-1.6297408986781383,0.29180703570887656,TRACKING distance=0.292 heading_error=1.666 linear=0.000 angular=0.550 ,False
20.5,1,1.0,0.0,0.0,0.7083863340854258,-0.010621484880405619,-1.6297408986781383,0.29180703570887656,TRACKING distance=0.292 heading_error=1.666 linear=0.000 angular=0.550 ,False
20.6,1,1.0,0.0,0.0,0.7091645740628476,-0.010713416573285667,-1.612458655767317,0.29103268248552017,TRACKING distance=0.291 heading_error=1.649 linear=0.000 angular=0.550 ,False
20.6,1,1.0,0.0,0.0,0.7091645740628476,-0.010713416573285667,-1.612458655767317,0.29103268248552017,TRACKING distance=0.291 heading_error=1.649 linear=0.000 angular=0.550 ,False
20.700000000000003,1,1.0,0.0,0.0,0.7086673695961265,-0.010481523392581207,-1.5963058784989943,0.29152112079688014,TRACKING distance=0.292 heading_error=1.632 linear=0.000 angular=0.550 ,False
20.700000000000003,1,1.0,0.0,0.0,0.7088534368438812,-0.01074094665866326,-1.5941954217118925,0.29134462269405986,TRACKING distance=0.292 heading_error=1.632 linear=0.000 angular=0.550 ,False
20.8,1,1.0,0.0,0.0,0.7094279827939558,-0.010564972688682858,-1.576909077604839,0.290764020867614,TRACKING distance=0.291 heading_error=1.613 linear=0.000 angular=0.550 ,False
20.8,1,1.0,0.0,0.0,0.7094279827939558,-0.010564972688682858,-1.576909077604839,0.290764020867614,TRACKING distance=0.291 heading_error=1.613 linear=0.000 angular=0.550 ,False
20.900000000000002,1,1.0,0.0,0.0,0.70923370033969,-0.010343515177921031,-1.5553424854454219,0.29095021794868114,TRACKING distance=0.291 heading_error=1.591 linear=0.000 angular=0.550 ,False
20.900000000000002,1,1.0,0.0,0.0,0.70923370033969,-0.010343515177921031,-1.5553424854454219,0.29095021794868114,TRACKING distance=0.291 heading_error=1.591 linear=0.000 angular=0.550 ,False
21.0,1,1.0,0.0,0.0,0.7095164581226567,-0.01134241637817548,-1.5297689746114143,0.29070489935827043,TRACKING distance=0.291 heading_error=1.569 linear=0.000 angular=0.550 ,False
21.0,1,1.0,0.0,0.0,0.7095164581226567,-0.01134241637817548,-1.5297689746114143,0.29070489935827043,TRACKING distance=0.291 heading_error=1.569 linear=0.000 angular=0.550 ,False
21.1,1,1.0,0.0,0.0,0.7093312307235078,-0.010905892284601473,-1.5046262572413311,0.2908732918630275,TRACKING distance=0.291 heading_error=1.542 linear=0.000 angular=0.550 ,False
21.1,1,1.0,0.0,0.0,0.7093165535522706,-0.010983953003118543,-1.5020711557157307,0.2908908958051191,TRACKING distance=0.291 heading_error=1.542 linear=0.000 angular=0.550 ,False
21.200000000000003,1,1.0,0.0,0.0,0.710222557920223,-0.010711418047789002,-1.4788814917986055,0.289975344494826,TRACKING distance=0.290 heading_error=1.516 linear=0.000 angular=0.550 ,False
21.200000000000003,1,1.0,0.0,0.0,0.710222557920223,-0.010711418047789002,-1.4788814917986055,0.289975344494826,TRACKING distance=0.290 heading_error=1.516 linear=0.000 angular=0.550 ,False
21.3,1,1.0,0.0,0.0,0.7099014532177748,-0.011229449394052272,-1.4496666549923423,0.2903158062849016,TRACKING distance=0.290 heading_error=1.488 linear=0.000 angular=0.550 ,False
21.3,1,1.0,0.0,0.0,0.7099014532177748,-0.011229449394052272,-1.4496666549923423,0.2903158062849016,TRACKING distance=0.290 heading_error=1.488 linear=0.000 angular=0.550 ,False
21.400000000000002,1,1.0,0.0,0.0,0.7099813703782404,-0.011453283199499883,-1.4214650528958186,0.29024469542737785,TRACKING distance=0.290 heading_error=1.461 linear=0.000 angular=0.550 ,False
21.400000000000002,1,1.0,0.0,0.0,0.7102492973443825,-0.011710232115456184,-1.418589898038615,0.28998723976344537,TRACKING distance=0.290 heading_error=1.461 linear=0.000 angular=0.550 ,False
21.5,1,1.0,0.0,0.0,0.7096260383794271,-0.011097038911502917,-1.3935761710751509,0.29058592853032195,TRACKING distance=0.291 heading_error=1.432 linear=0.000 angular=0.550 ,False
21.5,1,1.0,0.0,0.0,0.7096260383794271,-0.011097038911502917,-1.3935761710751509,0.29058592853032195,TRACKING distance=0.291 heading_error=1.432 linear=0.000 angular=0.550 ,False
21.6,1,1.0,0.0,0.0,0.7100659181725362,-0.011414218868448792,-1.3674266112693982,0.2901586741724454,TRACKING distance=0.290 heading_error=1.408 linear=0.000 angular=0.550 ,False
21.6,1,1.0,0.0,0.0,0.7100659181725362,-0.011414218868448792,-1.3674266112693982,0.2901586741724454,TRACKING distance=0.290 heading_error=1.408 linear=0.000 angular=0.550 ,False
21.700000000000003,1,1.0,0.0,0.0,0.7105492564297968,-0.011800352170590977,-1.347436046920331,0.28969118258016324,TRACKING distance=0.290 heading_error=1.388 linear=0.000 angular=0.550 ,False
21.700000000000003,1,1.0,0.0,0.0,0.7105492564297968,-0.011800352170590977,-1.347436046920331,0.28969118258016324,TRACKING distance=0.290 heading_error=1.388 linear=0.000 angular=0.550 ,False
21.8,1,1.0,0.0,0.0,0.7103136931626046,-0.011405073935756913,-1.3262941651239535,0.2899107312269928,TRACKING distance=0.290 heading_error=1.366 linear=0.000 angular=0.550 ,False
21.8,1,1.0,0.0,0.0,0.7103389691576149,-0.011278162123512422,-1.3241137324409114,0.2898805093992306,TRACKING distance=0.290 heading_error=1.366 linear=0.000 angular=0.550 ,False
21.900000000000002,1,1.0,0.0,0.0,0.71002196209567,-0.010662501342754687,-1.3023379742952874,0.2901740019397487,TRACKING distance=0.290 heading_error=1.339 linear=0.000 angular=0.550 ,False
21.900000000000002,1,1.0,0.0,0.0,0.71002196209567,-0.010662501342754687,-1.3023379742952874,0.2901740019397487,TRACKING distance=0.290 heading_error=1.339 linear=0.000 angular=0.550 ,False
22.0,1,1.0,0.0,0.0,0.7110942856506294,-0.010522470113776154,-1.2752968835659333,0.28909727456518064,TRACKING distance=0.289 heading_error=1.312 linear=0.000 angular=0.550 ,False
22.0,1,1.0,0.0,0.0,0.711109735071636,-0.010620149189780546,-1.2723075193188422,0.28908540734390853,TRACKING distance=0.289 heading_error=1.312 linear=0.000 angular=0.550 ,False
22.1,1,1.0,0.0,0.0,0.7114248221330743,-0.010415922812405486,-1.2476030226473303,0.28876309447185555,TRACKING distance=0.289 heading_error=1.284 linear=0.000 angular=0.550 ,False
22.1,1,1.0,0.0,0.0,0.7114248221330743,-0.010415922812405486,-1.2476030226473303,0.28876309447185555,TRACKING distance=0.289 heading_error=1.284 linear=0.000 angular=0.550 ,False
22.200000000000003,1,1.0,0.0,0.0,0.7114552907915456,-0.00980541769005102,-1.2183355796172501,0.28871126654196905,TRACKING distance=0.289 heading_error=1.252 linear=0.000 angular=0.550 ,False
22.200000000000003,1,1.0,0.0,0.0,0.7114552907915456,-0.00980541769005102,-1.2183355796172501,0.28871126654196905,TRACKING distance=0.289 heading_error=1.252 linear=0.000 angular=0.550 ,False
22.3,1,1.0,0.0,0.0,0.7113903484780589,-0.009820135348536214,-1.1826428194394758,0.28877667151257186,TRACKING distance=0.289 heading_error=1.220 linear=0.000 angular=0.550 ,False
22.3,1,1.0,0.0,0.0,0.7113903484780589,-0.009820135348536214,-1.1826428194394758,0.28877667151257186,TRACKING distance=0.289 heading_error=1.220 linear=0.000 angular=0.550 ,False
22.400000000000002,1,1.0,0.0,0.0,0.7125029987558756,-0.009953514535002308,-1.1511546182226668,0.28766925135641896,TRACKING distance=0.288 heading_error=1.186 linear=0.000 angular=0.550 ,False
22.400000000000002,1,1.0,0.0,0.0,0.7125029987558756,-0.009953514535002308,-1.1511546182226668,0.28766925135641896,TRACKING distance=0.288 heading_error=1.186 linear=0.000 angular=0.550 ,False
22.5,1,1.0,0.0,0.0,0.7120695886074445,-0.009865102166754767,-1.1155827367202038,0.28809936141103604,TRACKING distance=0.288 heading_error=1.150 linear=0.000 angular=0.550 ,False
22.5,1,1.0,0.0,0.0,0.7120695886074445,-0.009865102166754767,-1.1155827367202038,0.28809936141103604,TRACKING distance=0.288 heading_error=1.150 linear=0.000 angular=0.550 ,False
22.6,1,1.0,0.0,0.0,0.7125332625339703,-0.009852054757121356,-1.081751827920852,0.2876355126410864,TRACKING distance=0.288 heading_error=1.116 linear=0.000 angular=0.550 ,False
22.6,1,1.0,0.0,0.0,0.7125332625339703,-0.009852054757121356,-1.081751827920852,0.2876355126410864,TRACKING distance=0.288 heading_error=1.116 linear=0.000 angular=0.550 ,False
22.700000000000003,1,1.0,0.0,0.0,0.7130770145687513,-0.009013142937762727,-1.0474283705978458,0.2870645159444077,TRACKING distance=0.287 heading_error=1.079 linear=0.000 angular=0.550 ,False
22.700000000000003,1,1.0,0.0,0.0,0.712848519463715,-0.009128736769575454,-1.0444700188417158,0.2872965482027041,TRACKING distance=0.287 heading_error=1.079 linear=0.000 angular=0.550 ,False
22.8,1,1.0,0.0,0.0,0.7124553521636201,-0.009249652595890143,-1.0131607375008362,0.28769337943806145,TRACKING distance=0.288 heading_error=1.045 linear=0.000 angular=0.550 ,False
22.8,1,1.0,0.0,0.0,0.7124553521636201,-0.009249652595890143,-1.0131607375008362,0.28769337943806145,TRACKING distance=0.288 heading_error=1.045 linear=0.000 angular=0.550 ,False
22.8,1,1.0,0.0,0.0,0.712841664329407,-0.008564799039381213,-0.9806414195722483,0.28728603434154254,TRACKING distance=0.287 heading_error=1.010 linear=0.000 angular=0.550 ,False
22.8,1,1.0,0.0,0.0,0.712841664329407,-0.008564799039381213,-0.9806414195722483,0.28728603434154254,TRACKING distance=0.287 heading_error=1.010 linear=0.000 angular=0.550 ,False
23.0,1,1.0,0.0,0.0,0.7124115806161039,-0.008571876231232699,-0.9500836842819439,0.2877161379308628,TRACKING distance=0.288 heading_error=0.980 linear=0.000 angular=0.550 ,False
23.0,1,1.0,0.0,0.0,0.7124115806161039,-0.008571876231232699,-0.9500836842819439,0.2877161379308628,TRACKING distance=0.288 heading_error=0.980 linear=0.000 angular=0.550 ,False
23.1,1,1.0,0.0,0.0,0.712702297694138,-0.008371664761223462,-0.9214240907367609,0.28741964880832704,TRACKING distance=0.287 heading_error=0.951 linear=0.000 angular=0.550 ,False
23.1,1,1.0,0.0,0.0,0.712702297694138,-0.008371664761223462,-0.9214240907367609,0.28741964880832704,TRACKING distance=0.287 heading_error=0.951 linear=0.000 angular=0.550 ,False
23.200000000000003,1,1.0,0.0,0.0,0.7129758714129737,-0.00872472946854478,-0.8921331852703369,0.2871567016376966,TRACKING distance=0.287 heading_error=0.923 linear=0.000 angular=0.550 ,False
23.200000000000003,1,1.0,0.0,0.0,0.7129758714129737,-0.00872472946854478,-0.8921331852703369,0.2871567016376966,TRACKING distance=0.287 heading_error=0.923 linear=0.000 angular=0.550 ,False
23.200000000000003,1,1.0,0.0,0.0,0.7126576207082563,-0.009263410287250137,-0.8634179615251049,0.2874916585001906,TRACKING distance=0.287 heading_error=0.896 linear=0.000 angular=0.550 ,False
23.200000000000003,1,1.0,0.0,0.0,0.7126576207082563,-0.009263410287250137,-0.8634179615251049,0.2874916585001906,TRACKING distance=0.287 heading_error=0.896 linear=0.000 angular=0.550 ,False
23.400000000000002,1,1.0,0.0,0.0,0.7141373083758975,-0.009371606351887746,-0.8340216581229043,0.2860162678383722,TRACKING distance=0.286 heading_error=0.867 linear=0.000 angular=0.550 ,False
23.400000000000002,1,1.0,0.0,0.0,0.7141373083758975,-0.009371606351887746,-0.8340216581229043,0.2860162678383722,TRACKING distance=0.286 heading_error=0.867 linear=0.000 angular=0.550 ,False
23.5,1,1.0,0.0,0.0,0.7144097477637026,-0.009255822040131513,-0.8026312695799483,0.2857402009064013,TRACKING distance=0.286 heading_error=0.835 linear=0.000 angular=0.550 ,False
23.5,1,1.0,0.0,0.0,0.7144097477637026,-0.009255822040131513,-0.8026312695799483,0.2857402009064013,TRACKING distance=0.286 heading_error=0.835 linear=0.000 angular=0.550 ,False
23.6,1,1.0,0.0,0.0,0.7146283962798079,-0.010392429592453683,-0.7710906664381585,0.28556077252078665,TRACKING distance=0.286 heading_error=0.807 linear=0.000 angular=0.550 ,False
23.6,1,1.0,0.0,0.0,0.7148399343281888,-0.0103629606089432,-0.7681745686526218,0.2853483029676787,TRACKING distance=0.286 heading_error=0.807 linear=0.000 angular=0.550 ,False
23.700000000000003,1,1.0,0.0,0.0,0.7151332063564192,-0.010288704597910647,-0.7425450940100606,0.28505253474241815,TRACKING distance=0.285 heading_error=0.779 linear=0.000 angular=0.550 ,False
23.700000000000003,1,1.0,0.0,0.0,0.7151332063564192,-0.010288704597910647,-0.7425450940100606,0.28505253474241815,TRACKING distance=0.285 heading_error=0.779 linear=0.000 angular=0.550 ,False
23.8,1,1.0,0.0,0.0,0.7160099264181489,-0.01038427994509002,-0.7133791936911058,0.2841798641054697,TRACKING distance=0.284 heading_error=0.750 linear=0.000 angular=0.550 ,False
23.8,1,1.0,0.0,0.0,0.7160099264181489,-0.01038427994509002,-0.7133791936911058,0.2841798641054697,TRACKING distance=0.284 heading_error=0.750 linear=0.000 angular=0.550 ,False
23.900000000000002,1,1.0,0.0,0.0,0.7166379539275358,-0.010444820125693557,-0.6878604465601067,0.2835544805179975,TRACKING distance=0.284 heading_error=0.725 linear=0.000 angular=0.550 ,False
23.900000000000002,1,1.0,0.0,0.0,0.7166379539275358,-0.010444820125693557,-0.6878604465601067,0.2835544805179975,TRACKING distance=0.284 heading_error=0.725 linear=0.000 angular=0.550 ,False
24.0,1,1.0,0.0,0.0,0.7167906398993389,-0.010810835996924279,-0.6599832367026884,0.28341562381699836,TRACKING distance=0.283 heading_error=0.698 linear=0.156 angular=0.550 ,False
24.0,1,1.0,0.0,0.0,0.7167906398993389,-0.010810835996924279,-0.6599832367026884,0.28341562381699836,TRACKING distance=0.283 heading_error=0.698 linear=0.156 angular=0.550 ,False
24.1,1,1.0,0.0,0.0,0.7171967497229804,-0.010653126222017863,-0.6321619196874415,0.28300382941852364,TRACKING distance=0.283 heading_error=0.670 linear=0.156 angular=0.550 ,False
24.1,1,1.0,0.0,0.0,0.7171967497229804,-0.010653126222017863,-0.6321619196874415,0.28300382941852364,TRACKING distance=0.283 heading_error=0.670 linear=0.156 angular=0.550 ,False
24.200000000000003,1,1.0,0.0,0.0,0.7178702326785783,-0.010627715135454114,-0.5995786792568637,0.2823298672436905,TRACKING distance=0.282 heading_error=0.640 linear=0.155 angular=0.550 ,False
24.200000000000003,1,1.0,0.0,0.0,0.7178702326785783,-0.010627715135454114,-0.5995786792568637,0.2823298672436905,TRACKING distance=0.282 heading_error=0.640 linear=0.155 angular=0.550 ,False
24.3,1,1.0,0.0,0.0,0.7242177834850843,-0.01408862353973513,-0.5783740178063527,0.2761418480765352,TRACKING distance=0.276 heading_error=0.629 linear=0.152 angular=0.550 ,False
24.3,1,1.0,0.0,0.0,0.7242177834850843,-0.01408862353973513,-0.5783740178063527,0.2761418480765352,TRACKING distance=0.276 heading_error=0.629 linear=0.152 angular=0.550 ,False
24.400000000000002,1,1.0,0.0,0.0,0.7397636222913073,-0.023978546168533284,-0.5606243890220202,0.26133875135405743,TRACKING distance=0.261 heading_error=0.653 linear=0.144 angular=0.550 ,False
24.400000000000002,1,1.0,0.0,0.0,0.7397636222913073,-0.023978546168533284,-0.5606243890220202,0.26133875135405743,TRACKING distance=0.261 heading_error=0.653 linear=0.144 angular=0.550 ,False
24.5,1,1.0,0.0,0.0,0.7559796559147385,-0.033910263448748035,-0.5384922671131043,0.24636524571183518,ALIGN_YAW distance=0.246 yaw_error=0.538,False
24.5,1,1.0,0.0,0.0,0.7559796559147385,-0.033910263448748035,-0.5384922671131043,0.24636524571183518,ALIGN_YAW distance=0.246 yaw_error=0.538,False
24.6,1,1.0,0.0,0.0,0.7724187841515203,-0.04369117067897713,-0.5149960545764133,0.23173719641518883,ALIGN_YAW distance=0.232 yaw_error=0.515,False
24.6,1,1.0,0.0,0.0,0.7724187841515203,-0.04369117067897713,-0.5149960545764133,0.23173719641518883,ALIGN_YAW distance=0.232 yaw_error=0.515,False
24.700000000000003,1,1.0,0.0,0.0,0.7835653644703925,-0.05021786148664959,-0.4932297177752151,0.22218412425087072,ALIGN_YAW distance=0.222 yaw_error=0.493,False
24.700000000000003,1,1.0,0.0,0.0,0.7838985350081531,-0.0503391848645291,-0.4908929184119243,0.22188708097689616,ALIGN_YAW distance=0.222 yaw_error=0.493,False
24.8,1,1.0,0.0,0.0,0.7854736014693243,-0.05097841014225089,-0.4699772286860348,0.22050028110452338,ALIGN_YAW distance=0.221 yaw_error=0.470,False
24.8,1,1.0,0.0,0.0,0.7854736014693243,-0.05097841014225089,-0.4699772286860348,0.22050028110452338,ALIGN_YAW distance=0.221 yaw_error=0.470,False
24.900000000000002,1,1.0,0.0,0.0,0.7857203671980872,-0.05029889086192149,-0.4445294166642074,0.22010392876017015,ARRIVED distance=0.220 yaw_error=0.445,True
24.900000000000002,1,1.0,0.0,0.0,0.7857203671980872,-0.05029889086192149,-0.4445294166642074,0.22010392876017015,ARRIVED distance=0.220 yaw_error=0.445,True
25.0,1,1.0,0.0,0.0,0.7861409620076715,-0.04919075063622721,-0.4234378800083644,0.2194434279698522,ARRIVED distance=0.219 yaw_error=0.423,True
25.0,1,1.0,0.0,0.0,0.7861108945139935,-0.0490022364765295,-0.4213078256746745,0.21943055535933395,ARRIVED distance=0.219 yaw_error=0.423,True
25.0,1,1.0,0.0,0.0,0.7861108945139935,-0.0490022364765295,-0.4213078256746745,0.21943055535933395,GOAL_RECEIVED frame=odom x=1.000 y=0.000,False
25.1,1,1.0,0.0,0.0,0.7867116198826405,-0.048693686648160914,-0.40655260097946555,0.21877616006429157,ARRIVED distance=0.219 yaw_error=0.407,True
25.1,1,1.0,0.0,0.0,0.7867116198826405,-0.048693686648160914,-0.40655260097946555,0.21877616006429157,ARRIVED distance=0.219 yaw_error=0.407,True
25.200000000000003,1,1.0,0.0,0.0,0.7866844237866498,-0.048737665924472845,-0.403607612462084,0.2188124656755166,ARRIVED distance=0.219 yaw_error=0.404,True
25.200000000000003,1,1.0,0.0,0.0,0.7866844237866498,-0.048737665924472845,-0.403607612462084,0.2188124656755166,ARRIVED distance=0.219 yaw_error=0.404,True
25.3,1,1.0,0.0,0.0,0.786683786979335,-0.04873791356668043,-0.4036037052073361,0.21881314164444263,ARRIVED distance=0.219 yaw_error=0.404,True
25.3,1,1.0,0.0,0.0,0.7866836301233014,-0.04873797382701963,-0.403610138428854,0.21881330798225165,ARRIVED distance=0.219 yaw_error=0.404,True
25.400000000000002,1,1.0,0.0,0.0,0.7866835601275851,-0.048737351166735596,-0.40362129607925706,0.21881323753052806,ARRIVED distance=0.219 yaw_error=0.404,True
25.400000000000002,1,1.0,0.0,0.0,0.7866837684605725,-0.04873684506844721,-0.40362378507327795,0.21881292170575406,ARRIVED distance=0.219 yaw_error=0.404,True
25.5,1,1.0,0.0,0.0,0.7866828526231004,-0.0487362377849058,-0.40362250243871006,0.21881367927633036,ARRIVED distance=0.219 yaw_error=0.404,True
25.5,1,1.0,0.0,0.0,0.7866825858830611,-0.04873648895698988,-0.4036201084168078,0.2188139952594267,ARRIVED distance=0.219 yaw_error=0.404,True
25.6,1,1.0,0.0,0.0,0.7866818396570291,-0.04873578246526205,-0.4036255750737845,0.21881456538496424,ARRIVED distance=0.219 yaw_error=0.404,True
25.6,1,1.0,0.0,0.0,0.7866818396570291,-0.04873578246526205,-0.4036255750737845,0.21881456538496424,ARRIVED distance=0.219 yaw_error=0.404,True
25.700000000000003,1,1.0,0.0,0.0,0.7866806103878571,-0.04873511706701421,-0.40362644168865397,0.21881561557629475,ARRIVED distance=0.219 yaw_error=0.404,True
25.700000000000003,1,1.0,0.0,0.0,0.7866804195154232,-0.04873503174189785,-0.40362639250514204,0.2188157826506114,ARRIVED distance=0.219 yaw_error=0.404,True
25.8,1,1.0,0.0,0.0,0.786678992867472,-0.04873494816743658,-0.4036252268137221,0.21881715485061676,ARRIVED distance=0.219 yaw_error=0.404,True
25.8,1,1.0,0.0,0.0,0.786678992867472,-0.04873494816743658,-0.4036252268137221,0.21881715485061676,ARRIVED distance=0.219 yaw_error=0.404,True
25.8,1,5.0,0.0,0.0,0.7866791261879067,-0.04873448330523039,-0.40362737144594135,4.213602714490739,GOAL_RECEIVED frame=odom x=5.000 y=0.000,False
25.900000000000002,1,5.0,0.0,0.0,0.786677640311835,-0.04873408768157235,-0.4036260337331846,4.213604195691665,TRACKING distance=4.214 heading_error=0.415 linear=0.350 angular=0.498 ,False
25.900000000000002,1,5.0,0.0,0.0,0.78667769139418,-0.048733774544603786,-0.40362847752089337,4.21360414099104,TRACKING distance=4.214 heading_error=0.415 linear=0.350 angular=0.498 ,False
26.0,1,5.0,0.0,0.0,0.7866761779094457,-0.048733626902818045,-0.4036249875426104,4.213605652666948,TRACKING distance=4.214 heading_error=0.415 linear=0.350 angular=0.498 ,False
26.0,1,5.0,0.0,0.0,0.7866762241140439,-0.048733410593237755,-0.4036272644465128,4.213605603963658,TRACKING distance=4.214 heading_error=0.415 linear=0.350 angular=0.498 ,False
26.1,1,5.0,0.0,0.0,0.7866748335057264,-0.04873301466367822,-0.40362638877103574,4.2136069898997714,TRACKING distance=4.214 heading_error=0.415 linear=0.350 angular=0.498 ,False
26.1,1,5.0,0.0,0.0,0.7866748335057264,-0.04873301466367822,-0.40362638877103574,4.2136069898997714,TRACKING distance=4.214 heading_error=0.415 linear=0.350 angular=0.498 ,False
