time_sec,count,state,nearest_gt_dist_m,associated
17.6,1,GT_LOG_ONLY /bird/nearest_pose ignored_for_decision=true detector_mode=lidar provenance=gazebo_gt raw=80000 roi=10 cluster=10 tf_ok=True fallback_allowed=False decision_allowed=True,0.6919289303061756,true
17.6,1,GT_LOG_ONLY /bird/nearest_pose ignored_for_decision=true detector_mode=lidar provenance=gazebo_gt raw=80000 roi=22 cluster=22 tf_ok=True fallback_allowed=False decision_allowed=True,0.6919289303061756,true
17.8,1,GT_LOG_ONLY /bird/nearest_pose ignored_for_decision=true detector_mode=lidar provenance=gazebo_gt raw=80000 roi=22 cluster=22 tf_ok=True fallback_allowed=False decision_allowed=True,0.698766419538004,true
18.0,1,GT_LOG_ONLY /bird/nearest_pose ignored_for_decision=true detector_mode=lidar provenance=gazebo_gt raw=80000 roi=22 cluster=22 tf_ok=True fallback_allowed=False decision_allowed=True,0.7194388482608866,true
18.0,1,GT_LOG_ONLY /bird/nearest_pose ignored_for_decision=true detector_mode=lidar provenance=gazebo_gt raw=80000 roi=22 cluster=22 tf_ok=True fallback_allowed=False decision_allowed=True,0.6969028398003518,true
18.200000000000003,1,GT_LOG_ONLY /bird/nearest_pose ignored_for_decision=true detector_mode=lidar provenance=gazebo_gt raw=80000 roi=28 cluster=28 tf_ok=True fallback_allowed=False decision_allowed=True,0.6727781037567253,true
18.200000000000003,1,GT_LOG_ONLY /bird/nearest_pose ignored_for_decision=true detector_mode=lidar provenance=gazebo_gt raw=80000 roi=52 cluster=52 tf_ok=True fallback_allowed=False decision_allowed=True,0.6727781037567253,true
18.400000000000002,1,TARGET_OK source=last_value_hold age=0.10 moving=True speed=1.49 detector_mode=lidar provenance=lidar raw=80000 roi=52 cluster=52 tf_ok=True fallback_allowed=False decision_allowed=True,0.6646239960550949,true
18.400000000000002,1,GT_LOG_ONLY /bird/nearest_pose ignored_for_decision=true detector_mode=lidar provenance=gazebo_gt raw=80000 roi=36 cluster=36 tf_ok=True fallback_allowed=False decision_allowed=True,0.6646239960550949,true
18.5,1,GT_LOG_ONLY /bird/nearest_pose ignored_for_decision=true detector_mode=lidar provenance=gazebo_gt raw=80000 roi=36 cluster=36 tf_ok=True fallback_allowed=False decision_allowed=True,0.6372975961889099,true
18.6,1,GT_LOG_ONLY /bird/nearest_pose ignored_for_decision=true detector_mode=lidar provenance=gazebo_gt raw=80000 roi=72 cluster=72 tf_ok=True fallback_allowed=False decision_allowed=True,0.6447358872554354,true
18.700000000000003,1,GT_LOG_ONLY /bird/nearest_pose ignored_for_decision=true detector_mode=lidar provenance=gazebo_gt raw=80000 roi=72 cluster=72 tf_ok=True fallback_allowed=False decision_allowed=True,0.6383441997934893,true
18.8,1,GT_LOG_ONLY /bird/nearest_pose ignored_for_decision=true detector_mode=lidar provenance=gazebo_gt raw=80000 roi=48 cluster=48 tf_ok=True fallback_allowed=False decision_allowed=True,0.6168603467410941,true
18.8,1,GT_LOG_ONLY /bird/nearest_pose ignored_for_decision=true detector_mode=lidar provenance=gazebo_gt raw=80000 roi=94 cluster=94 tf_ok=True fallback_allowed=False decision_allowed=True,0.6168603467410941,true
19.0,1,GT_LOG_ONLY /bird/nearest_pose ignored_for_decision=true detector_mode=lidar provenance=gazebo_gt raw=80000 roi=94 cluster=94 tf_ok=True fallback_allowed=False decision_allowed=True,0.6215560516315215,true
19.0,1,GT_LOG_ONLY /bird/nearest_pose ignored_for_decision=true detector_mode=lidar provenance=gazebo_gt raw=80000 roi=62 cluster=62 tf_ok=True fallback_allowed=False decision_allowed=True,0.6215560516315215,true
19.1,1,GT_LOG_ONLY /bird/nearest_pose ignored_for_decision=true detector_mode=lidar provenance=gazebo_gt raw=80000 roi=62 cluster=62 tf_ok=True fallback_allowed=False decision_allowed=True,0.6045611856335095,true
19.200000000000003,1,TARGET_OK source=lidar_cluster moving=True speed=0.69 detector_mode=lidar provenance=lidar raw=80000 roi=120 cluster=120 tf_ok=True fallback_allowed=False decision_allowed=True,0.6045611856335095,true
19.3,1,GT_LOG_ONLY /bird/nearest_pose ignored_for_decision=true detector_mode=lidar provenance=gazebo_gt raw=80000 roi=120 cluster=120 tf_ok=True fallback_allowed=False decision_allowed=True,0.6136029081583552,true
19.400000000000002,1,GT_LOG_ONLY /bird/nearest_pose ignored_for_decision=true detector_mode=lidar provenance=gazebo_gt raw=80000 roi=76 cluster=76 tf_ok=True fallback_allowed=False decision_allowed=True,0.6020976540018131,true
19.400000000000002,1,GT_LOG_ONLY /bird/nearest_pose ignored_for_decision=true detector_mode=lidar provenance=gazebo_gt raw=80000 roi=144 cluster=144 tf_ok=True fallback_allowed=False decision_allowed=True,0.6020976540018131,true
19.6,1,GT_LOG_ONLY /bird/nearest_pose ignored_for_decision=true detector_mode=lidar provenance=gazebo_gt raw=80000 roi=144 cluster=144 tf_ok=True fallback_allowed=False decision_allowed=True,0.5995742128896682,true
19.6,1,GT_LOG_ONLY /bird/nearest_pose ignored_for_decision=true detector_mode=lidar provenance=gazebo_gt raw=80000 roi=122 cluster=122 tf_ok=True fallback_allowed=False decision_allowed=True,0.5995742128896682,true
19.700000000000003,1,TARGET_OK source=last_value_hold age=0.10 moving=True speed=0.76 detector_mode=lidar provenance=lidar raw=80000 roi=122 cluster=122 tf_ok=True fallback_allowed=False decision_allowed=True,0.5971695441163096,true
19.8,1,GT_LOG_ONLY /bird/nearest_pose ignored_for_decision=true detector_mode=lidar provenance=gazebo_gt raw=80000 roi=136 cluster=136 tf_ok=True fallback_allowed=False decision_allowed=True,0.5971695441163096,true
19.900000000000002,1,GT_LOG_ONLY /bird/nearest_pose ignored_for_decision=true detector_mode=lidar provenance=gazebo_gt raw=80000 roi=136 cluster=136 tf_ok=True fallback_allowed=False decision_allowed=True,0.601852859310648,true
20.0,1,GT_LOG_ONLY /bird/nearest_pose ignored_for_decision=true detector_mode=lidar provenance=gazebo_gt raw=80000 roi=112 cluster=112 tf_ok=True fallback_allowed=False decision_allowed=True,0.595073219865413,true
20.0,1,GT_LOG_ONLY /bird/nearest_pose ignored_for_decision=true detector_mode=lidar provenance=gazebo_gt raw=80000 roi=156 cluster=156 tf_ok=True fallback_allowed=False decision_allowed=True,0.595073219865413,true
20.200000000000003,1,GT_LOG_ONLY /bird/nearest_pose ignored_for_decision=true detector_mode=lidar provenance=gazebo_gt raw=80000 roi=156 cluster=156 tf_ok=True fallback_allowed=False decision_allowed=True,0.6029751550439366,true
20.400000000000002,1,GT_LOG_ONLY /bird/nearest_pose ignored_for_decision=true detector_mode=lidar provenance=gazebo_gt raw=80000 roi=156 cluster=156 tf_ok=True fallback_allowed=False decision_allowed=True,0.6273394189409662,true
20.5,1,GT_LOG_ONLY /bird/nearest_pose ignored_for_decision=true detector_mode=lidar provenance=gazebo_gt raw=80000 roi=156 cluster=156 tf_ok=True fallback_allowed=False decision_allowed=True,0.6154443156918539,true
20.6,1,GT_LOG_ONLY /bird/nearest_pose ignored_for_decision=true detector_mode=lidar provenance=gazebo_gt raw=80000 roi=142 cluster=142 tf_ok=True fallback_allowed=False decision_allowed=True,0.6235063718631537,true
20.8,1,GT_LOG_ONLY /bird/nearest_pose ignored_for_decision=true detector_mode=lidar provenance=gazebo_gt raw=80000 roi=142 cluster=142 tf_ok=True fallback_allowed=False decision_allowed=True,0.6163684231162839,true
20.8,1,GT_LOG_ONLY /bird/nearest_pose ignored_for_decision=true detector_mode=lidar provenance=gazebo_gt raw=80000 roi=158 cluster=158 tf_ok=True fallback_allowed=False decision_allowed=True,0.6163684231162839,true
21.0,1,GT_LOG_ONLY /bird/nearest_pose ignored_for_decision=true detector_mode=lidar provenance=gazebo_gt raw=80000 roi=158 cluster=158 tf_ok=True fallback_allowed=False decision_allowed=True,0.624591197704681,true
21.1,1,GT_LOG_ONLY /bird/nearest_pose ignored_for_decision=true detector_mode=lidar provenance=gazebo_gt raw=80000 roi=158 cluster=158 tf_ok=True fallback_allowed=False decision_allowed=True,0.6155569591399055,true
21.200000000000003,1,GT_LOG_ONLY /bird/nearest_pose ignored_for_decision=true detector_mode=lidar provenance=gazebo_gt raw=80000 roi=170 cluster=170 tf_ok=True fallback_allowed=False decision_allowed=True,0.6236151215560932,true
21.400000000000002,1,GT_LOG_ONLY /bird/nearest_pose ignored_for_decision=true detector_mode=lidar provenance=gazebo_gt raw=80000 roi=170 cluster=170 tf_ok=True fallback_allowed=False decision_allowed=True,0.6317664263470617,true
21.5,1,GT_LOG_ONLY /bird/nearest_pose ignored_for_decision=true detector_mode=lidar provenance=gazebo_gt raw=80000 roi=170 cluster=170 tf_ok=True fallback_allowed=False decision_allowed=True,0.6186719694849014,true
21.6,1,GT_LOG_ONLY /bird/nearest_pose ignored_for_decision=true detector_mode=lidar provenance=gazebo_gt raw=80000 roi=202 cluster=202 tf_ok=True fallback_allowed=False decision_allowed=True,0.6186719694849014,true
21.700000000000003,1,GT_LOG_ONLY /bird/nearest_pose ignored_for_decision=true detector_mode=lidar provenance=gazebo_gt raw=80000 roi=202 cluster=202 tf_ok=True fallback_allowed=False decision_allowed=True,0.6129045720682398,true
21.8,1,GT_LOG_ONLY /bird/nearest_pose ignored_for_decision=true detector_mode=lidar provenance=gazebo_gt raw=80000 roi=184 cluster=184 tf_ok=True fallback_allowed=False decision_allowed=True,0.5997167750022395,true
21.8,1,GT_LOG_ONLY /bird/nearest_pose ignored_for_decision=true detector_mode=lidar provenance=gazebo_gt raw=80000 roi=222 cluster=222 tf_ok=True fallback_allowed=False decision_allowed=True,0.5997167750022395,true
22.0,1,GT_LOG_ONLY /bird/nearest_pose ignored_for_decision=true detector_mode=lidar provenance=gazebo_gt raw=80000 roi=222 cluster=222 tf_ok=True fallback_allowed=False decision_allowed=True,0.5995565571374895,true
22.0,1,GT_LOG_ONLY /bird/nearest_pose ignored_for_decision=true detector_mode=lidar provenance=gazebo_gt raw=80000 roi=186 cluster=186 tf_ok=True fallback_allowed=False decision_allowed=True,0.5995565571374895,true
22.200000000000003,1,GT_LOG_ONLY /bird/nearest_pose ignored_for_decision=true detector_mode=lidar provenance=gazebo_gt raw=80000 roi=186 cluster=186 tf_ok=True fallback_allowed=False decision_allowed=True,0.6156804469551623,true
22.3,1,GT_LOG_ONLY /bird/nearest_pose ignored_for_decision=true detector_mode=lidar provenance=gazebo_gt raw=80000 roi=186 cluster=186 tf_ok=True fallback_allowed=False decision_allowed=True,0.6042037421971016,true
22.400000000000002,1,GT_LOG_ONLY /bird/nearest_pose ignored_for_decision=true detector_mode=lidar provenance=gazebo_gt raw=80000 roi=202 cluster=202 tf_ok=True fallback_allowed=False decision_allowed=True,0.6042037421971016,true
22.6,1,GT_LOG_ONLY /bird/nearest_pose ignored_for_decision=true detector_mode=lidar provenance=gazebo_gt raw=80000 roi=202 cluster=202 tf_ok=True fallback_allowed=False decision_allowed=True,0.60768836725796,true
22.6,1,GT_LOG_ONLY /bird/nearest_pose ignored_for_decision=true detector_mode=lidar provenance=gazebo_gt raw=80000 roi=216 cluster=216 tf_ok=True fallback_allowed=False decision_allowed=True,0.60768836725796,true
22.700000000000003,1,TARGET_OK source=last_value_hold age=0.10 moving=True speed=0.24 detector_mode=lidar provenance=lidar raw=80000 roi=216 cluster=216 tf_ok=True fallback_allowed=False decision_allowed=True,0.5960189128019648,true
22.8,1,GT_LOG_ONLY /bird/nearest_pose ignored_for_decision=true detector_mode=lidar provenance=gazebo_gt raw=80000 roi=264 cluster=264 tf_ok=True fallback_allowed=False decision_allowed=True,0.5960189128019648,true
22.900000000000002,1,GT_LOG_ONLY /bird/nearest_pose ignored_for_decision=true detector_mode=lidar provenance=gazebo_gt raw=80000 roi=264 cluster=264 tf_ok=True fallback_allowed=False decision_allowed=True,0.5959838048037518,true
23.0,1,GT_LOG_ONLY /bird/nearest_pose ignored_for_decision=true detector_mode=lidar provenance=gazebo_gt raw=80000 roi=230 cluster=230 tf_ok=True fallback_allowed=False decision_allowed=True,0.6040149743464726,true
23.200000000000003,1,GT_LOG_ONLY /bird/nearest_pose ignored_for_decision=true detector_mode=lidar provenance=gazebo_gt raw=80000 roi=230 cluster=230 tf_ok=True fallback_allowed=False decision_allowed=True,0.6121740760557306,true
23.3,1,GT_LOG_ONLY /bird/nearest_pose ignored_for_decision=true detector_mode=lidar provenance=gazebo_gt raw=80000 roi=230 cluster=230 tf_ok=True fallback_allowed=False decision_allowed=True,0.6084408730857779,true
23.400000000000002,1,GT_LOG_ONLY /bird/nearest_pose ignored_for_decision=true detector_mode=lidar provenance=gazebo_gt raw=80000 roi=284 cluster=284 tf_ok=True fallback_allowed=False decision_allowed=True,0.6084408730857779,true
23.6,1,GT_LOG_ONLY /bird/nearest_pose ignored_for_decision=true detector_mode=lidar provenance=gazebo_gt raw=80000 roi=284 cluster=284 tf_ok=True fallback_allowed=False decision_allowed=True,0.6077850338309922,true
23.6,1,GT_LOG_ONLY /bird/nearest_pose ignored_for_decision=true detector_mode=lidar provenance=gazebo_gt raw=80000 roi=300 cluster=300 tf_ok=True fallback_allowed=False decision_allowed=True,0.6077850338309922,true
23.700000000000003,1,TARGET_OK source=last_value_hold age=0.10 moving=True speed=0.28 detector_mode=lidar provenance=lidar raw=80000 roi=300 cluster=300 tf_ok=True fallback_allowed=False decision_allowed=True,0.5977443576241692,true
23.8,1,GT_LOG_ONLY /bird/nearest_pose ignored_for_decision=true detector_mode=lidar provenance=gazebo_gt raw=80000 roi=252 cluster=252 tf_ok=True fallback_allowed=False decision_allowed=True,0.605733317696131,true
23.900000000000002,1,GT_LOG_ONLY /bird/nearest_pose ignored_for_decision=true detector_mode=lidar provenance=gazebo_gt raw=80000 roi=252 cluster=252 tf_ok=True fallback_allowed=False decision_allowed=True,0.5991883732790263,true
24.0,1,GT_LOG_ONLY /bird/nearest_pose ignored_for_decision=true detector_mode=lidar provenance=gazebo_gt raw=80000 roi=302 cluster=302 tf_ok=True fallback_allowed=False decision_allowed=True,0.5914536000506916,true
24.0,1,GT_LOG_ONLY /bird/nearest_pose ignored_for_decision=true detector_mode=lidar provenance=gazebo_gt raw=80000 roi=240 cluster=240 tf_ok=True fallback_allowed=False decision_allowed=True,0.5914536000506916,true
24.200000000000003,1,GT_LOG_ONLY /bird/nearest_pose ignored_for_decision=true detector_mode=lidar provenance=gazebo_gt raw=80000 roi=240 cluster=240 tf_ok=True fallback_allowed=False decision_allowed=True,0.5930811864211291,true
24.200000000000003,1,GT_LOG_ONLY /bird/nearest_pose ignored_for_decision=true detector_mode=lidar provenance=gazebo_gt raw=80000 roi=288 cluster=288 tf_ok=True fallback_allowed=False decision_allowed=True,0.5930811864211291,true
24.3,1,TARGET_OK source=last_value_hold age=0.10 moving=True speed=0.24 detector_mode=lidar provenance=lidar raw=80000 roi=288 cluster=288 tf_ok=True fallback_allowed=False decision_allowed=True,0.5894506479243546,true
24.400000000000002,1,GT_LOG_ONLY /bird/nearest_pose ignored_for_decision=true detector_mode=lidar provenance=gazebo_gt raw=80000 roi=204 cluster=204 tf_ok=True fallback_allowed=False decision_allowed=True,0.5894506479243546,true
24.5,1,GT_LOG_ONLY /bird/nearest_pose ignored_for_decision=true detector_mode=lidar provenance=gazebo_gt raw=80000 roi=204 cluster=204 tf_ok=True fallback_allowed=False decision_allowed=True,0.5929129826776935,true
24.6,1,GT_LOG_ONLY /bird/nearest_pose ignored_for_decision=true detector_mode=lidar provenance=gazebo_gt raw=80000 roi=270 cluster=270 tf_ok=True fallback_allowed=False decision_allowed=True,0.5892662823077383,true
24.6,1,GT_LOG_ONLY /bird/nearest_pose ignored_for_decision=true detector_mode=lidar provenance=gazebo_gt raw=80000 roi=176 cluster=176 tf_ok=True fallback_allowed=False decision_allowed=True,0.5892662823077383,true
24.8,1,GT_LOG_ONLY /bird/nearest_pose ignored_for_decision=true detector_mode=lidar provenance=gazebo_gt raw=80000 roi=176 cluster=176 tf_ok=True fallback_allowed=False decision_allowed=True,0.5943016054340198,true
24.8,1,GT_LOG_ONLY /bird/nearest_pose ignored_for_decision=true detector_mode=lidar provenance=gazebo_gt raw=80000 roi=268 cluster=268 tf_ok=True fallback_allowed=False decision_allowed=True,0.5943016054340198,true
25.0,1,GT_LOG_ONLY /bird/nearest_pose ignored_for_decision=true detector_mode=lidar provenance=gazebo_gt raw=80000 roi=268 cluster=268 tf_ok=True fallback_allowed=False decision_allowed=True,0.6019233252752918,true
25.1,1,GT_LOG_ONLY /bird/nearest_pose ignored_for_decision=true detector_mode=lidar provenance=gazebo_gt raw=80000 roi=268 cluster=268 tf_ok=True fallback_allowed=False decision_allowed=True,0.6020904460858216,true
25.200000000000003,1,GT_LOG_ONLY /bird/nearest_pose ignored_for_decision=true detector_mode=lidar provenance=gazebo_gt raw=80000 roi=174 cluster=174 tf_ok=True fallback_allowed=False decision_allowed=True,0.6020904460858216,true
25.3,1,GT_LOG_ONLY /bird/nearest_pose ignored_for_decision=true detector_mode=lidar provenance=gazebo_gt raw=80000 roi=174 cluster=174 tf_ok=True fallback_allowed=False decision_allowed=True,0.6047178841963505,true
25.400000000000002,1,GT_LOG_ONLY /bird/nearest_pose ignored_for_decision=true detector_mode=lidar provenance=gazebo_gt raw=80000 roi=86 cluster=86 tf_ok=True fallback_allowed=False decision_allowed=True,0.6047178841963505,true
25.6,1,GT_LOG_ONLY /bird/nearest_pose ignored_for_decision=true detector_mode=lidar provenance=gazebo_gt raw=80000 roi=0 cluster=0 tf_ok=False fallback_allowed=False decision_allowed=True,0.6276881332457395,true
25.8,1,GT_LOG_ONLY /bird/nearest_pose ignored_for_decision=true detector_mode=lidar provenance=gazebo_gt raw=80000 roi=0 cluster=0 tf_ok=False fallback_allowed=False decision_allowed=True,0.6431563726881676,true
25.8,1,GT_LOG_ONLY /bird/nearest_pose ignored_for_decision=true detector_mode=lidar provenance=gazebo_gt raw=80000 roi=0 cluster=0 tf_ok=False fallback_allowed=False decision_allowed=True,0.6435747739490593,true
26.0,1,GT_LOG_ONLY /bird/nearest_pose ignored_for_decision=true detector_mode=lidar provenance=gazebo_gt raw=80000 roi=14 cluster=14 tf_ok=True fallback_allowed=False decision_allowed=True,0.6599583307055349,true
26.0,1,GT_LOG_ONLY /bird/nearest_pose ignored_for_decision=true detector_mode=lidar provenance=gazebo_gt raw=80000 roi=58 cluster=58 tf_ok=True fallback_allowed=False decision_allowed=True,0.6599583307055349,true
26.1,1,TARGET_OK source=last_value_hold age=0.10 moving=True speed=2.21 detector_mode=lidar provenance=lidar raw=80000 roi=58 cluster=58 tf_ok=True fallback_allowed=False decision_allowed=True,0.6734469743385131,true
26.200000000000003,1,GT_LOG_ONLY /bird/nearest_pose ignored_for_decision=true detector_mode=lidar provenance=gazebo_gt raw=80000 roi=14 cluster=14 tf_ok=True fallback_allowed=False decision_allowed=True,0.6804116528869504,true
26.3,1,GT_LOG_ONLY /bird/nearest_pose ignored_for_decision=true detector_mode=lidar provenance=gazebo_gt raw=80000 roi=14 cluster=14 tf_ok=True fallback_allowed=False decision_allowed=True,0.6922812956447969,true
26.400000000000002,1,GT_LOG_ONLY /bird/nearest_pose ignored_for_decision=true detector_mode=lidar provenance=gazebo_gt raw=80000 roi=58 cluster=58 tf_ok=True fallback_allowed=False decision_allowed=True,0.6922812956447969,true
26.6,1,GT_LOG_ONLY /bird/nearest_pose ignored_for_decision=true detector_mode=lidar provenance=gazebo_gt raw=80000 roi=58 cluster=58 tf_ok=True fallback_allowed=False decision_allowed=True,0.7060024753239382,true
26.8,1,GT_LOG_ONLY /bird/nearest_pose ignored_for_decision=true detector_mode=lidar provenance=gazebo_gt raw=80000 roi=58 cluster=58 tf_ok=True fallback_allowed=False decision_allowed=True,0.7195664712757894,true
26.900000000000002,1,GT_LOG_ONLY /bird/nearest_pose ignored_for_decision=true detector_mode=lidar provenance=gazebo_gt raw=80000 roi=58 cluster=58 tf_ok=True fallback_allowed=False decision_allowed=True,0.7454606798086524,true
27.0,1,GT_LOG_ONLY /bird/nearest_pose ignored_for_decision=true detector_mode=lidar provenance=gazebo_gt raw=80000 roi=14 cluster=14 tf_ok=True fallback_allowed=False decision_allowed=True,0.7519768077434204,true
27.3,1,GT_LOG_ONLY /bird/nearest_pose ignored_for_decision=true detector_mode=lidar provenance=gazebo_gt raw=80000 roi=0 cluster=0 tf_ok=False fallback_allowed=False decision_allowed=True,0.7649732040356462,true
27.400000000000002,1,GT_LOG_ONLY /bird/nearest_pose ignored_for_decision=true detector_mode=lidar provenance=gazebo_gt raw=80000 roi=0 cluster=0 tf_ok=False fallback_allowed=False decision_allowed=True,0.7779788993432696,true
27.6,1,WAITING_CLUSTER pointcloud_received=true detector_mode=lidar provenance=lidar raw=80000 roi=0 cluster=0 tf_ok=False fallback_allowed=False decision_allowed=True,0.7846649001180367,true
27.8,1,GT_LOG_ONLY /bird/nearest_pose ignored_for_decision=true detector_mode=lidar provenance=gazebo_gt raw=80000 roi=0 cluster=0 tf_ok=False fallback_allowed=False decision_allowed=True,0.7978822191546695,true
31.200000000000003,1,GT_LOG_ONLY /bird/nearest_pose ignored_for_decision=true detector_mode=lidar provenance=gazebo_gt raw=80000 roi=0 cluster=0 tf_ok=False fallback_allowed=False decision_allowed=True,0.6764345649915697,true
31.200000000000003,1,GT_LOG_ONLY /bird/nearest_pose ignored_for_decision=true detector_mode=lidar provenance=gazebo_gt raw=80000 roi=24 cluster=24 tf_ok=True fallback_allowed=False decision_allowed=True,0.6764345649915697,true
31.400000000000002,1,GT_LOG_ONLY /bird/nearest_pose ignored_for_decision=true detector_mode=lidar provenance=gazebo_gt raw=80000 roi=24 cluster=24 tf_ok=True fallback_allowed=False decision_allowed=True,0.690158789646907,true
31.500000000000004,1,GT_LOG_ONLY /bird/nearest_pose ignored_for_decision=true detector_mode=lidar provenance=gazebo_gt raw=80000 roi=24 cluster=24 tf_ok=True fallback_allowed=False decision_allowed=True,0.6423058100349675,true
31.6,1,GT_LOG_ONLY /bird/nearest_pose ignored_for_decision=true detector_mode=lidar provenance=gazebo_gt raw=80000 roi=156 cluster=156 tf_ok=True fallback_allowed=False decision_allowed=True,0.6249260405151537,true
31.6,1,TARGET_OK source=lidar_cluster moving=True speed=2.57 detector_mode=lidar provenance=lidar raw=80000 roi=260 cluster=260 tf_ok=True fallback_allowed=False decision_allowed=True,0.6249260405151537,true
31.8,1,GT_LOG_ONLY /bird/nearest_pose ignored_for_decision=true detector_mode=lidar provenance=gazebo_gt raw=80000 roi=260 cluster=260 tf_ok=True fallback_allowed=False decision_allowed=True,0.6244162174642154,true
31.8,1,GT_LOG_ONLY /bird/nearest_pose ignored_for_decision=true detector_mode=lidar provenance=gazebo_gt raw=80000 roi=274 cluster=274 tf_ok=True fallback_allowed=False decision_allowed=True,0.6244162174642154,true
32.0,1,GT_LOG_ONLY /bird/nearest_pose ignored_for_decision=true detector_mode=lidar provenance=gazebo_gt raw=80000 roi=274 cluster=274 tf_ok=True fallback_allowed=False decision_allowed=True,0.6316759889786095,true
32.2,1,GT_LOG_ONLY /bird/nearest_pose ignored_for_decision=true detector_mode=lidar provenance=gazebo_gt raw=80000 roi=274 cluster=274 tf_ok=True fallback_allowed=False decision_allowed=True,0.6460060454848915,true
32.4,1,GT_LOG_ONLY /bird/nearest_pose ignored_for_decision=true detector_mode=lidar provenance=gazebo_gt raw=80000 roi=274 cluster=274 tf_ok=True fallback_allowed=False decision_allowed=True,0.646182441114882,true
32.4,1,GT_LOG_ONLY /bird/nearest_pose ignored_for_decision=true detector_mode=lidar provenance=gazebo_gt raw=80000 roi=396 cluster=396 tf_ok=True fallback_allowed=False decision_allowed=True,0.646182441114882,true
32.5,1,TARGET_OK source=last_value_hold age=0.20 moving=True speed=0.16 detector_mode=lidar provenance=lidar raw=80000 roi=396 cluster=396 tf_ok=True fallback_allowed=False decision_allowed=True,0.633726026385112,true
32.6,1,GT_LOG_ONLY /bird/nearest_pose ignored_for_decision=true detector_mode=lidar provenance=gazebo_gt raw=80000 roi=504 cluster=504 tf_ok=True fallback_allowed=False decision_allowed=True,0.6407905491732742,true
32.6,1,GT_LOG_ONLY /bird/nearest_pose ignored_for_decision=true detector_mode=lidar provenance=gazebo_gt raw=80000 roi=504 cluster=504 tf_ok=True fallback_allowed=False decision_allowed=True,0.6253891588772353,true
32.800000000000004,1,GT_LOG_ONLY /bird/nearest_pose ignored_for_decision=true detector_mode=lidar provenance=gazebo_gt raw=80000 roi=428 cluster=428 tf_ok=True fallback_allowed=False decision_allowed=True,0.6227620296346321,true
32.800000000000004,1,GT_LOG_ONLY /bird/nearest_pose ignored_for_decision=true detector_mode=lidar provenance=gazebo_gt raw=80000 roi=510 cluster=510 tf_ok=True fallback_allowed=False decision_allowed=True,0.6227620296346321,true
33.0,1,GT_LOG_ONLY /bird/nearest_pose ignored_for_decision=true detector_mode=lidar provenance=gazebo_gt raw=80000 roi=510 cluster=510 tf_ok=True fallback_allowed=False decision_allowed=True,0.6366489935622011,true
33.2,1,GT_LOG_ONLY /bird/nearest_pose ignored_for_decision=true detector_mode=lidar provenance=gazebo_gt raw=80000 roi=510 cluster=510 tf_ok=True fallback_allowed=False decision_allowed=True,0.6324675771244029,true
33.2,1,GT_LOG_ONLY /bird/nearest_pose ignored_for_decision=true detector_mode=lidar provenance=gazebo_gt raw=80000 roi=408 cluster=408 tf_ok=True fallback_allowed=False decision_allowed=True,0.6324675771244029,true
33.4,1,GT_LOG_ONLY /bird/nearest_pose ignored_for_decision=true detector_mode=lidar provenance=gazebo_gt raw=80000 roi=408 cluster=408 tf_ok=True fallback_allowed=False decision_allowed=True,0.6279313139254825,true
33.4,1,GT_LOG_ONLY /bird/nearest_pose ignored_for_decision=true detector_mode=lidar provenance=gazebo_gt raw=80000 roi=470 cluster=470 tf_ok=True fallback_allowed=False decision_allowed=True,0.6279313139254825,true
33.5,1,TARGET_OK source=last_value_hold age=0.10 moving=True speed=0.32 detector_mode=lidar provenance=lidar raw=80000 roi=470 cluster=470 tf_ok=True fallback_allowed=False decision_allowed=True,0.6223431389748079,true
33.6,1,GT_LOG_ONLY /bird/nearest_pose ignored_for_decision=true detector_mode=lidar provenance=gazebo_gt raw=80000 roi=398 cluster=398 tf_ok=True fallback_allowed=False decision_allowed=True,0.6293200648192239,true
33.7,1,GT_LOG_ONLY /bird/nearest_pose ignored_for_decision=true detector_mode=lidar provenance=gazebo_gt raw=80000 roi=398 cluster=398 tf_ok=True fallback_allowed=False decision_allowed=True,0.6243716591476791,true
33.800000000000004,1,GT_LOG_ONLY /bird/nearest_pose ignored_for_decision=true detector_mode=lidar provenance=gazebo_gt raw=80000 roi=462 cluster=462 tf_ok=True fallback_allowed=False decision_allowed=True,0.6206842059801088,true
33.800000000000004,1,GT_LOG_ONLY /bird/nearest_pose ignored_for_decision=true detector_mode=lidar provenance=gazebo_gt raw=80000 roi=388 cluster=388 tf_ok=True fallback_allowed=False decision_allowed=True,0.6206842059801088,true
34.0,1,GT_LOG_ONLY /bird/nearest_pose ignored_for_decision=true detector_mode=lidar provenance=gazebo_gt raw=80000 roi=388 cluster=388 tf_ok=True fallback_allowed=False decision_allowed=True,0.6239313414351809,true
34.0,1,GT_LOG_ONLY /bird/nearest_pose ignored_for_decision=true detector_mode=lidar provenance=gazebo_gt raw=80000 roi=440 cluster=440 tf_ok=True fallback_allowed=False decision_allowed=True,0.6239313414351809,true
34.1,1,TARGET_OK source=last_value_hold age=0.10 moving=True speed=0.19 detector_mode=lidar provenance=lidar raw=80000 roi=440 cluster=440 tf_ok=True fallback_allowed=False decision_allowed=True,0.6210615274458747,true
34.2,1,GT_LOG_ONLY /bird/nearest_pose ignored_for_decision=true detector_mode=lidar provenance=gazebo_gt raw=80000 roi=384 cluster=384 tf_ok=True fallback_allowed=False decision_allowed=True,0.6210615274458747,true
34.300000000000004,1,GT_LOG_ONLY /bird/nearest_pose ignored_for_decision=true detector_mode=lidar provenance=gazebo_gt raw=80000 roi=384 cluster=384 tf_ok=True fallback_allowed=False decision_allowed=True,0.6248120190619473,true
34.400000000000006,1,GT_LOG_ONLY /bird/nearest_pose ignored_for_decision=true detector_mode=lidar provenance=gazebo_gt raw=80000 roi=420 cluster=420 tf_ok=True fallback_allowed=False decision_allowed=True,0.6198212717191669,true
34.400000000000006,1,GT_LOG_ONLY /bird/nearest_pose ignored_for_decision=true detector_mode=lidar provenance=gazebo_gt raw=80000 roi=358 cluster=358 tf_ok=True fallback_allowed=False decision_allowed=True,0.6198212717191669,true
34.5,1,GT_LOG_ONLY /bird/nearest_pose ignored_for_decision=true detector_mode=lidar provenance=gazebo_gt raw=80000 roi=358 cluster=358 tf_ok=True fallback_allowed=False decision_allowed=True,0.6175110888581646,true
34.6,1,TARGET_OK source=lidar_cluster moving=True speed=0.17 detector_mode=lidar provenance=lidar raw=80000 roi=436 cluster=436 tf_ok=True fallback_allowed=False decision_allowed=True,0.6243998326099864,true
34.800000000000004,1,GT_LOG_ONLY /bird/nearest_pose ignored_for_decision=true detector_mode=lidar provenance=gazebo_gt raw=80000 roi=436 cluster=436 tf_ok=True fallback_allowed=False decision_allowed=True,0.6313192941630459,true
35.0,1,GT_LOG_ONLY /bird/nearest_pose ignored_for_decision=true detector_mode=lidar provenance=gazebo_gt raw=80000 roi=436 cluster=436 tf_ok=True fallback_allowed=False decision_allowed=True,0.6336089817597719,true
35.0,1,GT_LOG_ONLY /bird/nearest_pose ignored_for_decision=true detector_mode=lidar provenance=gazebo_gt raw=80000 roi=352 cluster=352 tf_ok=True fallback_allowed=False decision_allowed=True,0.6336089817597719,true
35.2,1,GT_LOG_ONLY /bird/nearest_pose ignored_for_decision=true detector_mode=lidar provenance=gazebo_gt raw=80000 roi=352 cluster=352 tf_ok=True fallback_allowed=False decision_allowed=True,0.6309916953268992,true
35.2,1,GT_LOG_ONLY /bird/nearest_pose ignored_for_decision=true detector_mode=lidar provenance=gazebo_gt raw=80000 roi=416 cluster=416 tf_ok=True fallback_allowed=False decision_allowed=True,0.6309916953268992,true
35.400000000000006,1,GT_LOG_ONLY /bird/nearest_pose ignored_for_decision=true detector_mode=lidar provenance=gazebo_gt raw=80000 roi=416 cluster=416 tf_ok=True fallback_allowed=False decision_allowed=True,0.6379004630143158,true
35.6,1,GT_LOG_ONLY /bird/nearest_pose ignored_for_decision=true detector_mode=lidar provenance=gazebo_gt raw=80000 roi=416 cluster=416 tf_ok=True fallback_allowed=False decision_allowed=True,0.651500931764836,true
35.7,1,GT_LOG_ONLY /bird/nearest_pose ignored_for_decision=true detector_mode=lidar provenance=gazebo_gt raw=80000 roi=416 cluster=416 tf_ok=True fallback_allowed=False decision_allowed=True,0.6436098442348119,true
35.800000000000004,1,TARGET_OK source=lidar_cluster moving=True speed=0.13 detector_mode=lidar provenance=lidar raw=80000 roi=392 cluster=392 tf_ok=True fallback_allowed=False decision_allowed=True,0.6436098442348119,true
35.900000000000006,1,GT_LOG_ONLY /bird/nearest_pose ignored_for_decision=true detector_mode=lidar provenance=gazebo_gt raw=80000 roi=392 cluster=392 tf_ok=True fallback_allowed=False decision_allowed=True,0.6377930110215294,true
36.0,1,GT_LOG_ONLY /bird/nearest_pose ignored_for_decision=true detector_mode=lidar provenance=gazebo_gt raw=80000 roi=362 cluster=362 tf_ok=True fallback_allowed=False decision_allowed=True,0.6446064419238338,true
36.0,1,GT_LOG_ONLY /bird/nearest_pose ignored_for_decision=true detector_mode=lidar provenance=gazebo_gt raw=80000 roi=362 cluster=362 tf_ok=True fallback_allowed=False decision_allowed=True,0.6292426190364719,true
36.2,1,GT_LOG_ONLY /bird/nearest_pose ignored_for_decision=true detector_mode=lidar provenance=gazebo_gt raw=80000 roi=382 cluster=382 tf_ok=True fallback_allowed=False decision_allowed=True,0.6273243590836117,true
36.2,1,TARGET_OK source=lidar_cluster moving=True speed=0.48 detector_mode=lidar provenance=lidar raw=80000 roi=378 cluster=378 tf_ok=True fallback_allowed=False decision_allowed=True,0.6273243590836117,true
36.400000000000006,1,GT_LOG_ONLY /bird/nearest_pose ignored_for_decision=true detector_mode=lidar provenance=gazebo_gt raw=80000 roi=378 cluster=378 tf_ok=True fallback_allowed=False decision_allowed=True,0.6341553247817813,true
36.5,1,GT_LOG_ONLY /bird/nearest_pose ignored_for_decision=true detector_mode=lidar provenance=gazebo_gt raw=80000 roi=378 cluster=378 tf_ok=True fallback_allowed=False decision_allowed=True,0.6302104235974854,true
36.6,1,GT_LOG_ONLY /bird/nearest_pose ignored_for_decision=true detector_mode=lidar provenance=gazebo_gt raw=80000 roi=380 cluster=372 tf_ok=True fallback_allowed=False decision_allowed=True,0.637099170103784,true
36.800000000000004,1,GT_LOG_ONLY /bird/nearest_pose ignored_for_decision=true detector_mode=lidar provenance=gazebo_gt raw=80000 roi=380 cluster=372 tf_ok=True fallback_allowed=False decision_allowed=True,0.6321782821993885,true
36.800000000000004,1,GT_LOG_ONLY /bird/nearest_pose ignored_for_decision=true detector_mode=lidar provenance=gazebo_gt raw=80000 roi=404 cluster=376 tf_ok=True fallback_allowed=False decision_allowed=True,0.6321782821993885,true
37.0,1,GT_LOG_ONLY /bird/nearest_pose ignored_for_decision=true detector_mode=lidar provenance=gazebo_gt raw=80000 roi=404 cluster=376 tf_ok=True fallback_allowed=False decision_allowed=True,0.6457867865367152,true
37.2,1,GT_LOG_ONLY /bird/nearest_pose ignored_for_decision=true detector_mode=lidar provenance=gazebo_gt raw=80000 roi=404 cluster=376 tf_ok=True fallback_allowed=False decision_allowed=True,0.6591319792688144,true
37.2,1,GT_LOG_ONLY /bird/nearest_pose ignored_for_decision=true detector_mode=lidar provenance=gazebo_gt raw=80000 roi=404 cluster=376 tf_ok=True fallback_allowed=False decision_allowed=True,0.6384141114868669,true
37.400000000000006,1,GT_LOG_ONLY /bird/nearest_pose ignored_for_decision=true detector_mode=lidar provenance=gazebo_gt raw=80000 roi=406 cluster=380 tf_ok=True fallback_allowed=False decision_allowed=True,0.6363124149956848,true
37.400000000000006,1,GT_LOG_ONLY /bird/nearest_pose ignored_for_decision=true detector_mode=lidar provenance=gazebo_gt raw=80000 roi=474 cluster=376 tf_ok=True fallback_allowed=False decision_allowed=True,0.6363124149956848,true
37.6,1,GT_LOG_ONLY /bird/nearest_pose ignored_for_decision=true detector_mode=lidar provenance=gazebo_gt raw=80000 roi=474 cluster=376 tf_ok=True fallback_allowed=False decision_allowed=True,0.6336362945277624,true
37.6,1,GT_LOG_ONLY /bird/nearest_pose ignored_for_decision=true detector_mode=lidar provenance=gazebo_gt raw=80000 roi=414 cluster=354 tf_ok=True fallback_allowed=False decision_allowed=True,0.6336362945277624,true
37.800000000000004,1,GT_LOG_ONLY /bird/nearest_pose ignored_for_decision=true detector_mode=lidar provenance=gazebo_gt raw=80000 roi=414 cluster=354 tf_ok=True fallback_allowed=False decision_allowed=True,0.6347013025484656,true
37.800000000000004,1,GT_LOG_ONLY /bird/nearest_pose ignored_for_decision=true detector_mode=lidar provenance=gazebo_gt raw=80000 roi=458 cluster=354 tf_ok=True fallback_allowed=False decision_allowed=True,0.6347013025484656,true
37.900000000000006,1,TARGET_OK source=last_value_hold age=0.10 moving=True speed=0.26 detector_mode=lidar provenance=lidar raw=80000 roi=458 cluster=354 tf_ok=True fallback_allowed=False decision_allowed=True,0.6288326313061329,true
38.0,1,GT_LOG_ONLY /bird/nearest_pose ignored_for_decision=true detector_mode=lidar provenance=gazebo_gt raw=80000 roi=412 cluster=352 tf_ok=True fallback_allowed=False decision_allowed=True,0.6288326313061329,true
38.0,1,TARGET_OK source=last_value_hold age=0.20 moving=True speed=0.54 detector_mode=lidar provenance=lidar raw=80000 roi=412 cluster=352 tf_ok=True fallback_allowed=False decision_allowed=True,0.6260473809867093,true
38.2,1,GT_LOG_ONLY /bird/nearest_pose ignored_for_decision=true detector_mode=lidar provenance=gazebo_gt raw=80000 roi=438 cluster=320 tf_ok=True fallback_allowed=False decision_allowed=True,0.6335470326791776,true
38.2,1,GT_LOG_ONLY /bird/nearest_pose ignored_for_decision=true detector_mode=lidar provenance=gazebo_gt raw=80000 roi=452 cluster=378 tf_ok=True fallback_allowed=False decision_allowed=True,0.6335470326791776,true
38.400000000000006,1,GT_LOG_ONLY /bird/nearest_pose ignored_for_decision=true detector_mode=lidar provenance=gazebo_gt raw=80000 roi=452 cluster=378 tf_ok=True fallback_allowed=False decision_allowed=True,0.6376022785526974,true
38.400000000000006,1,GT_LOG_ONLY /bird/nearest_pose ignored_for_decision=true detector_mode=lidar provenance=gazebo_gt raw=80000 roi=454 cluster=314 tf_ok=True fallback_allowed=False decision_allowed=True,0.6376022785526974,true
38.5,1,TARGET_OK source=last_value_hold age=0.10 moving=True speed=0.20 detector_mode=lidar provenance=lidar raw=80000 roi=454 cluster=314 tf_ok=True fallback_allowed=False decision_allowed=True,0.6289174695036099,true
38.6,1,GT_LOG_ONLY /bird/nearest_pose ignored_for_decision=true detector_mode=lidar provenance=gazebo_gt raw=80000 roi=510 cluster=414 tf_ok=True fallback_allowed=False decision_allowed=True,0.6353516534946814,true
38.800000000000004,1,GT_LOG_ONLY /bird/nearest_pose ignored_for_decision=true detector_mode=lidar provenance=gazebo_gt raw=80000 roi=510 cluster=414 tf_ok=True fallback_allowed=False decision_allowed=True,0.6324803017423867,true
38.800000000000004,1,GT_LOG_ONLY /bird/nearest_pose ignored_for_decision=true detector_mode=lidar provenance=gazebo_gt raw=80000 roi=472 cluster=368 tf_ok=True fallback_allowed=False decision_allowed=True,0.6324803017423867,true
38.900000000000006,1,GT_LOG_ONLY /bird/nearest_pose ignored_for_decision=true detector_mode=lidar provenance=gazebo_gt raw=80000 roi=472 cluster=368 tf_ok=True fallback_allowed=False decision_allowed=True,0.6261446613128604,true
39.0,1,TARGET_OK source=lidar_cluster moving=True speed=0.21 detector_mode=lidar provenance=lidar raw=80000 roi=474 cluster=324 tf_ok=True fallback_allowed=False decision_allowed=True,0.6326733780297734,true
39.1,1,GT_LOG_ONLY /bird/nearest_pose ignored_for_decision=true detector_mode=lidar provenance=gazebo_gt raw=80000 roi=474 cluster=324 tf_ok=True fallback_allowed=False decision_allowed=True,0.6303895152090406,true
39.2,1,GT_LOG_ONLY /bird/nearest_pose ignored_for_decision=true detector_mode=lidar provenance=gazebo_gt raw=80000 roi=492 cluster=378 tf_ok=True fallback_allowed=False decision_allowed=True,0.6303895152090406,true
39.2,1,TARGET_OK source=last_value_hold age=0.20 moving=True speed=0.51 detector_mode=lidar provenance=lidar raw=80000 roi=492 cluster=378 tf_ok=True fallback_allowed=False decision_allowed=True,0.6240563951139737,true
39.400000000000006,1,GT_LOG_ONLY /bird/nearest_pose ignored_for_decision=true detector_mode=lidar provenance=gazebo_gt raw=80000 roi=504 cluster=346 tf_ok=True fallback_allowed=False decision_allowed=True,0.6246212481397999,true
39.400000000000006,1,GT_LOG_ONLY /bird/nearest_pose ignored_for_decision=true detector_mode=lidar provenance=gazebo_gt raw=80000 roi=450 cluster=330 tf_ok=True fallback_allowed=False decision_allowed=True,0.6246212481397999,true
39.6,1,GT_LOG_ONLY /bird/nearest_pose ignored_for_decision=true detector_mode=lidar provenance=gazebo_gt raw=80000 roi=450 cluster=330 tf_ok=True fallback_allowed=False decision_allowed=True,0.6310065588954009,true
39.7,1,GT_LOG_ONLY /bird/nearest_pose ignored_for_decision=true detector_mode=lidar provenance=gazebo_gt raw=80000 roi=450 cluster=330 tf_ok=True fallback_allowed=False decision_allowed=True,0.6289794159212821,true
39.800000000000004,1,GT_LOG_ONLY /bird/nearest_pose ignored_for_decision=true detector_mode=lidar provenance=gazebo_gt raw=80000 roi=412 cluster=296 tf_ok=True fallback_allowed=False decision_allowed=True,0.6354008662812145,true
40.0,1,GT_LOG_ONLY /bird/nearest_pose ignored_for_decision=true detector_mode=lidar provenance=gazebo_gt raw=80000 roi=412 cluster=296 tf_ok=True fallback_allowed=False decision_allowed=True,0.6395849271993158,true
40.0,1,GT_LOG_ONLY /bird/nearest_pose ignored_for_decision=true detector_mode=lidar provenance=gazebo_gt raw=80000 roi=378 cluster=256 tf_ok=True fallback_allowed=False decision_allowed=True,0.6395849271993158,true
40.2,1,GT_LOG_ONLY /bird/nearest_pose ignored_for_decision=true detector_mode=lidar provenance=gazebo_gt raw=80000 roi=378 cluster=256 tf_ok=True fallback_allowed=False decision_allowed=True,0.6367490278665663,true
40.2,1,TARGET_OK source=lidar_cluster moving=True speed=0.25 detector_mode=lidar provenance=lidar raw=80000 roi=498 cluster=322 tf_ok=True fallback_allowed=False decision_allowed=True,0.6367490278665663,true
40.300000000000004,1,TARGET_OK source=last_value_hold age=0.10 moving=True speed=0.25 detector_mode=lidar provenance=lidar raw=80000 roi=498 cluster=322 tf_ok=True fallback_allowed=False decision_allowed=True,0.6302140953972348,true
40.400000000000006,1,GT_LOG_ONLY /bird/nearest_pose ignored_for_decision=true detector_mode=lidar provenance=gazebo_gt raw=80000 roi=368 cluster=242 tf_ok=True fallback_allowed=False decision_allowed=True,0.6302140953972348,true
40.6,1,GT_LOG_ONLY /bird/nearest_pose ignored_for_decision=true detector_mode=lidar provenance=gazebo_gt raw=80000 roi=368 cluster=242 tf_ok=True fallback_allowed=False decision_allowed=True,0.6490021505886945,true
40.800000000000004,1,GT_LOG_ONLY /bird/nearest_pose ignored_for_decision=true detector_mode=lidar provenance=gazebo_gt raw=80000 roi=368 cluster=242 tf_ok=True fallback_allowed=False decision_allowed=True,0.6386926482649915,true
40.800000000000004,1,GT_LOG_ONLY /bird/nearest_pose ignored_for_decision=true detector_mode=lidar provenance=gazebo_gt raw=80000 roi=408 cluster=240 tf_ok=True fallback_allowed=False decision_allowed=True,0.6386926482649915,true
41.0,1,GT_LOG_ONLY /bird/nearest_pose ignored_for_decision=true detector_mode=lidar provenance=gazebo_gt raw=80000 roi=408 cluster=240 tf_ok=True fallback_allowed=False decision_allowed=True,0.6513599366510515,true
41.1,1,GT_LOG_ONLY /bird/nearest_pose ignored_for_decision=true detector_mode=lidar provenance=gazebo_gt raw=80000 roi=408 cluster=240 tf_ok=True fallback_allowed=False decision_allowed=True,0.6381579831831488,true
41.2,1,GT_LOG_ONLY /bird/nearest_pose ignored_for_decision=true detector_mode=lidar provenance=gazebo_gt raw=80000 roi=440 cluster=258 tf_ok=True fallback_allowed=False decision_allowed=True,0.6381579831831488,true
41.300000000000004,1,GT_LOG_ONLY /bird/nearest_pose ignored_for_decision=true detector_mode=lidar provenance=gazebo_gt raw=80000 roi=440 cluster=258 tf_ok=True fallback_allowed=False decision_allowed=True,0.6383696290100453,true
41.400000000000006,1,GT_LOG_ONLY /bird/nearest_pose ignored_for_decision=true detector_mode=lidar provenance=gazebo_gt raw=80000 roi=384 cluster=242 tf_ok=True fallback_allowed=False decision_allowed=True,0.6383696290100453,true
41.6,1,GT_LOG_ONLY /bird/nearest_pose ignored_for_decision=true detector_mode=lidar provenance=gazebo_gt raw=80000 roi=384 cluster=242 tf_ok=True fallback_allowed=False decision_allowed=True,0.6391824751307729,true
41.6,1,GT_LOG_ONLY /bird/nearest_pose ignored_for_decision=true detector_mode=lidar provenance=gazebo_gt raw=80000 roi=366 cluster=216 tf_ok=True fallback_allowed=False decision_allowed=True,0.6391824751307729,true
41.7,1,TARGET_OK source=last_value_hold age=0.10 moving=True speed=0.26 detector_mode=lidar provenance=lidar raw=80000 roi=366 cluster=216 tf_ok=True fallback_allowed=False decision_allowed=True,0.627220214511466,true
41.800000000000004,1,GT_LOG_ONLY /bird/nearest_pose ignored_for_decision=true detector_mode=lidar provenance=gazebo_gt raw=80000 roi=488 cluster=302 tf_ok=True fallback_allowed=False decision_allowed=True,0.627220214511466,true
41.900000000000006,1,GT_LOG_ONLY /bird/nearest_pose ignored_for_decision=true detector_mode=lidar provenance=gazebo_gt raw=80000 roi=488 cluster=302 tf_ok=True fallback_allowed=False decision_allowed=True,0.6303138541084842,true
42.0,1,GT_LOG_ONLY /bird/nearest_pose ignored_for_decision=true detector_mode=lidar provenance=gazebo_gt raw=80000 roi=358 cluster=210 tf_ok=True fallback_allowed=False decision_allowed=True,0.6228623002255632,true
42.0,1,TARGET_OK source=lidar_cluster moving=True speed=0.53 detector_mode=lidar provenance=lidar raw=80000 roi=490 cluster=296 tf_ok=True fallback_allowed=False decision_allowed=True,0.6228623002255632,true
42.2,1,GT_LOG_ONLY /bird/nearest_pose ignored_for_decision=true detector_mode=lidar provenance=gazebo_gt raw=80000 roi=490 cluster=296 tf_ok=True fallback_allowed=False decision_allowed=True,0.6289624551995271,true
42.300000000000004,1,GT_LOG_ONLY /bird/nearest_pose ignored_for_decision=true detector_mode=lidar provenance=gazebo_gt raw=80000 roi=490 cluster=296 tf_ok=True fallback_allowed=False decision_allowed=True,0.6223567434963793,true
42.400000000000006,1,GT_LOG_ONLY /bird/nearest_pose ignored_for_decision=true detector_mode=lidar provenance=gazebo_gt raw=80000 roi=476 cluster=276 tf_ok=True fallback_allowed=False decision_allowed=True,0.6285220672970452,true
42.5,1,GT_LOG_ONLY /bird/nearest_pose ignored_for_decision=true detector_mode=lidar provenance=gazebo_gt raw=80000 roi=476 cluster=276 tf_ok=True fallback_allowed=False decision_allowed=True,0.6185161620227222,true
42.6,1,GT_LOG_ONLY /bird/nearest_pose ignored_for_decision=true detector_mode=lidar provenance=gazebo_gt raw=80000 roi=390 cluster=228 tf_ok=True fallback_allowed=False decision_allowed=True,0.619438659592032,true
42.6,1,GT_LOG_ONLY /bird/nearest_pose ignored_for_decision=true detector_mode=lidar provenance=gazebo_gt raw=80000 roi=452 cluster=248 tf_ok=True fallback_allowed=False decision_allowed=True,0.619438659592032,true
42.800000000000004,1,GT_LOG_ONLY /bird/nearest_pose ignored_for_decision=true detector_mode=lidar provenance=gazebo_gt raw=80000 roi=452 cluster=248 tf_ok=True fallback_allowed=False decision_allowed=True,0.6190070993623906,true
42.800000000000004,1,TARGET_OK source=lidar_cluster moving=True speed=0.14 detector_mode=lidar provenance=lidar raw=80000 roi=402 cluster=246 tf_ok=True fallback_allowed=False decision_allowed=True,0.6190070993623906,true
42.900000000000006,1,TARGET_OK source=last_value_hold age=0.10 moving=True speed=0.14 detector_mode=lidar provenance=lidar raw=80000 roi=402 cluster=246 tf_ok=True fallback_allowed=False decision_allowed=True,0.6176569524491491,true
43.0,1,GT_LOG_ONLY /bird/nearest_pose ignored_for_decision=true detector_mode=lidar provenance=gazebo_gt raw=80000 roi=426 cluster=214 tf_ok=True fallback_allowed=False decision_allowed=True,0.6237043858156671,true
43.800000000000004,1,GT_LOG_ONLY /bird/nearest_pose ignored_for_decision=true detector_mode=lidar provenance=gazebo_gt raw=80000 roi=356 cluster=180 tf_ok=True fallback_allowed=False decision_allowed=True,0.5940632226932361,true
43.900000000000006,1,GT_LOG_ONLY /bird/nearest_pose ignored_for_decision=true detector_mode=lidar provenance=gazebo_gt raw=80000 roi=482 cluster=258 tf_ok=True fallback_allowed=False decision_allowed=True,0.5940632226932361,true
44.0,1,GT_LOG_ONLY /bird/nearest_pose ignored_for_decision=true detector_mode=lidar provenance=gazebo_gt raw=80000 roi=482 cluster=258 tf_ok=True fallback_allowed=False decision_allowed=True,0.5888668731379127,true
44.0,1,GT_LOG_ONLY /bird/nearest_pose ignored_for_decision=true detector_mode=lidar provenance=gazebo_gt raw=80000 roi=376 cluster=198 tf_ok=True fallback_allowed=False decision_allowed=True,0.5888668731379127,true
45.0,1,GT_LOG_ONLY /bird/nearest_pose ignored_for_decision=true detector_mode=lidar provenance=gazebo_gt raw=80000 roi=454 cluster=242 tf_ok=True fallback_allowed=False decision_allowed=True,6.957854848458928,false
45.2,1,GT_LOG_ONLY /bird/nearest_pose ignored_for_decision=true detector_mode=lidar provenance=gazebo_gt raw=80000 roi=434 cluster=238 tf_ok=True fallback_allowed=False decision_allowed=True,6.963623888622252,false
45.400000000000006,1,GT_LOG_ONLY /bird/nearest_pose ignored_for_decision=true detector_mode=lidar provenance=gazebo_gt raw=80000 roi=434 cluster=238 tf_ok=True fallback_allowed=False decision_allowed=True,6.975270906319925,false
