time_sec,target_class,confidence,bird_confirmed,classifier_mode
1.5,unknown,0.0,false,fake_gazebo
1.5,unknown,0.0,false,fake_gazebo
1.5,unknown,0.0,false,fake_gazebo
1.5,unknown,0.0,false,fake_gazebo
1.5,unknown,0.0,false,fake_gazebo
1.5,unknown,0.0,false,fake_gazebo
1.6,unknown,0.0,false,fake_gazebo
1.6,unknown,0.0,false,fake_gazebo
1.6,unknown,0.0,false,fake_gazebo
1.7000000000000002,unknown,0.0,false,fake_gazebo
1.7000000000000002,unknown,0.0,false,fake_gazebo
1.7000000000000002,unknown,0.0,false,fake_gazebo
1.8,unknown,0.0,false,fake_gazebo
1.8,unknown,0.0,false,fake_gazebo
1.8,unknown,0.0,false,fake_gazebo
1.9000000000000001,unknown,0.0,false,fake_gazebo
1.9000000000000001,unknown,0.0,false,fake_gazebo
1.9000000000000001,unknown,0.0,false,fake_gazebo
2.0,unknown,0.0,false,fake_gazebo
2.0,unknown,0.0,false,fake_gazebo
2.0,unknown,0.0,false,fake_gazebo
2.1,unknown,0.0,false,fake_gazebo
2.1,unknown,0.0,false,fake_gazebo
2.1,unknown,0.0,false,fake_gazebo
2.2,unknown,0.0,false,fake_gazebo
2.2,unknown,0.0,false,fake_gazebo
2.2,unknown,0.0,false,fake_gazebo
2.3000000000000003,unknown,0.0,false,fake_gazebo
2.3000000000000003,unknown,0.0,false,fake_gazebo
2.3000000000000003,unknown,0.0,false,fake_gazebo
2.4000000000000004,unknown,0.0,false,fake_gazebo
2.4000000000000004,unknown,0.0,false,fake_gazebo
2.4000000000000004,unknown,0.0,false,fake_gazebo
2.5,unknown,0.0,false,fake_gazebo
2.5,unknown,0.0,false,fake_gazebo
2.5,unknown,0.0,false,fake_gazebo
2.6,unknown,0.0,false,fake_gazebo
2.6,unknown,0.0,false,fake_gazebo
2.6,unknown,0.0,false,fake_gazebo
2.7,unknown,0.0,false,fake_gazebo
2.7,unknown,0.0,false,fake_gazebo
2.7,unknown,0.0,false,fake_gazebo
2.8000000000000003,unknown,0.0,false,fake_gazebo
2.8000000000000003,unknown,0.0,false,fake_gazebo
2.8000000000000003,unknown,0.0,false,fake_gazebo
2.9000000000000004,unknown,0.0,false,fake_gazebo
2.9000000000000004,unknown,0.0,false,fake_gazebo
2.9000000000000004,unknown,0.0,false,fake_gazebo
3.0,unknown,0.0,false,fake_gazebo
3.0,unknown,0.0,false,fake_gazebo
3.0,unknown,0.0,false,fake_gazebo
3.1,unknown,0.0,false,fake_gazebo
3.1,unknown,0.0,false,fake_gazebo
3.1,unknown,0.0,false,fake_gazebo
3.2,unknown,0.0,false,fake_gazebo
3.2,unknown,0.0,false,fake_gazebo
3.2,unknown,0.0,false,fake_gazebo
3.3000000000000003,unknown,0.0,false,fake_gazebo
3.3000000000000003,unknown,0.0,false,fake_gazebo
3.3000000000000003,unknown,0.0,false,fake_gazebo
3.4000000000000004,unknown,0.0,false,fake_gazebo
3.4000000000000004,unknown,0.0,false,fake_gazebo
3.4000000000000004,unknown,0.0,false,fake_gazebo
3.5,unknown,0.0,false,fake_gazebo
3.5,unknown,0.0,false,fake_gazebo
3.5,unknown,0.0,false,fake_gazebo
3.6,unknown,0.0,false,fake_gazebo
3.6,unknown,0.0,false,fake_gazebo
3.6,unknown,0.0,false,fake_gazebo
3.7,unknown,0.0,false,fake_gazebo
3.7,unknown,0.0,false,fake_gazebo
3.7,unknown,0.0,false,fake_gazebo
3.8000000000000003,unknown,0.0,false,fake_gazebo
3.8000000000000003,unknown,0.0,false,fake_gazebo
3.8000000000000003,unknown,0.0,false,fake_gazebo
3.9000000000000004,unknown,0.0,false,fake_gazebo
3.9000000000000004,unknown,0.0,false,fake_gazebo
3.9000000000000004,unknown,0.0,false,fake_gazebo
4.0,unknown,0.0,false,fake_gazebo
4.0,unknown,0.0,false,fake_gazebo
4.0,unknown,0.0,false,fake_gazebo
4.1000000000000005,unknown,0.0,false,fake_gazebo
4.1000000000000005,unknown,0.0,false,fake_gazebo
4.1000000000000005,unknown,0.0,false,fake_gazebo
4.2,unknown,0.0,false,fake_gazebo
4.2,unknown,0.0,false,fake_gazebo
4.2,unknown,0.0,false,fake_gazebo
4.300000000000001,unknown,0.0,false,fake_gazebo
4.300000000000001,unknown,0.0,false,fake_gazebo
4.300000000000001,unknown,0.0,false,fake_gazebo
4.4,unknown,0.0,false,fake_gazebo
4.4,unknown,0.0,false,fake_gazebo
4.4,unknown,0.0,false,fake_gazebo
4.5,unknown,0.0,false,fake_gazebo
4.5,unknown,0.0,false,fake_gazebo
4.5,unknown,0.0,false,fake_gazebo
4.6000000000000005,unknown,0.0,false,fake_gazebo
4.6000000000000005,unknown,0.0,false,fake_gazebo
4.6000000000000005,unknown,0.0,false,fake_gazebo
4.7,unknown,0.0,false,fake_gazebo
4.7,unknown,0.0,false,fake_gazebo
4.7,unknown,0.0,false,fake_gazebo
4.800000000000001,unknown,0.0,false,fake_gazebo
4.800000000000001,unknown,0.0,false,fake_gazebo
4.800000000000001,unknown,0.0,false,fake_gazebo
4.9,unknown,0.0,false,fake_gazebo
4.9,unknown,0.0,false,fake_gazebo
4.9,unknown,0.0,false,fake_gazebo
5.0,unknown,0.0,false,fake_gazebo
5.0,unknown,0.0,false,fake_gazebo
5.0,unknown,0.0,false,fake_gazebo
5.1000000000000005,unknown,0.0,false,fake_gazebo
5.1000000000000005,unknown,0.0,false,fake_gazebo
5.1000000000000005,unknown,0.0,false,fake_gazebo
5.2,unknown,0.0,false,fake_gazebo
5.2,unknown,0.0,false,fake_gazebo
5.2,unknown,0.0,false,fake_gazebo
5.300000000000001,unknown,0.0,false,fake_gazebo
5.300000000000001,unknown,0.0,false,fake_gazebo
5.300000000000001,unknown,0.0,false,fake_gazebo
5.4,unknown,0.0,false,fake_gazebo
5.4,unknown,0.0,false,fake_gazebo
5.4,unknown,0.0,false,fake_gazebo
5.4,unknown,0.0,false,fake_gazebo
5.4,unknown,0.0,false,fake_gazebo
5.4,unknown,0.0,false,fake_gazebo
5.6000000000000005,unknown,0.0,false,fake_gazebo
5.6000000000000005,unknown,0.0,false,fake_gazebo
5.6000000000000005,unknown,0.0,false,fake_gazebo
5.7,unknown,0.0,false,fake_gazebo
5.7,unknown,0.0,false,fake_gazebo
5.7,unknown,0.0,false,fake_gazebo
5.800000000000001,unknown,0.0,false,fake_gazebo
5.800000000000001,unknown,0.0,false,fake_gazebo
5.800000000000001,unknown,0.0,false,fake_gazebo
5.9,unknown,0.0,false,fake_gazebo
5.9,unknown,0.0,false,fake_gazebo
5.9,unknown,0.0,false,fake_gazebo
6.0,unknown,0.0,false,fake_gazebo
6.0,unknown,0.0,false,fake_gazebo
6.0,unknown,0.0,false,fake_gazebo
6.1000000000000005,unknown,0.0,false,fake_gazebo
6.1000000000000005,unknown,0.0,false,fake_gazebo
6.1000000000000005,unknown,0.0,false,fake_gazebo
6.2,unknown,0.0,false,fake_gazebo
6.2,unknown,0.0,false,fake_gazebo
6.2,unknown,0.0,false,fake_gazebo
6.300000000000001,unknown,0.0,false,fake_gazebo
6.300000000000001,unknown,0.0,false,fake_gazebo
6.300000000000001,unknown,0.0,false,fake_gazebo
6.4,unknown,0.0,false,fake_gazebo
6.4,unknown,0.0,false,fake_gazebo
6.4,unknown,0.0,false,fake_gazebo
6.5,unknown,0.0,false,fake_gazebo
6.5,unknown,0.0,false,fake_gazebo
6.5,unknown,0.0,false,fake_gazebo
6.6000000000000005,unknown,0.0,false,fake_gazebo
6.6000000000000005,unknown,0.0,false,fake_gazebo
6.6000000000000005,unknown,0.0,false,fake_gazebo
6.7,unknown,0.0,false,fake_gazebo
6.7,unknown,0.0,false,fake_gazebo
6.7,unknown,0.0,false,fake_gazebo
6.800000000000001,unknown,0.0,false,fake_gazebo
6.800000000000001,unknown,0.0,false,fake_gazebo
6.800000000000001,unknown,0.0,false,fake_gazebo
6.9,unknown,0.0,false,fake_gazebo
6.9,unknown,0.0,false,fake_gazebo
6.9,unknown,0.0,false,fake_gazebo
7.0,unknown,0.0,false,fake_gazebo
7.0,unknown,0.0,false,fake_gazebo
7.0,unknown,0.0,false,fake_gazebo
7.1000000000000005,unknown,0.0,false,fake_gazebo
7.1000000000000005,unknown,0.0,false,fake_gazebo
7.1000000000000005,unknown,0.0,false,fake_gazebo
7.2,unknown,0.0,false,fake_gazebo
7.2,unknown,0.0,false,fake_gazebo
7.2,unknown,0.0,false,fake_gazebo
7.300000000000001,unknown,0.0,false,fake_gazebo
7.300000000000001,unknown,0.0,false,fake_gazebo
7.300000000000001,unknown,0.0,false,fake_gazebo
7.4,unknown,0.0,false,fake_gazebo
7.4,unknown,0.0,false,fake_gazebo
7.4,unknown,0.0,false,fake_gazebo
7.500000000000001,unknown,0.0,false,fake_gazebo
7.500000000000001,unknown,0.0,false,fake_gazebo
7.500000000000001,unknown,0.0,false,fake_gazebo
7.6000000000000005,unknown,0.0,false,fake_gazebo
7.6000000000000005,unknown,0.0,false,fake_gazebo
7.6000000000000005,unknown,0.0,false,fake_gazebo
7.7,unknown,0.0,false,fake_gazebo
7.7,unknown,0.0,false,fake_gazebo
7.7,unknown,0.0,false,fake_gazebo
7.800000000000001,unknown,0.0,false,fake_gazebo
7.800000000000001,unknown,0.0,false,fake_gazebo
7.800000000000001,unknown,0.0,false,fake_gazebo
7.9,unknown,0.0,false,fake_gazebo
7.9,unknown,0.0,false,fake_gazebo
7.9,unknown,0.0,false,fake_gazebo
8.0,unknown,0.0,false,fake_gazebo
8.0,unknown,0.0,false,fake_gazebo
8.0,unknown,0.0,false,fake_gazebo
8.1,unknown,0.0,false,fake_gazebo
8.1,unknown,0.0,false,fake_gazebo
8.1,unknown,0.0,false,fake_gazebo
8.200000000000001,unknown,0.0,false,fake_gazebo
8.200000000000001,unknown,0.0,false,fake_gazebo
8.200000000000001,unknown,0.0,false,fake_gazebo
8.3,unknown,0.0,false,fake_gazebo
8.3,unknown,0.0,false,fake_gazebo
8.3,unknown,0.0,false,fake_gazebo
8.4,unknown,0.0,false,fake_gazebo
8.4,unknown,0.0,false,fake_gazebo
8.4,unknown,0.0,false,fake_gazebo
8.5,unknown,0.0,false,fake_gazebo
8.5,unknown,0.0,false,fake_gazebo
8.5,unknown,0.0,false,fake_gazebo
8.600000000000001,unknown,0.0,false,fake_gazebo
8.600000000000001,unknown,0.0,false,fake_gazebo
8.600000000000001,unknown,0.0,false,fake_gazebo
8.700000000000001,unknown,0.0,false,fake_gazebo
8.700000000000001,unknown,0.0,false,fake_gazebo
8.700000000000001,unknown,0.0,false,fake_gazebo
8.8,unknown,0.0,false,fake_gazebo
8.8,unknown,0.0,false,fake_gazebo
8.8,unknown,0.0,false,fake_gazebo
8.9,unknown,0.0,false,fake_gazebo
8.9,unknown,0.0,false,fake_gazebo
8.9,unknown,0.0,false,fake_gazebo
9.0,unknown,0.0,false,fake_gazebo
9.0,unknown,0.0,false,fake_gazebo
9.0,unknown,0.0,false,fake_gazebo
9.100000000000001,unknown,0.0,false,fake_gazebo
9.100000000000001,unknown,0.0,false,fake_gazebo
9.100000000000001,unknown,0.0,false,fake_gazebo
9.200000000000001,unknown,0.0,false,fake_gazebo
9.200000000000001,unknown,0.0,false,fake_gazebo
9.200000000000001,unknown,0.0,false,fake_gazebo
9.3,unknown,0.0,false,fake_gazebo
9.3,unknown,0.0,false,fake_gazebo
9.3,unknown,0.0,false,fake_gazebo
9.4,unknown,0.0,false,fake_gazebo
9.4,unknown,0.0,false,fake_gazebo
9.4,unknown,0.0,false,fake_gazebo
9.5,unknown,0.0,false,fake_gazebo
9.5,unknown,0.0,false,fake_gazebo
9.5,unknown,0.0,false,fake_gazebo
9.600000000000001,unknown,0.0,false,fake_gazebo
9.600000000000001,unknown,0.0,false,fake_gazebo
9.600000000000001,unknown,0.0,false,fake_gazebo
9.700000000000001,unknown,0.0,false,fake_gazebo
9.700000000000001,unknown,0.0,false,fake_gazebo
9.700000000000001,unknown,0.0,false,fake_gazebo
9.8,unknown,0.0,false,fake_gazebo
9.8,unknown,0.0,false,fake_gazebo
9.8,unknown,0.0,false,fake_gazebo
9.9,unknown,0.0,false,fake_gazebo
9.9,unknown,0.0,false,fake_gazebo
9.9,unknown,0.0,false,fake_gazebo
10.0,unknown,0.0,false,fake_gazebo
10.0,unknown,0.0,false,fake_gazebo
10.0,unknown,0.0,false,fake_gazebo
10.100000000000001,unknown,0.0,false,fake_gazebo
10.100000000000001,unknown,0.0,false,fake_gazebo
10.100000000000001,unknown,0.0,false,fake_gazebo
10.200000000000001,unknown,0.0,false,fake_gazebo
10.200000000000001,unknown,0.0,false,fake_gazebo
10.200000000000001,unknown,0.0,false,fake_gazebo
10.3,unknown,0.0,false,fake_gazebo
10.3,unknown,0.0,false,fake_gazebo
10.3,unknown,0.0,false,fake_gazebo
10.4,unknown,0.0,false,fake_gazebo
10.4,unknown,0.0,false,fake_gazebo
10.4,unknown,0.0,false,fake_gazebo
10.5,unknown,0.0,false,fake_gazebo
10.5,unknown,0.0,false,fake_gazebo
10.5,unknown,0.0,false,fake_gazebo
10.600000000000001,unknown,0.0,false,fake_gazebo
10.600000000000001,unknown,0.0,false,fake_gazebo
10.600000000000001,unknown,0.0,false,fake_gazebo
10.700000000000001,unknown,0.0,false,fake_gazebo
10.700000000000001,unknown,0.0,false,fake_gazebo
10.700000000000001,unknown,0.0,false,fake_gazebo
10.8,unknown,0.0,false,fake_gazebo
10.8,unknown,0.0,false,fake_gazebo
10.8,unknown,0.0,false,fake_gazebo
10.9,unknown,0.0,false,fake_gazebo
10.9,unknown,0.0,false,fake_gazebo
10.9,unknown,0.0,false,fake_gazebo
11.0,unknown,0.0,false,fake_gazebo
11.0,unknown,0.0,false,fake_gazebo
11.0,unknown,0.0,false,fake_gazebo
11.100000000000001,unknown,0.0,false,fake_gazebo
11.100000000000001,unknown,0.0,false,fake_gazebo
11.100000000000001,unknown,0.0,false,fake_gazebo
11.200000000000001,unknown,0.0,false,fake_gazebo
11.200000000000001,unknown,0.0,false,fake_gazebo
11.200000000000001,unknown,0.0,false,fake_gazebo
11.3,unknown,0.0,false,fake_gazebo
11.3,unknown,0.0,false,fake_gazebo
11.3,unknown,0.0,false,fake_gazebo
11.4,unknown,0.0,false,fake_gazebo
11.4,unknown,0.0,false,fake_gazebo
11.4,unknown,0.0,false,fake_gazebo
11.5,unknown,0.0,false,fake_gazebo
11.5,unknown,0.0,false,fake_gazebo
11.5,unknown,0.0,false,fake_gazebo
11.600000000000001,unknown,0.0,false,fake_gazebo
11.600000000000001,unknown,0.0,false,fake_gazebo
11.600000000000001,unknown,0.0,false,fake_gazebo
11.700000000000001,unknown,0.0,false,fake_gazebo
11.700000000000001,unknown,0.0,false,fake_gazebo
11.700000000000001,unknown,0.0,false,fake_gazebo
11.8,unknown,0.0,false,fake_gazebo
11.8,unknown,0.0,false,fake_gazebo
11.8,unknown,0.0,false,fake_gazebo
11.9,unknown,0.0,false,fake_gazebo
11.9,unknown,0.0,false,fake_gazebo
11.9,unknown,0.0,false,fake_gazebo
12.0,unknown,0.0,false,fake_gazebo
12.0,unknown,0.0,false,fake_gazebo
12.0,unknown,0.0,false,fake_gazebo
12.100000000000001,unknown,0.0,false,fake_gazebo
12.100000000000001,unknown,0.0,false,fake_gazebo
12.100000000000001,unknown,0.0,false,fake_gazebo
12.200000000000001,unknown,0.0,false,fake_gazebo
12.200000000000001,unknown,0.0,false,fake_gazebo
12.200000000000001,unknown,0.0,false,fake_gazebo
12.3,unknown,0.0,false,fake_gazebo
12.3,unknown,0.0,false,fake_gazebo
12.3,unknown,0.0,false,fake_gazebo
12.4,unknown,0.0,false,fake_gazebo
12.4,unknown,0.0,false,fake_gazebo
12.4,unknown,0.0,false,fake_gazebo
12.5,unknown,0.0,false,fake_gazebo
12.5,unknown,0.0,false,fake_gazebo
12.5,unknown,0.0,false,fake_gazebo
12.600000000000001,unknown,0.0,false,fake_gazebo
12.600000000000001,unknown,0.0,false,fake_gazebo
12.600000000000001,unknown,0.0,false,fake_gazebo
12.700000000000001,unknown,0.0,false,fake_gazebo
12.700000000000001,unknown,0.0,false,fake_gazebo
12.700000000000001,unknown,0.0,false,fake_gazebo
12.8,bird,0.0,false,fake_gazebo
12.8,bird,0.9200000166893005,false,fake_gazebo
12.8,bird,0.9200000166893005,true,fake_gazebo
12.9,bird,0.9200000166893005,true,fake_gazebo
12.9,bird,0.9200000166893005,true,fake_gazebo
12.9,bird,0.9200000166893005,true,fake_gazebo
13.0,bird,0.9200000166893005,true,fake_gazebo
13.0,bird,0.9200000166893005,true,fake_gazebo
13.0,bird,0.9200000166893005,true,fake_gazebo
13.100000000000001,bird,0.9200000166893005,true,fake_gazebo
13.100000000000001,bird,0.9200000166893005,true,fake_gazebo
13.100000000000001,bird,0.9200000166893005,true,fake_gazebo
13.200000000000001,bird,0.9200000166893005,true,fake_gazebo
13.200000000000001,bird,0.9200000166893005,true,fake_gazebo
13.200000000000001,bird,0.9200000166893005,true,fake_gazebo
13.3,bird,0.9200000166893005,true,fake_gazebo
13.3,bird,0.9200000166893005,true,fake_gazebo
13.3,bird,0.9200000166893005,true,fake_gazebo
13.4,bird,0.9200000166893005,true,fake_gazebo
13.4,bird,0.9200000166893005,true,fake_gazebo
13.4,bird,0.9200000166893005,true,fake_gazebo
13.5,bird,0.9200000166893005,true,fake_gazebo
13.5,bird,0.9200000166893005,true,fake_gazebo
13.5,bird,0.9200000166893005,true,fake_gazebo
13.600000000000001,bird,0.9200000166893005,true,fake_gazebo
13.600000000000001,bird,0.9200000166893005,true,fake_gazebo
13.600000000000001,bird,0.9200000166893005,true,fake_gazebo
13.700000000000001,bird,0.9200000166893005,true,fake_gazebo
13.700000000000001,bird,0.9200000166893005,true,fake_gazebo
13.700000000000001,bird,0.9200000166893005,true,fake_gazebo
13.8,bird,0.9200000166893005,true,fake_gazebo
13.8,bird,0.9200000166893005,true,fake_gazebo
13.8,bird,0.9200000166893005,true,fake_gazebo
13.9,bird,0.9200000166893005,true,fake_gazebo
13.9,bird,0.9200000166893005,true,fake_gazebo
13.9,bird,0.9200000166893005,true,fake_gazebo
14.0,bird,0.9200000166893005,true,fake_gazebo
14.0,bird,0.9200000166893005,true,fake_gazebo
14.0,bird,0.9200000166893005,true,fake_gazebo
14.100000000000001,bird,0.9200000166893005,true,fake_gazebo
14.100000000000001,bird,0.9200000166893005,true,fake_gazebo
14.100000000000001,bird,0.9200000166893005,true,fake_gazebo
14.200000000000001,bird,0.9200000166893005,true,fake_gazebo
14.200000000000001,bird,0.9200000166893005,true,fake_gazebo
14.200000000000001,bird,0.9200000166893005,true,fake_gazebo
14.3,bird,0.9200000166893005,true,fake_gazebo
14.3,bird,0.9200000166893005,true,fake_gazebo
14.3,bird,0.9200000166893005,true,fake_gazebo
14.4,bird,0.9200000166893005,true,fake_gazebo
14.4,bird,0.9200000166893005,true,fake_gazebo
14.4,bird,0.9200000166893005,true,fake_gazebo
14.500000000000002,bird,0.9200000166893005,true,fake_gazebo
14.500000000000002,bird,0.9200000166893005,true,fake_gazebo
14.500000000000002,bird,0.9200000166893005,true,fake_gazebo
14.600000000000001,bird,0.9200000166893005,true,fake_gazebo
14.600000000000001,bird,0.9200000166893005,true,fake_gazebo
14.600000000000001,bird,0.9200000166893005,true,fake_gazebo
14.700000000000001,bird,0.9200000166893005,true,fake_gazebo
14.700000000000001,bird,0.9200000166893005,true,fake_gazebo
14.700000000000001,bird,0.9200000166893005,true,fake_gazebo
14.8,bird,0.9200000166893005,true,fake_gazebo
14.8,bird,0.9200000166893005,true,fake_gazebo
14.8,bird,0.9200000166893005,true,fake_gazebo
14.9,bird,0.9200000166893005,true,fake_gazebo
14.9,bird,0.9200000166893005,true,fake_gazebo
14.9,bird,0.9200000166893005,true,fake_gazebo
15.000000000000002,bird,0.9200000166893005,true,fake_gazebo
15.000000000000002,bird,0.9200000166893005,true,fake_gazebo
15.000000000000002,bird,0.9200000166893005,true,fake_gazebo
15.100000000000001,bird,0.9200000166893005,true,fake_gazebo
15.100000000000001,bird,0.9200000166893005,true,fake_gazebo
15.100000000000001,bird,0.9200000166893005,true,fake_gazebo
15.200000000000001,bird,0.9200000166893005,true,fake_gazebo
15.200000000000001,bird,0.9200000166893005,true,fake_gazebo
15.200000000000001,bird,0.9200000166893005,true,fake_gazebo
15.3,bird,0.9200000166893005,true,fake_gazebo
15.3,bird,0.9200000166893005,true,fake_gazebo
15.3,bird,0.9200000166893005,true,fake_gazebo
15.4,bird,0.9200000166893005,true,fake_gazebo
15.4,bird,0.9200000166893005,true,fake_gazebo
15.4,bird,0.9200000166893005,true,fake_gazebo
15.500000000000002,bird,0.9200000166893005,true,fake_gazebo
15.500000000000002,bird,0.9200000166893005,true,fake_gazebo
15.500000000000002,bird,0.9200000166893005,true,fake_gazebo
15.600000000000001,bird,0.9200000166893005,true,fake_gazebo
15.600000000000001,bird,0.9200000166893005,true,fake_gazebo
15.600000000000001,bird,0.9200000166893005,true,fake_gazebo
15.700000000000001,bird,0.9200000166893005,true,fake_gazebo
15.700000000000001,bird,0.9200000166893005,true,fake_gazebo
15.700000000000001,bird,0.9200000166893005,true,fake_gazebo
15.8,bird,0.9200000166893005,true,fake_gazebo
15.8,bird,0.9200000166893005,true,fake_gazebo
15.8,bird,0.9200000166893005,true,fake_gazebo
15.9,bird,0.9200000166893005,true,fake_gazebo
15.9,bird,0.9200000166893005,true,fake_gazebo
15.9,bird,0.9200000166893005,true,fake_gazebo
16.0,bird,0.9200000166893005,true,fake_gazebo
16.0,bird,0.9200000166893005,true,fake_gazebo
16.0,bird,0.9200000166893005,true,fake_gazebo
16.1,bird,0.9200000166893005,true,fake_gazebo
16.1,bird,0.9200000166893005,true,fake_gazebo
16.1,bird,0.9200000166893005,true,fake_gazebo
16.2,bird,0.9200000166893005,true,fake_gazebo
16.2,bird,0.9200000166893005,true,fake_gazebo
16.2,bird,0.9200000166893005,true,fake_gazebo
16.3,bird,0.9200000166893005,true,fake_gazebo
16.3,bird,0.9200000166893005,true,fake_gazebo
16.3,bird,0.9200000166893005,true,fake_gazebo
16.400000000000002,bird,0.9200000166893005,true,fake_gazebo
16.400000000000002,bird,0.9200000166893005,true,fake_gazebo
16.400000000000002,bird,0.9200000166893005,true,fake_gazebo
16.5,bird,0.9200000166893005,true,fake_gazebo
16.5,bird,0.9200000166893005,true,fake_gazebo
16.5,bird,0.9200000166893005,true,fake_gazebo
16.6,bird,0.9200000166893005,true,fake_gazebo
16.6,bird,0.9200000166893005,true,fake_gazebo
16.6,bird,0.9200000166893005,true,fake_gazebo
16.7,bird,0.9200000166893005,true,fake_gazebo
16.7,bird,0.9200000166893005,true,fake_gazebo
16.7,bird,0.9200000166893005,true,fake_gazebo
16.8,bird,0.9200000166893005,true,fake_gazebo
16.8,bird,0.9200000166893005,true,fake_gazebo
16.8,bird,0.9200000166893005,true,fake_gazebo
16.900000000000002,bird,0.9200000166893005,true,fake_gazebo
16.900000000000002,bird,0.9200000166893005,true,fake_gazebo
16.900000000000002,bird,0.9200000166893005,true,fake_gazebo
17.0,bird,0.9200000166893005,true,fake_gazebo
17.0,bird,0.9200000166893005,true,fake_gazebo
17.0,bird,0.9200000166893005,true,fake_gazebo
17.1,bird,0.9200000166893005,true,fake_gazebo
17.1,bird,0.9200000166893005,true,fake_gazebo
17.1,bird,0.9200000166893005,true,fake_gazebo
17.200000000000003,bird,0.9200000166893005,true,fake_gazebo
17.200000000000003,bird,0.9200000166893005,true,fake_gazebo
17.200000000000003,bird,0.9200000166893005,true,fake_gazebo
17.3,bird,0.9200000166893005,true,fake_gazebo
17.3,bird,0.9200000166893005,true,fake_gazebo
17.3,bird,0.9200000166893005,true,fake_gazebo
17.400000000000002,bird,0.9200000166893005,true,fake_gazebo
17.400000000000002,bird,0.9200000166893005,true,fake_gazebo
17.400000000000002,bird,0.9200000166893005,true,fake_gazebo
17.5,bird,0.9200000166893005,true,fake_gazebo
17.5,bird,0.9200000166893005,true,fake_gazebo
17.5,bird,0.9200000166893005,true,fake_gazebo
17.6,bird,0.9200000166893005,true,fake_gazebo
17.6,bird,0.9200000166893005,true,fake_gazebo
17.6,bird,0.9200000166893005,true,fake_gazebo
17.700000000000003,bird,0.9200000166893005,true,fake_gazebo
17.700000000000003,bird,0.9200000166893005,true,fake_gazebo
17.700000000000003,bird,0.9200000166893005,true,fake_gazebo
17.8,bird,0.9200000166893005,true,fake_gazebo
17.8,bird,0.9200000166893005,true,fake_gazebo
17.8,bird,0.9200000166893005,true,fake_gazebo
17.900000000000002,bird,0.9200000166893005,true,fake_gazebo
17.900000000000002,bird,0.9200000166893005,true,fake_gazebo
17.900000000000002,bird,0.9200000166893005,true,fake_gazebo
18.0,bird,0.9200000166893005,true,fake_gazebo
18.0,bird,0.9200000166893005,true,fake_gazebo
18.0,bird,0.9200000166893005,true,fake_gazebo
18.1,bird,0.9200000166893005,true,fake_gazebo
18.1,bird,0.9200000166893005,true,fake_gazebo
18.1,bird,0.9200000166893005,true,fake_gazebo
18.200000000000003,bird,0.9200000166893005,true,fake_gazebo
18.200000000000003,bird,0.9200000166893005,true,fake_gazebo
18.200000000000003,bird,0.9200000166893005,true,fake_gazebo
18.3,bird,0.9200000166893005,true,fake_gazebo
18.3,bird,0.9200000166893005,true,fake_gazebo
18.3,bird,0.9200000166893005,true,fake_gazebo
18.400000000000002,bird,0.9200000166893005,true,fake_gazebo
18.400000000000002,bird,0.9200000166893005,true,fake_gazebo
18.400000000000002,bird,0.9200000166893005,true,fake_gazebo
18.5,bird,0.9200000166893005,true,fake_gazebo
18.5,bird,0.9200000166893005,true,fake_gazebo
18.5,bird,0.9200000166893005,true,fake_gazebo
18.6,bird,0.9200000166893005,true,fake_gazebo
18.6,bird,0.9200000166893005,true,fake_gazebo
18.6,bird,0.9200000166893005,true,fake_gazebo
18.700000000000003,bird,0.9200000166893005,true,fake_gazebo
18.700000000000003,bird,0.9200000166893005,true,fake_gazebo
18.700000000000003,bird,0.9200000166893005,true,fake_gazebo
18.8,bird,0.9200000166893005,true,fake_gazebo
18.8,bird,0.9200000166893005,true,fake_gazebo
18.8,bird,0.9200000166893005,true,fake_gazebo
18.900000000000002,bird,0.9200000166893005,true,fake_gazebo
18.900000000000002,bird,0.9200000166893005,true,fake_gazebo
18.900000000000002,bird,0.9200000166893005,true,fake_gazebo
19.0,bird,0.9200000166893005,true,fake_gazebo
19.0,bird,0.9200000166893005,true,fake_gazebo
19.0,bird,0.9200000166893005,true,fake_gazebo
19.1,bird,0.9200000166893005,true,fake_gazebo
19.1,bird,0.9200000166893005,true,fake_gazebo
19.1,bird,0.9200000166893005,true,fake_gazebo
19.200000000000003,bird,0.9200000166893005,true,fake_gazebo
19.200000000000003,bird,0.9200000166893005,true,fake_gazebo
19.200000000000003,bird,0.9200000166893005,true,fake_gazebo
19.3,bird,0.9200000166893005,true,fake_gazebo
19.3,bird,0.9200000166893005,true,fake_gazebo
19.3,bird,0.9200000166893005,true,fake_gazebo
19.400000000000002,bird,0.9200000166893005,true,fake_gazebo
19.400000000000002,bird,0.9200000166893005,true,fake_gazebo
19.400000000000002,bird,0.9200000166893005,true,fake_gazebo
19.5,bird,0.9200000166893005,true,fake_gazebo
19.5,bird,0.9200000166893005,true,fake_gazebo
19.5,bird,0.9200000166893005,true,fake_gazebo
19.6,bird,0.9200000166893005,true,fake_gazebo
19.6,bird,0.9200000166893005,true,fake_gazebo
19.6,bird,0.9200000166893005,true,fake_gazebo
19.700000000000003,bird,0.9200000166893005,true,fake_gazebo
19.700000000000003,bird,0.9200000166893005,true,fake_gazebo
19.700000000000003,bird,0.9200000166893005,true,fake_gazebo
19.8,bird,0.9200000166893005,true,fake_gazebo
19.8,bird,0.9200000166893005,true,fake_gazebo
19.8,bird,0.9200000166893005,true,fake_gazebo
19.900000000000002,bird,0.9200000166893005,true,fake_gazebo
19.900000000000002,bird,0.9200000166893005,true,fake_gazebo
19.900000000000002,bird,0.9200000166893005,true,fake_gazebo
20.0,bird,0.9200000166893005,true,fake_gazebo
20.0,bird,0.9200000166893005,true,fake_gazebo
20.0,bird,0.9200000166893005,true,fake_gazebo
20.1,bird,0.9200000166893005,true,fake_gazebo
20.1,bird,0.9200000166893005,true,fake_gazebo
20.1,bird,0.9200000166893005,true,fake_gazebo
20.200000000000003,bird,0.9200000166893005,true,fake_gazebo
20.200000000000003,bird,0.9200000166893005,true,fake_gazebo
20.200000000000003,bird,0.9200000166893005,true,fake_gazebo
20.3,bird,0.9200000166893005,true,fake_gazebo
20.3,bird,0.9200000166893005,true,fake_gazebo
20.3,bird,0.9200000166893005,true,fake_gazebo
20.400000000000002,bird,0.9200000166893005,true,fake_gazebo
20.400000000000002,bird,0.9200000166893005,true,fake_gazebo
20.400000000000002,bird,0.9200000166893005,true,fake_gazebo
20.5,bird,0.9200000166893005,true,fake_gazebo
20.5,bird,0.9200000166893005,true,fake_gazebo
20.5,bird,0.9200000166893005,true,fake_gazebo
20.6,bird,0.9200000166893005,true,fake_gazebo
20.6,bird,0.9200000166893005,true,fake_gazebo
20.6,bird,0.9200000166893005,true,fake_gazebo
20.700000000000003,bird,0.9200000166893005,true,fake_gazebo
20.700000000000003,bird,0.9200000166893005,true,fake_gazebo
20.700000000000003,bird,0.9200000166893005,true,fake_gazebo
20.8,bird,0.9200000166893005,true,fake_gazebo
20.8,bird,0.9200000166893005,true,fake_gazebo
20.8,bird,0.9200000166893005,true,fake_gazebo
20.900000000000002,bird,0.9200000166893005,true,fake_gazebo
20.900000000000002,bird,0.9200000166893005,true,fake_gazebo
20.900000000000002,bird,0.9200000166893005,true,fake_gazebo
21.0,bird,0.9200000166893005,true,fake_gazebo
21.0,bird,0.9200000166893005,true,fake_gazebo
21.0,bird,0.9200000166893005,true,fake_gazebo
21.1,bird,0.9200000166893005,true,fake_gazebo
21.1,bird,0.9200000166893005,true,fake_gazebo
21.1,bird,0.9200000166893005,true,fake_gazebo
21.1,bird,0.9200000166893005,true,fake_gazebo
21.1,bird,0.9200000166893005,true,fake_gazebo
21.1,bird,0.9200000166893005,true,fake_gazebo
21.3,bird,0.9200000166893005,true,fake_gazebo
21.3,bird,0.9200000166893005,true,fake_gazebo
21.3,bird,0.9200000166893005,true,fake_gazebo
21.400000000000002,bird,0.9200000166893005,true,fake_gazebo
21.400000000000002,bird,0.9200000166893005,true,fake_gazebo
21.400000000000002,bird,0.9200000166893005,true,fake_gazebo
21.5,bird,0.9200000166893005,true,fake_gazebo
21.5,bird,0.9200000166893005,true,fake_gazebo
21.5,bird,0.9200000166893005,true,fake_gazebo
21.6,bird,0.9200000166893005,true,fake_gazebo
21.6,bird,0.9200000166893005,true,fake_gazebo
21.6,bird,0.9200000166893005,true,fake_gazebo
21.700000000000003,bird,0.9200000166893005,true,fake_gazebo
21.700000000000003,bird,0.9200000166893005,true,fake_gazebo
21.700000000000003,bird,0.9200000166893005,true,fake_gazebo
21.8,bird,0.9200000166893005,true,fake_gazebo
21.8,bird,0.9200000166893005,true,fake_gazebo
21.8,bird,0.9200000166893005,true,fake_gazebo
21.8,bird,0.9200000166893005,true,fake_gazebo
21.8,bird,0.9200000166893005,true,fake_gazebo
21.8,bird,0.9200000166893005,true,fake_gazebo
22.0,bird,0.9200000166893005,true,fake_gazebo
22.0,bird,0.9200000166893005,true,fake_gazebo
22.0,bird,0.9200000166893005,true,fake_gazebo
22.1,bird,0.9200000166893005,true,fake_gazebo
22.1,bird,0.9200000166893005,true,fake_gazebo
22.1,bird,0.9200000166893005,true,fake_gazebo
22.200000000000003,bird,0.9200000166893005,true,fake_gazebo
22.200000000000003,bird,0.9200000166893005,true,fake_gazebo
22.200000000000003,bird,0.9200000166893005,true,fake_gazebo
22.3,bird,0.9200000166893005,true,fake_gazebo
22.3,bird,0.9200000166893005,true,fake_gazebo
22.3,bird,0.9200000166893005,true,fake_gazebo
22.400000000000002,bird,0.9200000166893005,true,fake_gazebo
22.400000000000002,bird,0.9200000166893005,true,fake_gazebo
22.400000000000002,bird,0.9200000166893005,true,fake_gazebo
22.5,bird,0.9200000166893005,true,fake_gazebo
22.5,bird,0.9200000166893005,true,fake_gazebo
22.5,bird,0.9200000166893005,true,fake_gazebo
22.6,bird,0.9200000166893005,true,fake_gazebo
22.6,bird,0.9200000166893005,true,fake_gazebo
22.6,bird,0.9200000166893005,true,fake_gazebo
22.700000000000003,bird,0.9200000166893005,true,fake_gazebo
22.700000000000003,bird,0.9200000166893005,true,fake_gazebo
22.700000000000003,bird,0.9200000166893005,true,fake_gazebo
22.8,bird,0.9200000166893005,true,fake_gazebo
22.8,bird,0.9200000166893005,true,fake_gazebo
22.8,bird,0.9200000166893005,true,fake_gazebo
22.900000000000002,bird,0.9200000166893005,true,fake_gazebo
22.900000000000002,bird,0.9200000166893005,true,fake_gazebo
22.900000000000002,bird,0.9200000166893005,true,fake_gazebo
23.0,bird,0.9200000166893005,true,fake_gazebo
23.0,bird,0.9200000166893005,true,fake_gazebo
23.0,bird,0.9200000166893005,true,fake_gazebo
23.1,bird,0.9200000166893005,true,fake_gazebo
23.1,bird,0.9200000166893005,true,fake_gazebo
23.1,bird,0.9200000166893005,true,fake_gazebo
23.200000000000003,bird,0.9200000166893005,true,fake_gazebo
23.200000000000003,bird,0.9200000166893005,true,fake_gazebo
23.200000000000003,bird,0.9200000166893005,true,fake_gazebo
23.3,bird,0.9200000166893005,true,fake_gazebo
23.3,bird,0.9200000166893005,true,fake_gazebo
23.3,bird,0.9200000166893005,true,fake_gazebo
23.400000000000002,bird,0.9200000166893005,true,fake_gazebo
23.400000000000002,bird,0.9200000166893005,true,fake_gazebo
23.400000000000002,bird,0.9200000166893005,true,fake_gazebo
23.5,bird,0.9200000166893005,true,fake_gazebo
23.5,bird,0.9200000166893005,true,fake_gazebo
23.5,bird,0.9200000166893005,true,fake_gazebo
23.6,bird,0.9200000166893005,true,fake_gazebo
23.6,bird,0.9200000166893005,true,fake_gazebo
23.6,bird,0.9200000166893005,true,fake_gazebo
23.700000000000003,bird,0.9200000166893005,true,fake_gazebo
23.700000000000003,bird,0.9200000166893005,true,fake_gazebo
23.700000000000003,bird,0.9200000166893005,true,fake_gazebo
23.8,bird,0.9200000166893005,true,fake_gazebo
23.8,bird,0.9200000166893005,true,fake_gazebo
23.8,bird,0.9200000166893005,true,fake_gazebo
23.900000000000002,bird,0.9200000166893005,true,fake_gazebo
23.900000000000002,bird,0.9200000166893005,true,fake_gazebo
23.900000000000002,bird,0.9200000166893005,true,fake_gazebo
24.0,bird,0.9200000166893005,true,fake_gazebo
24.0,bird,0.9200000166893005,true,fake_gazebo
24.0,bird,0.9200000166893005,true,fake_gazebo
24.1,bird,0.9200000166893005,true,fake_gazebo
24.1,bird,0.9200000166893005,true,fake_gazebo
24.1,bird,0.9200000166893005,true,fake_gazebo
24.200000000000003,bird,0.9200000166893005,true,fake_gazebo
24.200000000000003,bird,0.9200000166893005,true,fake_gazebo
24.200000000000003,bird,0.9200000166893005,true,fake_gazebo
24.3,bird,0.9200000166893005,true,fake_gazebo
24.3,bird,0.9200000166893005,true,fake_gazebo
24.3,bird,0.9200000166893005,true,fake_gazebo
24.400000000000002,bird,0.9200000166893005,true,fake_gazebo
24.400000000000002,bird,0.9200000166893005,true,fake_gazebo
24.400000000000002,bird,0.9200000166893005,true,fake_gazebo
24.5,bird,0.9200000166893005,true,fake_gazebo
24.5,bird,0.9200000166893005,true,fake_gazebo
24.5,bird,0.9200000166893005,true,fake_gazebo
24.6,bird,0.9200000166893005,true,fake_gazebo
24.6,bird,0.9200000166893005,true,fake_gazebo
24.6,bird,0.9200000166893005,true,fake_gazebo
24.6,bird,0.9200000166893005,true,fake_gazebo
24.6,bird,0.9200000166893005,true,fake_gazebo
24.700000000000003,bird,0.9200000166893005,true,fake_gazebo
24.8,bird,0.9200000166893005,true,fake_gazebo
24.8,bird,0.9200000166893005,true,fake_gazebo
24.8,bird,0.9200000166893005,true,fake_gazebo
24.900000000000002,bird,0.9200000166893005,true,fake_gazebo
24.900000000000002,bird,0.9200000166893005,true,fake_gazebo
24.900000000000002,bird,0.9200000166893005,true,fake_gazebo
25.0,bird,0.9200000166893005,true,fake_gazebo
25.0,bird,0.9200000166893005,true,fake_gazebo
25.0,bird,0.9200000166893005,true,fake_gazebo
25.1,bird,0.9200000166893005,true,fake_gazebo
25.1,bird,0.9200000166893005,true,fake_gazebo
25.1,bird,0.9200000166893005,true,fake_gazebo
25.200000000000003,bird,0.9200000166893005,true,fake_gazebo
25.200000000000003,bird,0.9200000166893005,true,fake_gazebo
25.200000000000003,bird,0.9200000166893005,true,fake_gazebo
25.3,bird,0.9200000166893005,true,fake_gazebo
25.3,bird,0.9200000166893005,true,fake_gazebo
25.3,bird,0.9200000166893005,true,fake_gazebo
25.400000000000002,bird,0.9200000166893005,true,fake_gazebo
25.400000000000002,bird,0.9200000166893005,true,fake_gazebo
25.400000000000002,bird,0.9200000166893005,true,fake_gazebo
25.5,bird,0.9200000166893005,true,fake_gazebo
25.5,bird,0.9200000166893005,true,fake_gazebo
25.5,bird,0.9200000166893005,true,fake_gazebo
25.6,bird,0.9200000166893005,true,fake_gazebo
25.6,bird,0.9200000166893005,true,fake_gazebo
25.6,bird,0.9200000166893005,true,fake_gazebo
25.700000000000003,bird,0.9200000166893005,true,fake_gazebo
25.700000000000003,bird,0.9200000166893005,true,fake_gazebo
25.700000000000003,bird,0.9200000166893005,true,fake_gazebo
25.8,bird,0.9200000166893005,true,fake_gazebo
25.8,bird,0.9200000166893005,true,fake_gazebo
25.8,bird,0.9200000166893005,true,fake_gazebo
25.900000000000002,unknown,0.9200000166893005,true,fake_gazebo
25.900000000000002,unknown,0.0,true,fake_gazebo
25.900000000000002,unknown,0.0,false,fake_gazebo
26.0,unknown,0.0,false,fake_gazebo
26.0,unknown,0.0,false,fake_gazebo
26.0,unknown,0.0,false,fake_gazebo
26.1,bird,0.0,false,fake_gazebo
26.1,bird,0.9200000166893005,false,fake_gazebo
26.1,bird,0.9200000166893005,true,fake_gazebo
26.200000000000003,bird,0.9200000166893005,true,fake_gazebo
26.200000000000003,bird,0.9200000166893005,true,fake_gazebo
26.200000000000003,bird,0.9200000166893005,true,fake_gazebo
26.3,bird,0.9200000166893005,true,fake_gazebo
26.3,bird,0.9200000166893005,true,fake_gazebo
26.3,bird,0.9200000166893005,true,fake_gazebo
26.400000000000002,bird,0.9200000166893005,true,fake_gazebo
26.400000000000002,bird,0.9200000166893005,true,fake_gazebo
26.400000000000002,bird,0.9200000166893005,true,fake_gazebo
26.5,bird,0.9200000166893005,true,fake_gazebo
26.5,bird,0.9200000166893005,true,fake_gazebo
26.5,bird,0.9200000166893005,true,fake_gazebo
26.6,bird,0.9200000166893005,true,fake_gazebo
26.6,bird,0.9200000166893005,true,fake_gazebo
26.6,bird,0.9200000166893005,true,fake_gazebo
26.700000000000003,bird,0.9200000166893005,true,fake_gazebo
26.700000000000003,bird,0.9200000166893005,true,fake_gazebo
26.700000000000003,bird,0.9200000166893005,true,fake_gazebo
26.8,unknown,0.9200000166893005,true,fake_gazebo
26.8,unknown,0.0,true,fake_gazebo
26.8,unknown,0.0,false,fake_gazebo
26.900000000000002,unknown,0.0,false,fake_gazebo
26.900000000000002,unknown,0.0,false,fake_gazebo
26.900000000000002,unknown,0.0,false,fake_gazebo
27.0,unknown,0.0,false,fake_gazebo
27.0,unknown,0.0,false,fake_gazebo
27.0,unknown,0.0,false,fake_gazebo
27.1,bird,0.0,false,fake_gazebo
27.1,bird,0.9200000166893005,false,fake_gazebo
27.1,bird,0.9200000166893005,true,fake_gazebo
27.200000000000003,bird,0.9200000166893005,true,fake_gazebo
27.200000000000003,bird,0.9200000166893005,true,fake_gazebo
27.200000000000003,bird,0.9200000166893005,true,fake_gazebo
27.3,bird,0.9200000166893005,true,fake_gazebo
27.3,bird,0.9200000166893005,true,fake_gazebo
27.3,bird,0.9200000166893005,true,fake_gazebo
27.400000000000002,bird,0.9200000166893005,true,fake_gazebo
27.400000000000002,bird,0.9200000166893005,true,fake_gazebo
27.400000000000002,bird,0.9200000166893005,true,fake_gazebo
27.5,bird,0.9200000166893005,true,fake_gazebo
27.5,bird,0.9200000166893005,true,fake_gazebo
27.5,bird,0.9200000166893005,true,fake_gazebo
27.6,bird,0.9200000166893005,true,fake_gazebo
27.6,bird,0.9200000166893005,true,fake_gazebo
27.6,bird,0.9200000166893005,true,fake_gazebo
27.6,unknown,0.9200000166893005,true,fake_gazebo
27.6,unknown,0.0,true,fake_gazebo
27.6,unknown,0.0,false,fake_gazebo
27.8,unknown,0.0,false,fake_gazebo
27.8,unknown,0.0,false,fake_gazebo
27.8,unknown,0.0,false,fake_gazebo
27.900000000000002,bird,0.0,false,fake_gazebo
27.900000000000002,bird,0.9200000166893005,false,fake_gazebo
27.900000000000002,bird,0.9200000166893005,true,fake_gazebo
28.0,bird,0.9200000166893005,true,fake_gazebo
28.0,bird,0.9200000166893005,true,fake_gazebo
28.0,bird,0.9200000166893005,true,fake_gazebo
28.1,bird,0.9200000166893005,true,fake_gazebo
28.1,bird,0.9200000166893005,true,fake_gazebo
28.1,bird,0.9200000166893005,true,fake_gazebo
28.200000000000003,bird,0.9200000166893005,true,fake_gazebo
28.200000000000003,bird,0.9200000166893005,true,fake_gazebo
28.200000000000003,bird,0.9200000166893005,true,fake_gazebo
28.3,bird,0.9200000166893005,true,fake_gazebo
28.3,bird,0.9200000166893005,true,fake_gazebo
28.3,bird,0.9200000166893005,true,fake_gazebo
28.400000000000002,bird,0.9200000166893005,true,fake_gazebo
28.400000000000002,bird,0.9200000166893005,true,fake_gazebo
28.400000000000002,bird,0.9200000166893005,true,fake_gazebo
28.5,bird,0.9200000166893005,true,fake_gazebo
28.5,bird,0.9200000166893005,true,fake_gazebo
28.5,bird,0.9200000166893005,true,fake_gazebo
28.6,bird,0.9200000166893005,true,fake_gazebo
28.6,bird,0.9200000166893005,true,fake_gazebo
28.6,bird,0.9200000166893005,true,fake_gazebo
28.700000000000003,bird,0.9200000166893005,true,fake_gazebo
28.700000000000003,bird,0.9200000166893005,true,fake_gazebo
28.700000000000003,bird,0.9200000166893005,true,fake_gazebo
28.8,bird,0.9200000166893005,true,fake_gazebo
28.8,bird,0.9200000166893005,true,fake_gazebo
28.8,bird,0.9200000166893005,true,fake_gazebo
28.900000000000002,bird,0.9200000166893005,true,fake_gazebo
28.900000000000002,bird,0.9200000166893005,true,fake_gazebo
28.900000000000002,bird,0.9200000166893005,true,fake_gazebo
29.000000000000004,bird,0.9200000166893005,true,fake_gazebo
29.000000000000004,bird,0.9200000166893005,true,fake_gazebo
29.000000000000004,bird,0.9200000166893005,true,fake_gazebo
29.1,bird,0.9200000166893005,true,fake_gazebo
29.1,bird,0.9200000166893005,true,fake_gazebo
29.1,bird,0.9200000166893005,true,fake_gazebo
29.200000000000003,bird,0.9200000166893005,true,fake_gazebo
29.200000000000003,bird,0.9200000166893005,true,fake_gazebo
29.200000000000003,bird,0.9200000166893005,true,fake_gazebo
29.3,bird,0.9200000166893005,true,fake_gazebo
29.3,bird,0.9200000166893005,true,fake_gazebo
29.3,bird,0.9200000166893005,true,fake_gazebo
29.400000000000002,bird,0.9200000166893005,true,fake_gazebo
29.400000000000002,bird,0.9200000166893005,true,fake_gazebo
29.400000000000002,bird,0.9200000166893005,true,fake_gazebo
29.500000000000004,bird,0.9200000166893005,true,fake_gazebo
29.500000000000004,bird,0.9200000166893005,true,fake_gazebo
29.500000000000004,bird,0.9200000166893005,true,fake_gazebo
29.6,bird,0.9200000166893005,true,fake_gazebo
29.6,bird,0.9200000166893005,true,fake_gazebo
29.6,bird,0.9200000166893005,true,fake_gazebo
29.700000000000003,bird,0.9200000166893005,true,fake_gazebo
29.700000000000003,bird,0.9200000166893005,true,fake_gazebo
29.700000000000003,bird,0.9200000166893005,true,fake_gazebo
29.8,bird,0.9200000166893005,true,fake_gazebo
29.8,bird,0.9200000166893005,true,fake_gazebo
29.8,bird,0.9200000166893005,true,fake_gazebo
29.900000000000002,bird,0.9200000166893005,true,fake_gazebo
29.900000000000002,bird,0.9200000166893005,true,fake_gazebo
29.900000000000002,bird,0.9200000166893005,true,fake_gazebo
30.000000000000004,bird,0.9200000166893005,true,fake_gazebo
30.000000000000004,bird,0.9200000166893005,true,fake_gazebo
30.000000000000004,bird,0.9200000166893005,true,fake_gazebo
30.1,bird,0.9200000166893005,true,fake_gazebo
30.1,bird,0.9200000166893005,true,fake_gazebo
30.1,bird,0.9200000166893005,true,fake_gazebo
30.200000000000003,bird,0.9200000166893005,true,fake_gazebo
30.200000000000003,bird,0.9200000166893005,true,fake_gazebo
30.200000000000003,bird,0.9200000166893005,true,fake_gazebo
30.3,bird,0.9200000166893005,true,fake_gazebo
30.3,bird,0.9200000166893005,true,fake_gazebo
30.3,bird,0.9200000166893005,true,fake_gazebo
30.400000000000002,bird,0.9200000166893005,true,fake_gazebo
30.400000000000002,bird,0.9200000166893005,true,fake_gazebo
30.400000000000002,bird,0.9200000166893005,true,fake_gazebo
30.500000000000004,bird,0.9200000166893005,true,fake_gazebo
30.500000000000004,bird,0.9200000166893005,true,fake_gazebo
30.500000000000004,bird,0.9200000166893005,true,fake_gazebo
30.6,bird,0.9200000166893005,true,fake_gazebo
30.6,bird,0.9200000166893005,true,fake_gazebo
30.6,bird,0.9200000166893005,true,fake_gazebo
30.700000000000003,bird,0.9200000166893005,true,fake_gazebo
30.700000000000003,bird,0.9200000166893005,true,fake_gazebo
30.700000000000003,bird,0.9200000166893005,true,fake_gazebo
30.8,bird,0.9200000166893005,true,fake_gazebo
30.8,bird,0.9200000166893005,true,fake_gazebo
30.8,bird,0.9200000166893005,true,fake_gazebo
30.900000000000002,bird,0.9200000166893005,true,fake_gazebo
30.900000000000002,bird,0.9200000166893005,true,fake_gazebo
30.900000000000002,bird,0.9200000166893005,true,fake_gazebo
31.000000000000004,bird,0.9200000166893005,true,fake_gazebo
31.000000000000004,bird,0.9200000166893005,true,fake_gazebo
31.000000000000004,bird,0.9200000166893005,true,fake_gazebo
31.1,bird,0.9200000166893005,true,fake_gazebo
31.1,bird,0.9200000166893005,true,fake_gazebo
31.1,bird,0.9200000166893005,true,fake_gazebo
31.200000000000003,bird,0.9200000166893005,true,fake_gazebo
31.200000000000003,bird,0.9200000166893005,true,fake_gazebo
31.200000000000003,bird,0.9200000166893005,true,fake_gazebo
31.3,bird,0.9200000166893005,true,fake_gazebo
31.3,bird,0.9200000166893005,true,fake_gazebo
31.3,bird,0.9200000166893005,true,fake_gazebo
31.400000000000002,bird,0.9200000166893005,true,fake_gazebo
31.400000000000002,bird,0.9200000166893005,true,fake_gazebo
31.400000000000002,bird,0.9200000166893005,true,fake_gazebo
31.500000000000004,bird,0.9200000166893005,true,fake_gazebo
31.500000000000004,bird,0.9200000166893005,true,fake_gazebo
31.500000000000004,bird,0.9200000166893005,true,fake_gazebo
31.6,bird,0.9200000166893005,true,fake_gazebo
31.6,bird,0.9200000166893005,true,fake_gazebo
31.6,bird,0.9200000166893005,true,fake_gazebo
31.6,unknown,0.9200000166893005,true,fake_gazebo
31.6,unknown,0.0,true,fake_gazebo
31.6,unknown,0.0,false,fake_gazebo
31.8,unknown,0.0,false,fake_gazebo
31.8,unknown,0.0,false,fake_gazebo
31.8,unknown,0.0,false,fake_gazebo
31.900000000000002,unknown,0.0,false,fake_gazebo
31.900000000000002,unknown,0.0,false,fake_gazebo
31.900000000000002,unknown,0.0,false,fake_gazebo
32.0,unknown,0.0,false,fake_gazebo
32.0,unknown,0.0,false,fake_gazebo
32.0,unknown,0.0,false,fake_gazebo
32.1,unknown,0.0,false,fake_gazebo
32.1,unknown,0.0,false,fake_gazebo
32.1,unknown,0.0,false,fake_gazebo
32.2,bird,0.0,false,fake_gazebo
32.2,bird,0.9200000166893005,false,fake_gazebo
32.2,bird,0.9200000166893005,true,fake_gazebo
32.300000000000004,bird,0.9200000166893005,true,fake_gazebo
32.300000000000004,bird,0.9200000166893005,true,fake_gazebo
32.300000000000004,bird,0.9200000166893005,true,fake_gazebo
32.4,bird,0.9200000166893005,true,fake_gazebo
32.4,bird,0.9200000166893005,true,fake_gazebo
32.4,bird,0.9200000166893005,true,fake_gazebo
32.5,bird,0.9200000166893005,true,fake_gazebo
32.5,bird,0.9200000166893005,true,fake_gazebo
32.5,bird,0.9200000166893005,true,fake_gazebo
32.6,bird,0.9200000166893005,true,fake_gazebo
32.6,bird,0.9200000166893005,true,fake_gazebo
32.6,bird,0.9200000166893005,true,fake_gazebo
32.7,bird,0.9200000166893005,true,fake_gazebo
32.7,bird,0.9200000166893005,true,fake_gazebo
32.7,bird,0.9200000166893005,true,fake_gazebo
32.800000000000004,bird,0.9200000166893005,true,fake_gazebo
32.800000000000004,bird,0.9200000166893005,true,fake_gazebo
32.800000000000004,bird,0.9200000166893005,true,fake_gazebo
32.9,bird,0.9200000166893005,true,fake_gazebo
32.9,bird,0.9200000166893005,true,fake_gazebo
32.9,bird,0.9200000166893005,true,fake_gazebo
33.0,bird,0.9200000166893005,true,fake_gazebo
33.0,bird,0.9200000166893005,true,fake_gazebo
33.0,bird,0.9200000166893005,true,fake_gazebo
33.1,bird,0.9200000166893005,true,fake_gazebo
33.1,bird,0.9200000166893005,true,fake_gazebo
33.1,bird,0.9200000166893005,true,fake_gazebo
33.2,bird,0.9200000166893005,true,fake_gazebo
33.2,bird,0.9200000166893005,true,fake_gazebo
33.2,bird,0.9200000166893005,true,fake_gazebo
33.300000000000004,bird,0.9200000166893005,true,fake_gazebo
33.300000000000004,bird,0.9200000166893005,true,fake_gazebo
33.300000000000004,bird,0.9200000166893005,true,fake_gazebo
33.4,bird,0.9200000166893005,true,fake_gazebo
33.4,bird,0.9200000166893005,true,fake_gazebo
33.4,bird,0.9200000166893005,true,fake_gazebo
33.5,bird,0.9200000166893005,true,fake_gazebo
33.5,bird,0.9200000166893005,true,fake_gazebo
33.5,bird,0.9200000166893005,true,fake_gazebo
33.6,bird,0.9200000166893005,true,fake_gazebo
33.6,bird,0.9200000166893005,true,fake_gazebo
33.6,bird,0.9200000166893005,true,fake_gazebo
33.7,bird,0.9200000166893005,true,fake_gazebo
33.7,bird,0.9200000166893005,true,fake_gazebo
33.7,bird,0.9200000166893005,true,fake_gazebo
33.800000000000004,bird,0.9200000166893005,true,fake_gazebo
33.800000000000004,bird,0.9200000166893005,true,fake_gazebo
33.800000000000004,bird,0.9200000166893005,true,fake_gazebo
33.9,bird,0.9200000166893005,true,fake_gazebo
33.9,bird,0.9200000166893005,true,fake_gazebo
33.9,bird,0.9200000166893005,true,fake_gazebo
34.0,bird,0.9200000166893005,true,fake_gazebo
34.0,bird,0.9200000166893005,true,fake_gazebo
34.0,bird,0.9200000166893005,true,fake_gazebo
34.1,bird,0.9200000166893005,true,fake_gazebo
34.1,bird,0.9200000166893005,true,fake_gazebo
34.1,bird,0.9200000166893005,true,fake_gazebo
34.2,bird,0.9200000166893005,true,fake_gazebo
34.2,bird,0.9200000166893005,true,fake_gazebo
34.2,bird,0.9200000166893005,true,fake_gazebo
34.300000000000004,bird,0.9200000166893005,true,fake_gazebo
34.300000000000004,bird,0.9200000166893005,true,fake_gazebo
34.300000000000004,bird,0.9200000166893005,true,fake_gazebo
34.400000000000006,bird,0.9200000166893005,true,fake_gazebo
34.400000000000006,bird,0.9200000166893005,true,fake_gazebo
34.400000000000006,bird,0.9200000166893005,true,fake_gazebo
34.5,bird,0.9200000166893005,true,fake_gazebo
34.5,bird,0.9200000166893005,true,fake_gazebo
34.5,bird,0.9200000166893005,true,fake_gazebo
34.6,bird,0.9200000166893005,true,fake_gazebo
34.6,bird,0.9200000166893005,true,fake_gazebo
34.6,bird,0.9200000166893005,true,fake_gazebo
34.7,bird,0.9200000166893005,true,fake_gazebo
34.7,bird,0.9200000166893005,true,fake_gazebo
34.7,bird,0.9200000166893005,true,fake_gazebo
34.800000000000004,bird,0.9200000166893005,true,fake_gazebo
34.800000000000004,bird,0.9200000166893005,true,fake_gazebo
34.800000000000004,bird,0.9200000166893005,true,fake_gazebo
34.900000000000006,bird,0.9200000166893005,true,fake_gazebo
34.900000000000006,bird,0.9200000166893005,true,fake_gazebo
34.900000000000006,bird,0.9200000166893005,true,fake_gazebo
35.0,bird,0.9200000166893005,true,fake_gazebo
35.0,bird,0.9200000166893005,true,fake_gazebo
35.0,bird,0.9200000166893005,true,fake_gazebo
35.1,bird,0.9200000166893005,true,fake_gazebo
35.1,bird,0.9200000166893005,true,fake_gazebo
35.1,bird,0.9200000166893005,true,fake_gazebo
35.2,bird,0.9200000166893005,true,fake_gazebo
35.2,bird,0.9200000166893005,true,fake_gazebo
35.2,bird,0.9200000166893005,true,fake_gazebo
35.300000000000004,bird,0.9200000166893005,true,fake_gazebo
35.300000000000004,bird,0.9200000166893005,true,fake_gazebo
35.300000000000004,bird,0.9200000166893005,true,fake_gazebo
35.400000000000006,bird,0.9200000166893005,true,fake_gazebo
35.400000000000006,bird,0.9200000166893005,true,fake_gazebo
35.400000000000006,bird,0.9200000166893005,true,fake_gazebo
35.5,bird,0.9200000166893005,true,fake_gazebo
35.5,bird,0.9200000166893005,true,fake_gazebo
35.5,bird,0.9200000166893005,true,fake_gazebo
35.6,bird,0.9200000166893005,true,fake_gazebo
35.6,bird,0.9200000166893005,true,fake_gazebo
35.6,bird,0.9200000166893005,true,fake_gazebo
35.7,bird,0.9200000166893005,true,fake_gazebo
35.7,bird,0.9200000166893005,true,fake_gazebo
35.7,bird,0.9200000166893005,true,fake_gazebo
35.800000000000004,bird,0.9200000166893005,true,fake_gazebo
35.800000000000004,bird,0.9200000166893005,true,fake_gazebo
35.800000000000004,bird,0.9200000166893005,true,fake_gazebo
35.900000000000006,bird,0.9200000166893005,true,fake_gazebo
35.900000000000006,bird,0.9200000166893005,true,fake_gazebo
35.900000000000006,bird,0.9200000166893005,true,fake_gazebo
36.0,bird,0.9200000166893005,true,fake_gazebo
36.0,bird,0.9200000166893005,true,fake_gazebo
36.0,bird,0.9200000166893005,true,fake_gazebo
36.1,bird,0.9200000166893005,true,fake_gazebo
36.1,bird,0.9200000166893005,true,fake_gazebo
36.1,bird,0.9200000166893005,true,fake_gazebo
36.2,bird,0.9200000166893005,true,fake_gazebo
36.2,bird,0.9200000166893005,true,fake_gazebo
36.2,bird,0.9200000166893005,true,fake_gazebo
36.300000000000004,bird,0.9200000166893005,true,fake_gazebo
36.300000000000004,bird,0.9200000166893005,true,fake_gazebo
36.300000000000004,bird,0.9200000166893005,true,fake_gazebo
36.400000000000006,bird,0.9200000166893005,true,fake_gazebo
36.400000000000006,bird,0.9200000166893005,true,fake_gazebo
36.400000000000006,bird,0.9200000166893005,true,fake_gazebo
36.5,bird,0.9200000166893005,true,fake_gazebo
36.5,bird,0.9200000166893005,true,fake_gazebo
36.5,bird,0.9200000166893005,true,fake_gazebo
36.6,bird,0.9200000166893005,true,fake_gazebo
36.6,bird,0.9200000166893005,true,fake_gazebo
36.6,bird,0.9200000166893005,true,fake_gazebo
36.7,bird,0.9200000166893005,true,fake_gazebo
36.7,bird,0.9200000166893005,true,fake_gazebo
36.7,bird,0.9200000166893005,true,fake_gazebo
36.800000000000004,bird,0.9200000166893005,true,fake_gazebo
36.800000000000004,bird,0.9200000166893005,true,fake_gazebo
36.800000000000004,bird,0.9200000166893005,true,fake_gazebo
36.900000000000006,bird,0.9200000166893005,true,fake_gazebo
36.900000000000006,bird,0.9200000166893005,true,fake_gazebo
36.900000000000006,bird,0.9200000166893005,true,fake_gazebo
37.0,bird,0.9200000166893005,true,fake_gazebo
37.0,bird,0.9200000166893005,true,fake_gazebo
37.0,bird,0.9200000166893005,true,fake_gazebo
37.1,bird,0.9200000166893005,true,fake_gazebo
37.1,bird,0.9200000166893005,true,fake_gazebo
37.1,bird,0.9200000166893005,true,fake_gazebo
37.2,bird,0.9200000166893005,true,fake_gazebo
37.2,bird,0.9200000166893005,true,fake_gazebo
37.2,bird,0.9200000166893005,true,fake_gazebo
37.300000000000004,bird,0.9200000166893005,true,fake_gazebo
37.300000000000004,bird,0.9200000166893005,true,fake_gazebo
37.300000000000004,bird,0.9200000166893005,true,fake_gazebo
37.400000000000006,bird,0.9200000166893005,true,fake_gazebo
37.400000000000006,bird,0.9200000166893005,true,fake_gazebo
37.400000000000006,bird,0.9200000166893005,true,fake_gazebo
37.5,bird,0.9200000166893005,true,fake_gazebo
37.5,bird,0.9200000166893005,true,fake_gazebo
37.5,bird,0.9200000166893005,true,fake_gazebo
37.6,bird,0.9200000166893005,true,fake_gazebo
37.6,bird,0.9200000166893005,true,fake_gazebo
37.6,bird,0.9200000166893005,true,fake_gazebo
37.7,bird,0.9200000166893005,true,fake_gazebo
37.7,bird,0.9200000166893005,true,fake_gazebo
37.7,bird,0.9200000166893005,true,fake_gazebo
37.800000000000004,bird,0.9200000166893005,true,fake_gazebo
37.800000000000004,bird,0.9200000166893005,true,fake_gazebo
37.800000000000004,bird,0.9200000166893005,true,fake_gazebo
37.900000000000006,bird,0.9200000166893005,true,fake_gazebo
37.900000000000006,bird,0.9200000166893005,true,fake_gazebo
37.900000000000006,bird,0.9200000166893005,true,fake_gazebo
38.0,bird,0.9200000166893005,true,fake_gazebo
38.0,bird,0.9200000166893005,true,fake_gazebo
38.0,bird,0.9200000166893005,true,fake_gazebo
38.1,bird,0.9200000166893005,true,fake_gazebo
38.1,bird,0.9200000166893005,true,fake_gazebo
38.1,bird,0.9200000166893005,true,fake_gazebo
38.2,bird,0.9200000166893005,true,fake_gazebo
38.2,bird,0.9200000166893005,true,fake_gazebo
38.2,bird,0.9200000166893005,true,fake_gazebo
38.300000000000004,bird,0.9200000166893005,true,fake_gazebo
38.300000000000004,bird,0.9200000166893005,true,fake_gazebo
38.300000000000004,bird,0.9200000166893005,true,fake_gazebo
38.400000000000006,bird,0.9200000166893005,true,fake_gazebo
38.400000000000006,bird,0.9200000166893005,true,fake_gazebo
38.400000000000006,bird,0.9200000166893005,true,fake_gazebo
38.5,bird,0.9200000166893005,true,fake_gazebo
38.5,bird,0.9200000166893005,true,fake_gazebo
38.5,bird,0.9200000166893005,true,fake_gazebo
38.6,bird,0.9200000166893005,true,fake_gazebo
38.6,bird,0.9200000166893005,true,fake_gazebo
38.6,bird,0.9200000166893005,true,fake_gazebo
38.7,bird,0.9200000166893005,true,fake_gazebo
38.7,bird,0.9200000166893005,true,fake_gazebo
38.7,bird,0.9200000166893005,true,fake_gazebo
38.800000000000004,bird,0.9200000166893005,true,fake_gazebo
38.800000000000004,bird,0.9200000166893005,true,fake_gazebo
38.800000000000004,bird,0.9200000166893005,true,fake_gazebo
38.900000000000006,bird,0.9200000166893005,true,fake_gazebo
38.900000000000006,bird,0.9200000166893005,true,fake_gazebo
38.900000000000006,bird,0.9200000166893005,true,fake_gazebo
39.0,bird,0.9200000166893005,true,fake_gazebo
39.0,bird,0.9200000166893005,true,fake_gazebo
39.0,bird,0.9200000166893005,true,fake_gazebo
39.1,bird,0.9200000166893005,true,fake_gazebo
39.1,bird,0.9200000166893005,true,fake_gazebo
39.1,bird,0.9200000166893005,true,fake_gazebo
39.2,bird,0.9200000166893005,true,fake_gazebo
39.2,bird,0.9200000166893005,true,fake_gazebo
39.2,bird,0.9200000166893005,true,fake_gazebo
39.300000000000004,bird,0.9200000166893005,true,fake_gazebo
39.300000000000004,bird,0.9200000166893005,true,fake_gazebo
39.300000000000004,bird,0.9200000166893005,true,fake_gazebo
39.400000000000006,bird,0.9200000166893005,true,fake_gazebo
39.400000000000006,bird,0.9200000166893005,true,fake_gazebo
39.400000000000006,bird,0.9200000166893005,true,fake_gazebo
39.5,bird,0.9200000166893005,true,fake_gazebo
39.5,bird,0.9200000166893005,true,fake_gazebo
39.5,bird,0.9200000166893005,true,fake_gazebo
39.6,bird,0.9200000166893005,true,fake_gazebo
39.6,bird,0.9200000166893005,true,fake_gazebo
39.6,bird,0.9200000166893005,true,fake_gazebo
39.7,bird,0.9200000166893005,true,fake_gazebo
39.7,bird,0.9200000166893005,true,fake_gazebo
39.7,bird,0.9200000166893005,true,fake_gazebo
39.800000000000004,bird,0.9200000166893005,true,fake_gazebo
39.800000000000004,bird,0.9200000166893005,true,fake_gazebo
39.800000000000004,bird,0.9200000166893005,true,fake_gazebo
39.900000000000006,bird,0.9200000166893005,true,fake_gazebo
39.900000000000006,bird,0.9200000166893005,true,fake_gazebo
39.900000000000006,bird,0.9200000166893005,true,fake_gazebo
40.0,bird,0.9200000166893005,true,fake_gazebo
40.0,bird,0.9200000166893005,true,fake_gazebo
40.0,bird,0.9200000166893005,true,fake_gazebo
40.1,bird,0.9200000166893005,true,fake_gazebo
40.1,bird,0.9200000166893005,true,fake_gazebo
40.1,bird,0.9200000166893005,true,fake_gazebo
40.2,bird,0.9200000166893005,true,fake_gazebo
40.2,bird,0.9200000166893005,true,fake_gazebo
40.2,bird,0.9200000166893005,true,fake_gazebo
40.300000000000004,bird,0.9200000166893005,true,fake_gazebo
40.300000000000004,bird,0.9200000166893005,true,fake_gazebo
40.300000000000004,bird,0.9200000166893005,true,fake_gazebo
40.400000000000006,bird,0.9200000166893005,true,fake_gazebo
40.400000000000006,bird,0.9200000166893005,true,fake_gazebo
40.400000000000006,bird,0.9200000166893005,true,fake_gazebo
40.400000000000006,bird,0.9200000166893005,true,fake_gazebo
40.400000000000006,bird,0.9200000166893005,true,fake_gazebo
40.400000000000006,bird,0.9200000166893005,true,fake_gazebo
40.6,bird,0.9200000166893005,true,fake_gazebo
40.6,bird,0.9200000166893005,true,fake_gazebo
40.6,bird,0.9200000166893005,true,fake_gazebo
40.7,bird,0.9200000166893005,true,fake_gazebo
40.7,bird,0.9200000166893005,true,fake_gazebo
40.7,bird,0.9200000166893005,true,fake_gazebo
40.800000000000004,bird,0.9200000166893005,true,fake_gazebo
40.800000000000004,bird,0.9200000166893005,true,fake_gazebo
40.800000000000004,bird,0.9200000166893005,true,fake_gazebo
40.900000000000006,bird,0.9200000166893005,true,fake_gazebo
40.900000000000006,bird,0.9200000166893005,true,fake_gazebo
40.900000000000006,bird,0.9200000166893005,true,fake_gazebo
41.0,bird,0.9200000166893005,true,fake_gazebo
41.0,bird,0.9200000166893005,true,fake_gazebo
41.0,bird,0.9200000166893005,true,fake_gazebo
41.1,bird,0.9200000166893005,true,fake_gazebo
41.1,bird,0.9200000166893005,true,fake_gazebo
41.1,bird,0.9200000166893005,true,fake_gazebo
41.2,bird,0.9200000166893005,true,fake_gazebo
41.2,bird,0.9200000166893005,true,fake_gazebo
41.2,bird,0.9200000166893005,true,fake_gazebo
41.300000000000004,bird,0.9200000166893005,true,fake_gazebo
41.300000000000004,bird,0.9200000166893005,true,fake_gazebo
41.300000000000004,bird,0.9200000166893005,true,fake_gazebo
41.400000000000006,bird,0.9200000166893005,true,fake_gazebo
41.400000000000006,bird,0.9200000166893005,true,fake_gazebo
41.400000000000006,bird,0.9200000166893005,true,fake_gazebo
41.5,bird,0.9200000166893005,true,fake_gazebo
41.5,bird,0.9200000166893005,true,fake_gazebo
41.5,bird,0.9200000166893005,true,fake_gazebo
41.6,bird,0.9200000166893005,true,fake_gazebo
41.6,bird,0.9200000166893005,true,fake_gazebo
41.6,bird,0.9200000166893005,true,fake_gazebo
41.7,bird,0.9200000166893005,true,fake_gazebo
41.7,bird,0.9200000166893005,true,fake_gazebo
41.7,bird,0.9200000166893005,true,fake_gazebo
41.800000000000004,bird,0.9200000166893005,true,fake_gazebo
41.800000000000004,bird,0.9200000166893005,true,fake_gazebo
41.800000000000004,bird,0.9200000166893005,true,fake_gazebo
41.900000000000006,bird,0.9200000166893005,true,fake_gazebo
41.900000000000006,bird,0.9200000166893005,true,fake_gazebo
41.900000000000006,bird,0.9200000166893005,true,fake_gazebo
42.0,bird,0.9200000166893005,true,fake_gazebo
42.0,bird,0.9200000166893005,true,fake_gazebo
42.0,bird,0.9200000166893005,true,fake_gazebo
42.1,bird,0.9200000166893005,true,fake_gazebo
42.1,bird,0.9200000166893005,true,fake_gazebo
42.1,bird,0.9200000166893005,true,fake_gazebo
42.2,bird,0.9200000166893005,true,fake_gazebo
42.2,bird,0.9200000166893005,true,fake_gazebo
42.2,bird,0.9200000166893005,true,fake_gazebo
42.300000000000004,bird,0.9200000166893005,true,fake_gazebo
42.300000000000004,bird,0.9200000166893005,true,fake_gazebo
42.300000000000004,bird,0.9200000166893005,true,fake_gazebo
42.400000000000006,bird,0.9200000166893005,true,fake_gazebo
42.400000000000006,bird,0.9200000166893005,true,fake_gazebo
42.400000000000006,bird,0.9200000166893005,true,fake_gazebo
42.5,bird,0.9200000166893005,true,fake_gazebo
42.5,bird,0.9200000166893005,true,fake_gazebo
42.5,bird,0.9200000166893005,true,fake_gazebo
42.6,bird,0.9200000166893005,true,fake_gazebo
42.6,bird,0.9200000166893005,true,fake_gazebo
42.6,bird,0.9200000166893005,true,fake_gazebo
42.7,bird,0.9200000166893005,true,fake_gazebo
42.7,bird,0.9200000166893005,true,fake_gazebo
42.7,bird,0.9200000166893005,true,fake_gazebo
42.800000000000004,bird,0.9200000166893005,true,fake_gazebo
42.800000000000004,bird,0.9200000166893005,true,fake_gazebo
42.800000000000004,bird,0.9200000166893005,true,fake_gazebo
42.900000000000006,bird,0.9200000166893005,true,fake_gazebo
42.900000000000006,bird,0.9200000166893005,true,fake_gazebo
42.900000000000006,bird,0.9200000166893005,true,fake_gazebo
43.0,bird,0.9200000166893005,true,fake_gazebo
43.0,bird,0.9200000166893005,true,fake_gazebo
43.0,bird,0.9200000166893005,true,fake_gazebo
43.1,bird,0.9200000166893005,true,fake_gazebo
43.1,bird,0.9200000166893005,true,fake_gazebo
43.1,bird,0.9200000166893005,true,fake_gazebo
43.2,bird,0.9200000166893005,true,fake_gazebo
43.2,bird,0.9200000166893005,true,fake_gazebo
43.2,bird,0.9200000166893005,true,fake_gazebo
43.300000000000004,bird,0.9200000166893005,true,fake_gazebo
43.300000000000004,bird,0.9200000166893005,true,fake_gazebo
43.300000000000004,bird,0.9200000166893005,true,fake_gazebo
43.400000000000006,bird,0.9200000166893005,true,fake_gazebo
43.400000000000006,bird,0.9200000166893005,true,fake_gazebo
43.400000000000006,bird,0.9200000166893005,true,fake_gazebo
43.5,bird,0.9200000166893005,true,fake_gazebo
43.5,bird,0.9200000166893005,true,fake_gazebo
43.5,bird,0.9200000166893005,true,fake_gazebo
43.6,bird,0.9200000166893005,true,fake_gazebo
43.6,bird,0.9200000166893005,true,fake_gazebo
43.6,bird,0.9200000166893005,true,fake_gazebo
43.7,bird,0.9200000166893005,true,fake_gazebo
43.7,bird,0.9200000166893005,true,fake_gazebo
43.7,bird,0.9200000166893005,true,fake_gazebo
43.800000000000004,bird,0.9200000166893005,true,fake_gazebo
43.800000000000004,bird,0.9200000166893005,true,fake_gazebo
43.800000000000004,bird,0.9200000166893005,true,fake_gazebo
43.900000000000006,bird,0.9200000166893005,true,fake_gazebo
43.900000000000006,bird,0.9200000166893005,true,fake_gazebo
43.900000000000006,bird,0.9200000166893005,true,fake_gazebo
44.0,bird,0.9200000166893005,true,fake_gazebo
44.0,bird,0.9200000166893005,true,fake_gazebo
44.0,bird,0.9200000166893005,true,fake_gazebo
44.1,bird,0.9200000166893005,true,fake_gazebo
44.1,bird,0.9200000166893005,true,fake_gazebo
44.1,bird,0.9200000166893005,true,fake_gazebo
44.2,bird,0.9200000166893005,true,fake_gazebo
44.2,bird,0.9200000166893005,true,fake_gazebo
44.2,bird,0.9200000166893005,true,fake_gazebo
44.300000000000004,bird,0.9200000166893005,true,fake_gazebo
44.300000000000004,bird,0.9200000166893005,true,fake_gazebo
44.300000000000004,bird,0.9200000166893005,true,fake_gazebo
44.400000000000006,bird,0.9200000166893005,true,fake_gazebo
44.400000000000006,bird,0.9200000166893005,true,fake_gazebo
44.400000000000006,bird,0.9200000166893005,true,fake_gazebo
44.5,bird,0.9200000166893005,true,fake_gazebo
44.5,bird,0.9200000166893005,true,fake_gazebo
44.5,bird,0.9200000166893005,true,fake_gazebo
44.6,bird,0.9200000166893005,true,fake_gazebo
44.6,bird,0.9200000166893005,true,fake_gazebo
44.6,bird,0.9200000166893005,true,fake_gazebo
44.7,bird,0.9200000166893005,true,fake_gazebo
44.7,bird,0.9200000166893005,true,fake_gazebo
44.7,bird,0.9200000166893005,true,fake_gazebo
44.800000000000004,bird,0.9200000166893005,true,fake_gazebo
44.800000000000004,bird,0.9200000166893005,true,fake_gazebo
44.800000000000004,bird,0.9200000166893005,true,fake_gazebo
44.900000000000006,bird,0.9200000166893005,true,fake_gazebo
44.900000000000006,bird,0.9200000166893005,true,fake_gazebo
44.900000000000006,bird,0.9200000166893005,true,fake_gazebo
45.0,bird,0.9200000166893005,true,fake_gazebo
45.0,bird,0.9200000166893005,true,fake_gazebo
45.0,bird,0.9200000166893005,true,fake_gazebo
45.1,bird,0.9200000166893005,true,fake_gazebo
45.1,bird,0.9200000166893005,true,fake_gazebo
45.1,bird,0.9200000166893005,true,fake_gazebo
45.2,bird,0.9200000166893005,true,fake_gazebo
45.2,bird,0.9200000166893005,true,fake_gazebo
45.2,bird,0.9200000166893005,true,fake_gazebo
45.300000000000004,bird,0.9200000166893005,true,fake_gazebo
45.300000000000004,bird,0.9200000166893005,true,fake_gazebo
45.300000000000004,bird,0.9200000166893005,true,fake_gazebo
45.400000000000006,bird,0.9200000166893005,true,fake_gazebo
45.400000000000006,bird,0.9200000166893005,true,fake_gazebo
45.400000000000006,bird,0.9200000166893005,true,fake_gazebo
45.5,bird,0.9200000166893005,true,fake_gazebo
45.5,bird,0.9200000166893005,true,fake_gazebo
45.5,bird,0.9200000166893005,true,fake_gazebo
45.6,bird,0.9200000166893005,true,fake_gazebo
45.6,bird,0.9200000166893005,true,fake_gazebo
45.6,bird,0.9200000166893005,true,fake_gazebo
45.7,bird,0.9200000166893005,true,fake_gazebo
45.7,bird,0.9200000166893005,true,fake_gazebo
45.7,bird,0.9200000166893005,true,fake_gazebo
45.800000000000004,bird,0.9200000166893005,true,fake_gazebo
45.800000000000004,bird,0.9200000166893005,true,fake_gazebo
45.800000000000004,bird,0.9200000166893005,true,fake_gazebo
45.900000000000006,bird,0.9200000166893005,true,fake_gazebo
45.900000000000006,bird,0.9200000166893005,true,fake_gazebo
45.900000000000006,bird,0.9200000166893005,true,fake_gazebo
46.0,bird,0.9200000166893005,true,fake_gazebo
46.0,bird,0.9200000166893005,true,fake_gazebo
46.0,bird,0.9200000166893005,true,fake_gazebo
46.1,bird,0.9200000166893005,true,fake_gazebo
46.1,bird,0.9200000166893005,true,fake_gazebo
46.1,bird,0.9200000166893005,true,fake_gazebo
46.2,bird,0.9200000166893005,true,fake_gazebo
46.2,bird,0.9200000166893005,true,fake_gazebo
46.2,bird,0.9200000166893005,true,fake_gazebo
46.300000000000004,bird,0.9200000166893005,true,fake_gazebo
46.300000000000004,bird,0.9200000166893005,true,fake_gazebo
46.300000000000004,bird,0.9200000166893005,true,fake_gazebo
46.400000000000006,bird,0.9200000166893005,true,fake_gazebo
46.400000000000006,bird,0.9200000166893005,true,fake_gazebo
46.400000000000006,bird,0.9200000166893005,true,fake_gazebo
46.5,bird,0.9200000166893005,true,fake_gazebo
46.5,bird,0.9200000166893005,true,fake_gazebo
46.5,bird,0.9200000166893005,true,fake_gazebo
46.6,bird,0.9200000166893005,true,fake_gazebo
46.6,bird,0.9200000166893005,true,fake_gazebo
46.6,bird,0.9200000166893005,true,fake_gazebo
46.7,bird,0.9200000166893005,true,fake_gazebo
46.7,bird,0.9200000166893005,true,fake_gazebo
46.7,bird,0.9200000166893005,true,fake_gazebo
46.800000000000004,bird,0.9200000166893005,true,fake_gazebo
46.800000000000004,bird,0.9200000166893005,true,fake_gazebo
46.800000000000004,bird,0.9200000166893005,true,fake_gazebo
46.900000000000006,bird,0.9200000166893005,true,fake_gazebo
46.900000000000006,bird,0.9200000166893005,true,fake_gazebo
46.900000000000006,bird,0.9200000166893005,true,fake_gazebo
47.0,bird,0.9200000166893005,true,fake_gazebo
47.0,bird,0.9200000166893005,true,fake_gazebo
47.0,bird,0.9200000166893005,true,fake_gazebo
47.1,bird,0.9200000166893005,true,fake_gazebo
47.1,bird,0.9200000166893005,true,fake_gazebo
47.1,bird,0.9200000166893005,true,fake_gazebo
47.2,bird,0.9200000166893005,true,fake_gazebo
47.2,bird,0.9200000166893005,true,fake_gazebo
47.2,bird,0.9200000166893005,true,fake_gazebo
47.300000000000004,bird,0.9200000166893005,true,fake_gazebo
47.300000000000004,bird,0.9200000166893005,true,fake_gazebo
47.300000000000004,bird,0.9200000166893005,true,fake_gazebo
47.400000000000006,bird,0.9200000166893005,true,fake_gazebo
47.400000000000006,bird,0.9200000166893005,true,fake_gazebo
47.400000000000006,bird,0.9200000166893005,true,fake_gazebo
47.5,bird,0.9200000166893005,true,fake_gazebo
47.5,bird,0.9200000166893005,true,fake_gazebo
47.5,bird,0.9200000166893005,true,fake_gazebo
47.6,bird,0.9200000166893005,true,fake_gazebo
47.6,bird,0.9200000166893005,true,fake_gazebo
47.6,bird,0.9200000166893005,true,fake_gazebo
47.7,bird,0.9200000166893005,true,fake_gazebo
47.7,bird,0.9200000166893005,true,fake_gazebo
47.7,bird,0.9200000166893005,true,fake_gazebo
47.800000000000004,bird,0.9200000166893005,true,fake_gazebo
47.800000000000004,bird,0.9200000166893005,true,fake_gazebo
47.800000000000004,bird,0.9200000166893005,true,fake_gazebo
47.900000000000006,bird,0.9200000166893005,true,fake_gazebo
47.900000000000006,bird,0.9200000166893005,true,fake_gazebo
47.900000000000006,bird,0.9200000166893005,true,fake_gazebo
48.0,bird,0.9200000166893005,true,fake_gazebo
48.0,bird,0.9200000166893005,true,fake_gazebo
48.0,bird,0.9200000166893005,true,fake_gazebo
48.1,bird,0.9200000166893005,true,fake_gazebo
48.1,bird,0.9200000166893005,true,fake_gazebo
48.1,bird,0.9200000166893005,true,fake_gazebo
48.2,bird,0.9200000166893005,true,fake_gazebo
48.2,bird,0.9200000166893005,true,fake_gazebo
48.2,bird,0.9200000166893005,true,fake_gazebo
48.300000000000004,bird,0.9200000166893005,true,fake_gazebo
48.300000000000004,bird,0.9200000166893005,true,fake_gazebo
48.300000000000004,bird,0.9200000166893005,true,fake_gazebo
48.400000000000006,bird,0.9200000166893005,true,fake_gazebo
48.400000000000006,bird,0.9200000166893005,true,fake_gazebo
48.400000000000006,bird,0.9200000166893005,true,fake_gazebo
48.5,bird,0.9200000166893005,true,fake_gazebo
48.5,bird,0.9200000166893005,true,fake_gazebo
48.5,bird,0.9200000166893005,true,fake_gazebo
48.6,bird,0.9200000166893005,true,fake_gazebo
48.6,bird,0.9200000166893005,true,fake_gazebo
48.6,bird,0.9200000166893005,true,fake_gazebo
48.6,bird,0.9200000166893005,true,fake_gazebo
48.6,bird,0.9200000166893005,true,fake_gazebo
48.6,bird,0.9200000166893005,true,fake_gazebo
48.800000000000004,bird,0.9200000166893005,true,fake_gazebo
48.800000000000004,bird,0.9200000166893005,true,fake_gazebo
48.800000000000004,bird,0.9200000166893005,true,fake_gazebo
48.900000000000006,bird,0.9200000166893005,true,fake_gazebo
48.900000000000006,bird,0.9200000166893005,true,fake_gazebo
48.900000000000006,bird,0.9200000166893005,true,fake_gazebo
49.0,bird,0.9200000166893005,true,fake_gazebo
49.0,bird,0.9200000166893005,true,fake_gazebo
49.0,bird,0.9200000166893005,true,fake_gazebo
49.1,bird,0.9200000166893005,true,fake_gazebo
49.1,bird,0.9200000166893005,true,fake_gazebo
49.1,bird,0.9200000166893005,true,fake_gazebo
49.2,bird,0.9200000166893005,true,fake_gazebo
49.2,bird,0.9200000166893005,true,fake_gazebo
49.2,bird,0.9200000166893005,true,fake_gazebo
49.300000000000004,bird,0.9200000166893005,true,fake_gazebo
49.300000000000004,bird,0.9200000166893005,true,fake_gazebo
49.300000000000004,bird,0.9200000166893005,true,fake_gazebo
49.400000000000006,bird,0.9200000166893005,true,fake_gazebo
49.400000000000006,bird,0.9200000166893005,true,fake_gazebo
49.400000000000006,bird,0.9200000166893005,true,fake_gazebo
49.5,bird,0.9200000166893005,true,fake_gazebo
49.5,bird,0.9200000166893005,true,fake_gazebo
49.5,bird,0.9200000166893005,true,fake_gazebo
49.6,bird,0.9200000166893005,true,fake_gazebo
49.6,bird,0.9200000166893005,true,fake_gazebo
49.6,bird,0.9200000166893005,true,fake_gazebo
49.7,bird,0.9200000166893005,true,fake_gazebo
49.7,bird,0.9200000166893005,true,fake_gazebo
49.7,bird,0.9200000166893005,true,fake_gazebo
49.800000000000004,bird,0.9200000166893005,true,fake_gazebo
49.800000000000004,bird,0.9200000166893005,true,fake_gazebo
49.800000000000004,bird,0.9200000166893005,true,fake_gazebo
49.900000000000006,bird,0.9200000166893005,true,fake_gazebo
49.900000000000006,bird,0.9200000166893005,true,fake_gazebo
49.900000000000006,bird,0.9200000166893005,true,fake_gazebo
50.0,bird,0.9200000166893005,true,fake_gazebo
50.0,bird,0.9200000166893005,true,fake_gazebo
50.0,bird,0.9200000166893005,true,fake_gazebo
50.1,bird,0.9200000166893005,true,fake_gazebo
50.1,bird,0.9200000166893005,true,fake_gazebo
50.1,bird,0.9200000166893005,true,fake_gazebo
50.2,bird,0.9200000166893005,true,fake_gazebo
50.2,bird,0.9200000166893005,true,fake_gazebo
50.2,bird,0.9200000166893005,true,fake_gazebo
50.300000000000004,bird,0.9200000166893005,true,fake_gazebo
50.300000000000004,bird,0.9200000166893005,true,fake_gazebo
50.300000000000004,bird,0.9200000166893005,true,fake_gazebo
50.400000000000006,bird,0.9200000166893005,true,fake_gazebo
50.400000000000006,bird,0.9200000166893005,true,fake_gazebo
50.400000000000006,bird,0.9200000166893005,true,fake_gazebo
50.5,bird,0.9200000166893005,true,fake_gazebo
50.5,bird,0.9200000166893005,true,fake_gazebo
50.5,bird,0.9200000166893005,true,fake_gazebo
50.6,bird,0.9200000166893005,true,fake_gazebo
50.6,bird,0.9200000166893005,true,fake_gazebo
50.6,bird,0.9200000166893005,true,fake_gazebo
50.7,bird,0.9200000166893005,true,fake_gazebo
50.7,bird,0.9200000166893005,true,fake_gazebo
50.7,bird,0.9200000166893005,true,fake_gazebo
50.800000000000004,bird,0.9200000166893005,true,fake_gazebo
50.800000000000004,bird,0.9200000166893005,true,fake_gazebo
50.800000000000004,bird,0.9200000166893005,true,fake_gazebo
50.900000000000006,bird,0.9200000166893005,true,fake_gazebo
50.900000000000006,bird,0.9200000166893005,true,fake_gazebo
50.900000000000006,bird,0.9200000166893005,true,fake_gazebo
51.0,bird,0.9200000166893005,true,fake_gazebo
51.0,bird,0.9200000166893005,true,fake_gazebo
51.0,bird,0.9200000166893005,true,fake_gazebo
51.1,bird,0.9200000166893005,true,fake_gazebo
51.1,bird,0.9200000166893005,true,fake_gazebo
51.1,bird,0.9200000166893005,true,fake_gazebo
51.2,bird,0.9200000166893005,true,fake_gazebo
51.2,bird,0.9200000166893005,true,fake_gazebo
51.2,bird,0.9200000166893005,true,fake_gazebo
51.300000000000004,bird,0.9200000166893005,true,fake_gazebo
51.300000000000004,bird,0.9200000166893005,true,fake_gazebo
51.300000000000004,bird,0.9200000166893005,true,fake_gazebo
51.400000000000006,bird,0.9200000166893005,true,fake_gazebo
51.400000000000006,bird,0.9200000166893005,true,fake_gazebo
51.400000000000006,bird,0.9200000166893005,true,fake_gazebo
51.5,bird,0.9200000166893005,true,fake_gazebo
51.5,bird,0.9200000166893005,true,fake_gazebo
51.5,bird,0.9200000166893005,true,fake_gazebo
51.6,bird,0.9200000166893005,true,fake_gazebo
51.6,bird,0.9200000166893005,true,fake_gazebo
51.6,bird,0.9200000166893005,true,fake_gazebo
51.7,bird,0.9200000166893005,true,fake_gazebo
51.7,bird,0.9200000166893005,true,fake_gazebo
51.7,bird,0.9200000166893005,true,fake_gazebo
51.800000000000004,bird,0.9200000166893005,true,fake_gazebo
51.800000000000004,bird,0.9200000166893005,true,fake_gazebo
51.800000000000004,bird,0.9200000166893005,true,fake_gazebo
51.900000000000006,bird,0.9200000166893005,true,fake_gazebo
51.900000000000006,bird,0.9200000166893005,true,fake_gazebo
51.900000000000006,bird,0.9200000166893005,true,fake_gazebo
52.0,bird,0.9200000166893005,true,fake_gazebo
52.0,bird,0.9200000166893005,true,fake_gazebo
52.0,bird,0.9200000166893005,true,fake_gazebo
52.1,bird,0.9200000166893005,true,fake_gazebo
52.1,bird,0.9200000166893005,true,fake_gazebo
52.1,bird,0.9200000166893005,true,fake_gazebo
52.2,bird,0.9200000166893005,true,fake_gazebo
52.2,bird,0.9200000166893005,true,fake_gazebo
52.2,bird,0.9200000166893005,true,fake_gazebo
52.300000000000004,bird,0.9200000166893005,true,fake_gazebo
52.300000000000004,bird,0.9200000166893005,true,fake_gazebo
52.300000000000004,bird,0.9200000166893005,true,fake_gazebo
52.400000000000006,bird,0.9200000166893005,true,fake_gazebo
52.400000000000006,bird,0.9200000166893005,true,fake_gazebo
52.400000000000006,bird,0.9200000166893005,true,fake_gazebo
52.5,bird,0.9200000166893005,true,fake_gazebo
52.5,bird,0.9200000166893005,true,fake_gazebo
52.5,bird,0.9200000166893005,true,fake_gazebo
52.6,bird,0.9200000166893005,true,fake_gazebo
52.6,bird,0.9200000166893005,true,fake_gazebo
52.6,bird,0.9200000166893005,true,fake_gazebo
52.6,bird,0.9200000166893005,true,fake_gazebo
52.6,bird,0.9200000166893005,true,fake_gazebo
52.6,bird,0.9200000166893005,true,fake_gazebo
52.800000000000004,bird,0.9200000166893005,true,fake_gazebo
52.800000000000004,bird,0.9200000166893005,true,fake_gazebo
52.800000000000004,bird,0.9200000166893005,true,fake_gazebo
52.900000000000006,bird,0.9200000166893005,true,fake_gazebo
52.900000000000006,bird,0.9200000166893005,true,fake_gazebo
52.900000000000006,bird,0.9200000166893005,true,fake_gazebo
53.0,bird,0.9200000166893005,true,fake_gazebo
53.0,bird,0.9200000166893005,true,fake_gazebo
53.0,bird,0.9200000166893005,true,fake_gazebo
53.1,bird,0.9200000166893005,true,fake_gazebo
53.1,bird,0.9200000166893005,true,fake_gazebo
53.1,bird,0.9200000166893005,true,fake_gazebo
53.2,bird,0.9200000166893005,true,fake_gazebo
53.2,bird,0.9200000166893005,true,fake_gazebo
53.2,bird,0.9200000166893005,true,fake_gazebo
53.300000000000004,bird,0.9200000166893005,true,fake_gazebo
53.300000000000004,bird,0.9200000166893005,true,fake_gazebo
53.300000000000004,bird,0.9200000166893005,true,fake_gazebo
53.400000000000006,bird,0.9200000166893005,true,fake_gazebo
53.400000000000006,bird,0.9200000166893005,true,fake_gazebo
53.400000000000006,bird,0.9200000166893005,true,fake_gazebo
53.5,bird,0.9200000166893005,true,fake_gazebo
53.5,bird,0.9200000166893005,true,fake_gazebo
53.5,bird,0.9200000166893005,true,fake_gazebo
53.6,bird,0.9200000166893005,true,fake_gazebo
53.6,bird,0.9200000166893005,true,fake_gazebo
53.6,bird,0.9200000166893005,true,fake_gazebo
53.7,bird,0.9200000166893005,true,fake_gazebo
53.7,bird,0.9200000166893005,true,fake_gazebo
53.7,bird,0.9200000166893005,true,fake_gazebo
53.800000000000004,bird,0.9200000166893005,true,fake_gazebo
53.800000000000004,bird,0.9200000166893005,true,fake_gazebo
53.800000000000004,bird,0.9200000166893005,true,fake_gazebo
53.900000000000006,bird,0.9200000166893005,true,fake_gazebo
53.900000000000006,bird,0.9200000166893005,true,fake_gazebo
53.900000000000006,bird,0.9200000166893005,true,fake_gazebo
54.0,bird,0.9200000166893005,true,fake_gazebo
54.0,bird,0.9200000166893005,true,fake_gazebo
54.0,bird,0.9200000166893005,true,fake_gazebo
54.1,bird,0.9200000166893005,true,fake_gazebo
54.1,bird,0.9200000166893005,true,fake_gazebo
54.1,bird,0.9200000166893005,true,fake_gazebo
54.2,bird,0.9200000166893005,true,fake_gazebo
54.2,bird,0.9200000166893005,true,fake_gazebo
54.2,bird,0.9200000166893005,true,fake_gazebo
54.300000000000004,bird,0.9200000166893005,true,fake_gazebo
54.300000000000004,bird,0.9200000166893005,true,fake_gazebo
54.300000000000004,bird,0.9200000166893005,true,fake_gazebo
54.400000000000006,bird,0.9200000166893005,true,fake_gazebo
54.400000000000006,bird,0.9200000166893005,true,fake_gazebo
54.400000000000006,bird,0.9200000166893005,true,fake_gazebo
54.5,bird,0.9200000166893005,true,fake_gazebo
54.5,bird,0.9200000166893005,true,fake_gazebo
54.5,bird,0.9200000166893005,true,fake_gazebo
54.6,bird,0.9200000166893005,true,fake_gazebo
54.6,bird,0.9200000166893005,true,fake_gazebo
54.6,bird,0.9200000166893005,true,fake_gazebo
54.7,bird,0.9200000166893005,true,fake_gazebo
54.7,bird,0.9200000166893005,true,fake_gazebo
54.7,bird,0.9200000166893005,true,fake_gazebo
54.800000000000004,bird,0.9200000166893005,true,fake_gazebo
54.800000000000004,bird,0.9200000166893005,true,fake_gazebo
54.800000000000004,bird,0.9200000166893005,true,fake_gazebo
54.900000000000006,bird,0.9200000166893005,true,fake_gazebo
54.900000000000006,bird,0.9200000166893005,true,fake_gazebo
54.900000000000006,bird,0.9200000166893005,true,fake_gazebo
55.0,bird,0.9200000166893005,true,fake_gazebo
55.0,bird,0.9200000166893005,true,fake_gazebo
55.0,bird,0.9200000166893005,true,fake_gazebo
55.1,bird,0.9200000166893005,true,fake_gazebo
55.1,bird,0.9200000166893005,true,fake_gazebo
55.1,bird,0.9200000166893005,true,fake_gazebo
