time_sec,mission_state,lidar_state,target_class,confidence,bird_confirmed,sound_state,safety_state,image_count,gt_used_for_decision
1.5,UNKNOWN,UNKNOWN,none,0.0,false,UNKNOWN,UNKNOWN,0,true
2.0,PATROL_NAVIGATING mode=AUTO nav_goal=PATROL,TARGET_OK source=gazebo_bird_pose_fallback moving=True speed=0.04 detector_mode=ground_truth provenance=gazebo_gt raw=80000 roi=0 cluster=0 tf_ok=False fallback_allowed=True decision_allowed=True,bird,0.9200000166893005,true,IDLE_NO_REQUEST,AUTO_PASS SCAN_DISABLED_TEST_ONLY,20,true
3.0,PATROL_NAVIGATING mode=AUTO nav_goal=PATROL,TARGET_OK source=gazebo_bird_pose_fallback moving=True speed=0.16 detector_mode=ground_truth provenance=gazebo_gt raw=80000 roi=0 cluster=0 tf_ok=False fallback_allowed=True decision_allowed=True,bird,0.9200000166893005,true,IDLE_NO_REQUEST,AUTO_PASS SCAN_DISABLED_TEST_ONLY,48,true
4.0,PATROL_NAVIGATING mode=AUTO nav_goal=PATROL,TARGET_OK source=gazebo_bird_pose_fallback moving=True speed=0.24 detector_mode=ground_truth provenance=gazebo_gt raw=80000 roi=0 cluster=0 tf_ok=False fallback_allowed=True decision_allowed=True,bird,0.9200000166893005,true,IDLE_NO_REQUEST,AUTO_PASS SCAN_DISABLED_TEST_ONLY,86,true
5.0,PATROL_NAVIGATING mode=AUTO nav_goal=PATROL,TARGET_OK source=gazebo_bird_pose_fallback moving=True speed=0.27 detector_mode=ground_truth provenance=gazebo_gt raw=80000 roi=0 cluster=0 tf_ok=False fallback_allowed=True decision_allowed=True,bird,0.9200000166893005,true,IDLE_NO_REQUEST,AUTO_PASS SCAN_DISABLED_TEST_ONLY,116,true
6.0,APPROACH_TARGET_OFFSET mode=AUTO nav_goal=TARGET_INSPECTION,TARGET_OK source=gazebo_bird_pose_fallback moving=True speed=0.28 detector_mode=ground_truth provenance=gazebo_gt raw=80000 roi=2 cluster=0 tf_ok=False fallback_allowed=True decision_allowed=True,bird,0.9200000166893005,true,IDLE_NO_REQUEST,AUTO_PASS SCAN_DISABLED_TEST_ONLY,151,true
7.0,APPROACH_TARGET_OFFSET mode=AUTO nav_goal=TARGET_INSPECTION,TARGET_OK source=gazebo_bird_pose_fallback moving=True speed=0.28 detector_mode=ground_truth provenance=gazebo_gt raw=80000 roi=98 cluster=98 tf_ok=True fallback_allowed=True decision_allowed=True,bird,0.9200000166893005,true,IDLE_NO_REQUEST,AUTO_PASS SCAN_DISABLED_TEST_ONLY,178,true
8.0,APPROACH_TARGET_OFFSET mode=AUTO nav_goal=TARGET_INSPECTION,TARGET_OK source=gazebo_bird_pose_fallback moving=True speed=0.28 detector_mode=ground_truth provenance=gazebo_gt raw=80000 roi=394 cluster=394 tf_ok=True fallback_allowed=True decision_allowed=True,bird,0.9200000166893005,true,IDLE_NO_REQUEST,AUTO_PASS SCAN_DISABLED_TEST_ONLY,207,true
9.0,APPROACH_TARGET_OFFSET mode=AUTO nav_goal=TARGET_INSPECTION,TARGET_OK source=gazebo_bird_pose_fallback moving=True speed=0.28 detector_mode=ground_truth provenance=gazebo_gt raw=80000 roi=342 cluster=342 tf_ok=True fallback_allowed=True decision_allowed=True,bird,0.9200000166893005,true,IDLE_NO_REQUEST,AUTO_PASS SCAN_DISABLED_TEST_ONLY,245,true
10.0,APPROACH_TARGET_OFFSET mode=AUTO nav_goal=TARGET_INSPECTION,TARGET_OK source=gazebo_bird_pose_fallback moving=True speed=0.28 detector_mode=ground_truth provenance=gazebo_gt raw=80000 roi=378 cluster=378 tf_ok=True fallback_allowed=True decision_allowed=True,bird,0.9200000166893005,true,IDLE_NO_REQUEST,AUTO_PASS SCAN_DISABLED_TEST_ONLY,278,true
11.0,APPROACH_TARGET_OFFSET mode=AUTO nav_goal=TARGET_INSPECTION,TARGET_OK source=gazebo_bird_pose_fallback moving=True speed=0.28 detector_mode=ground_truth provenance=gazebo_gt raw=80000 roi=334 cluster=334 tf_ok=True fallback_allowed=True decision_allowed=True,bird,0.9200000166893005,true,IDLE_NO_REQUEST,AUTO_PASS SCAN_DISABLED_TEST_ONLY,308,true
12.0,APPROACH_TARGET_OFFSET mode=AUTO nav_goal=TARGET_INSPECTION,TARGET_OK source=gazebo_bird_pose_fallback moving=True speed=0.28 detector_mode=ground_truth provenance=gazebo_gt raw=80000 roi=256 cluster=256 tf_ok=True fallback_allowed=True decision_allowed=True,bird,0.9200000166893005,true,IDLE_NO_REQUEST,AUTO_PASS SCAN_DISABLED_TEST_ONLY,335,true
13.0,APPROACH_TARGET_OFFSET mode=AUTO nav_goal=TARGET_INSPECTION,TARGET_OK source=gazebo_bird_pose_fallback moving=True speed=0.28 detector_mode=ground_truth provenance=gazebo_gt raw=80000 roi=236 cluster=236 tf_ok=True fallback_allowed=True decision_allowed=True,bird,0.9200000166893005,true,IDLE_NO_REQUEST,AUTO_PASS SCAN_DISABLED_TEST_ONLY,369,true
14.0,APPROACH_TARGET_OFFSET mode=AUTO nav_goal=TARGET_INSPECTION,TARGET_OK source=gazebo_bird_pose_fallback moving=True speed=0.28 detector_mode=ground_truth provenance=gazebo_gt raw=80000 roi=360 cluster=360 tf_ok=True fallback_allowed=True decision_allowed=True,bird,0.9200000166893005,true,IDLE_NO_REQUEST,AUTO_PASS SCAN_DISABLED_TEST_ONLY,397,true
15.000000000000002,CAMERA_ALIGN_TO_TARGET mode=AUTO nav_goal=NONE,TARGET_OK source=gazebo_bird_pose_fallback moving=True speed=0.28 detector_mode=ground_truth provenance=gazebo_gt raw=80000 roi=370 cluster=370 tf_ok=True fallback_allowed=True decision_allowed=True,bird,0.9200000166893005,true,IDLE_NO_REQUEST,AUTO_PASS SCAN_DISABLED_TEST_ONLY,427,true
16.0,CAMERA_ALIGN_TO_TARGET mode=AUTO nav_goal=NONE,TARGET_OK source=gazebo_bird_pose_fallback moving=True speed=0.28 detector_mode=ground_truth provenance=gazebo_gt raw=80000 roi=348 cluster=348 tf_ok=True fallback_allowed=True decision_allowed=True,bird,0.9200000166893005,true,IDLE_NO_REQUEST,AUTO_PASS SCAN_DISABLED_TEST_ONLY,454,true
17.0,CAMERA_ALIGN_TO_TARGET mode=AUTO nav_goal=NONE,TARGET_OK source=last_value_hold age=0.10 moving=True speed=0.28 detector_mode=ground_truth provenance=lidar raw=80000 roi=374 cluster=374 tf_ok=True fallback_allowed=True decision_allowed=True,bird,0.9200000166893005,true,IDLE_NO_REQUEST,AUTO_PASS SCAN_DISABLED_TEST_ONLY,484,true
18.0,CAMERA_ALIGN_TO_TARGET mode=AUTO nav_goal=NONE,TARGET_OK source=gazebo_bird_pose_fallback moving=True speed=0.28 detector_mode=ground_truth provenance=gazebo_gt raw=80000 roi=324 cluster=324 tf_ok=True fallback_allowed=True decision_allowed=True,bird,0.9200000166893005,true,IDLE_NO_REQUEST,AUTO_PASS SCAN_DISABLED_TEST_ONLY,511,true
19.0,CAMERA_ALIGN_TO_TARGET mode=AUTO nav_goal=NONE,HOLD_LAST_TARGET suppress=lidar_cluster reason=fallback_recent age=0.00 detector_mode=ground_truth provenance=gazebo_gt raw=80000 roi=248 cluster=248 tf_ok=True fallback_allowed=True decision_allowed=True,bird,0.9200000166893005,true,IDLE_NO_REQUEST,AUTO_PASS SCAN_DISABLED_TEST_ONLY,547,true
20.0,CAMERA_ALIGN_TO_TARGET mode=AUTO nav_goal=NONE,TARGET_OK source=gazebo_bird_pose_fallback moving=True speed=0.28 detector_mode=ground_truth provenance=gazebo_gt raw=80000 roi=334 cluster=334 tf_ok=True fallback_allowed=True decision_allowed=True,bird,0.9200000166893005,true,IDLE_NO_REQUEST,AUTO_PASS SCAN_DISABLED_TEST_ONLY,576,true
21.0,RETURN_TO_INTERRUPTED_WAYPOINT mode=AUTO nav_goal=RETURN_TO_INTERRUPTED_WAYPOINT,TARGET_OK source=gazebo_bird_pose_fallback moving=True speed=0.28 detector_mode=ground_truth provenance=gazebo_gt raw=80000 roi=220 cluster=220 tf_ok=True fallback_allowed=True decision_allowed=True,bird,0.9200000166893005,true,IDLE_NO_REQUEST,AUTO_PASS SCAN_DISABLED_TEST_ONLY,604,true
22.0,RETURN_TO_INTERRUPTED_WAYPOINT mode=AUTO nav_goal=RETURN_TO_INTERRUPTED_WAYPOINT,TARGET_OK source=gazebo_bird_pose_fallback moving=True speed=0.28 detector_mode=ground_truth provenance=gazebo_gt raw=80000 roi=252 cluster=252 tf_ok=True fallback_allowed=True decision_allowed=True,bird,0.9200000166893005,true,IDLE_NO_REQUEST,AUTO_PASS SCAN_DISABLED_TEST_ONLY,632,true
23.0,RETURN_TO_INTERRUPTED_WAYPOINT mode=AUTO nav_goal=RETURN_TO_INTERRUPTED_WAYPOINT,TARGET_OK source=last_value_hold age=0.10 moving=True speed=0.28 detector_mode=ground_truth provenance=lidar raw=80000 roi=340 cluster=340 tf_ok=True fallback_allowed=True decision_allowed=True,bird,0.9200000166893005,true,IDLE_NO_REQUEST,AUTO_PASS SCAN_DISABLED_TEST_ONLY,660,true
24.0,RETURN_TO_INTERRUPTED_WAYPOINT mode=AUTO nav_goal=RETURN_TO_INTERRUPTED_WAYPOINT,TARGET_OK source=gazebo_bird_pose_fallback moving=True speed=0.28 detector_mode=ground_truth provenance=gazebo_gt raw=80000 roi=268 cluster=268 tf_ok=True fallback_allowed=True decision_allowed=True,bird,0.9200000166893005,true,IDLE_NO_REQUEST,AUTO_PASS SCAN_DISABLED_TEST_ONLY,693,true
25.0,RETURN_TO_INTERRUPTED_WAYPOINT mode=AUTO nav_goal=RETURN_TO_INTERRUPTED_WAYPOINT,TARGET_OK source=gazebo_bird_pose_fallback moving=True speed=0.28 detector_mode=ground_truth provenance=gazebo_gt raw=80000 roi=314 cluster=314 tf_ok=True fallback_allowed=True decision_allowed=True,bird,0.9200000166893005,true,IDLE_NO_REQUEST,AUTO_PASS SCAN_DISABLED_TEST_ONLY,722,true
26.0,RESUME_PATROL mode=AUTO nav_goal=NONE,TARGET_OK source=gazebo_bird_pose_fallback moving=True speed=0.28 detector_mode=ground_truth provenance=gazebo_gt raw=80000 roi=320 cluster=320 tf_ok=True fallback_allowed=True decision_allowed=True,bird,0.9200000166893005,true,IDLE_NO_REQUEST,AUTO_PASS SCAN_DISABLED_TEST_ONLY,756,true
