time_sec,frame_id,x,y,z,qx,qy,qz,qw,used_for_decision,detector_mode
1.5,odom,-1.3928727611284728e-05,5.666136289482724e-06,3.1,0.0,0.0,0.0,1.0,false,lidar
1.6,odom,-0.00032672690712965357,0.00013291086141550493,3.1062710874165496,0.0,0.0,0.0,1.0,false,lidar
1.7000000000000002,odom,-0.0012451288941065948,0.000506512167433372,3.116719772859969,0.0,0.0,0.0,1.0,false,lidar
1.8,odom,-0.0026892595622131105,0.0010939772549610973,3.130448794023182,0.0,0.0,0.0,1.0,false,lidar
1.9000000000000001,odom,-0.004612764361246276,0.0018764493262769274,3.1471496997475854,0.0,0.0,0.0,1.0,false,lidar
2.0,odom,-0.006982669897928422,0.0028405149709494052,3.1665667337651437,0.0,0.0,0.0,1.0,false,lidar
2.1,odom,-0.009722096101387773,0.003954899763082572,3.188061402638884,0.0,0.0,0.0,1.0,false,lidar
2.2,odom,-0.012908500562800681,0.005251113060925598,3.212206193160224,0.0,0.0,0.0,1.0,false,lidar
2.3000000000000003,odom,-0.016368620540447472,0.006658672453172281,3.237609143043615,0.0,0.0,0.0,1.0,false,lidar
2.4000000000000004,odom,-0.020087858633529816,0.008171639790645913,3.264122604957182,0.0,0.0,0.0,1.0,false,lidar
2.5,odom,-0.024219530177837057,0.009852382980315016,3.292760609898287,0.0,0.0,0.0,1.0,false,lidar
2.6,odom,-0.028602774110319033,0.01163546455133882,3.3222810562810468,0.0,0.0,0.0,1.0,false,lidar
2.7,odom,-0.03335383462256249,0.013568172055801695,3.3533585122961895,0.0,0.0,0.0,1.0,false,lidar
2.8000000000000003,odom,-0.03826275552703661,0.01556509637331851,3.3844876007207265,0.0,0.0,0.0,1.0,false,lidar
2.9000000000000004,odom,-0.0436925042429748,0.017773890823231143,3.4,0.0,0.0,0.0,1.0,false,lidar
3.0,odom,-0.04926831587655824,0.02004210293291234,3.4,0.0,0.0,0.0,1.0,false,lidar
3.1,odom,-0.0550466418316279,0.022392696849327026,3.4,0.0,0.0,0.0,1.0,false,lidar
3.2,odom,-0.06112459005301746,0.024865175595692263,3.4,0.0,0.0,0.0,1.0,false,lidar
3.3000000000000003,odom,-0.06734027842522725,0.02739368634217009,3.4,0.0,0.0,0.0,1.0,false,lidar
3.4000000000000004,odom,-0.07373630146171488,0.029995556322458216,3.4,0.0,0.0,0.0,1.0,false,lidar
3.5,odom,-0.08040222086631674,0.03270721878691624,3.4,0.0,0.0,0.0,1.0,false,lidar
3.6,odom,-0.08716569508368019,0.035458566058215624,3.4,0.0,0.0,0.0,1.0,false,lidar
3.7,odom,-0.09399895015854222,0.03823829983114071,3.4,0.0,0.0,0.0,1.0,false,lidar
3.8000000000000003,odom,-0.10100432788728259,0.041088052233376936,3.4,0.0,0.0,0.0,1.0,false,lidar
3.9000000000000004,odom,-0.10797499975518816,0.04392368646609865,3.4,0.0,0.0,0.0,1.0,false,lidar
4.0,odom,-0.1150570323098494,0.046804621665718714,3.4,0.0,0.0,0.0,1.0,false,lidar
4.1000000000000005,odom,-0.12236359340941368,0.04977689394736074,3.4,0.0,0.0,0.0,1.0,false,lidar
4.2,odom,-0.12944304456351968,0.0526567790462268,3.4,0.0,0.0,0.0,1.0,false,lidar
4.300000000000001,odom,-0.1366919545568813,0.05560559914802235,3.4,0.0,0.0,0.0,1.0,false,lidar
4.4,odom,-0.14414800385678841,0.05863868247719441,3.4,0.0,0.0,0.0,1.0,false,lidar
4.5,odom,-0.15147716781255927,0.06162014948698192,3.4,0.0,0.0,0.0,1.0,false,lidar
4.6000000000000005,odom,-0.1588800913030579,0.06463162150426789,3.4,0.0,0.0,0.0,1.0,false,lidar
4.7,odom,-0.16622786095847328,0.06762065721902945,3.4,0.0,0.0,0.0,1.0,false,lidar
4.800000000000001,odom,-0.17364158446242414,0.07063652262743067,3.4,0.0,0.0,0.0,1.0,false,lidar
4.9,odom,-0.18116078426357562,0.07369529526267467,3.4,0.0,0.0,0.0,1.0,false,lidar
5.0,odom,-0.18869930312133698,0.07676192679291637,3.4,0.0,0.0,0.0,1.0,false,lidar
5.1000000000000005,odom,-0.1960854217226316,0.07976656266585203,3.4,0.0,0.0,0.0,1.0,false,lidar
5.2,odom,-0.20356946773525061,0.08281103491684846,3.4,0.0,0.0,0.0,1.0,false,lidar
5.300000000000001,odom,-0.21089579130058514,0.08579134647010231,3.4,0.0,0.0,0.0,1.0,false,lidar
5.4,odom,-0.21861384779511053,0.08893101300737359,3.4,0.0,0.0,0.0,1.0,false,lidar
5.4,odom,-0.22625761096297825,0.09204045739327608,3.4,0.0,0.0,0.0,1.0,false,lidar
5.6000000000000005,odom,-0.2336543272382368,0.09504940434664251,3.4,0.0,0.0,0.0,1.0,false,lidar
5.7,odom,-0.24114196811415206,0.09809533896993708,3.4,0.0,0.0,0.0,1.0,false,lidar
5.800000000000001,odom,-0.2486776781512224,0.10116082788605785,3.4,0.0,0.0,0.0,1.0,false,lidar
5.9,odom,-0.25621826140105985,0.10422829920060663,3.4,0.0,0.0,0.0,1.0,false,lidar
6.0,odom,-0.2638912153066095,0.10734961823168276,3.4,0.0,0.0,0.0,1.0,false,lidar
6.1000000000000005,odom,-0.2714402261008664,0.1104205178288852,3.4,0.0,0.0,0.0,1.0,false,lidar
6.2,odom,-0.27899203659654437,0.11349255633053483,3.4,0.0,0.0,0.0,1.0,false,lidar
6.300000000000001,odom,-0.2865889601723312,0.11658294660612174,3.4,0.0,0.0,0.0,1.0,false,lidar
6.4,odom,-0.29410241233546613,0.11963938113114898,3.4,0.0,0.0,0.0,1.0,false,lidar
6.5,odom,-0.30165987206972233,0.12271371771461938,3.4,0.0,0.0,0.0,1.0,false,lidar
6.6000000000000005,odom,-0.3092185009093701,0.12578852988428033,3.4,0.0,0.0,0.0,1.0,false,lidar
6.7,odom,-0.31673516737460694,0.12884627197122667,3.4,0.0,0.0,0.0,1.0,false,lidar
6.800000000000001,odom,-0.32438069905665007,0.13195643577979324,3.4,0.0,0.0,0.0,1.0,false,lidar
6.9,odom,-0.3318129825934046,0.13497985131612775,3.4,0.0,0.0,0.0,1.0,false,lidar
7.0,odom,-0.3393731402433588,0.1380552853981265,3.4,0.0,0.0,0.0,1.0,false,lidar
7.1000000000000005,odom,-0.34697622868932754,0.14114818351187536,3.4,0.0,0.0,0.0,1.0,false,lidar
7.2,odom,-0.3544938245017408,0.14420630365257345,3.4,0.0,0.0,0.0,1.0,false,lidar
7.300000000000001,odom,-0.3620965822358257,0.14729906723439318,3.4,0.0,0.0,0.0,1.0,false,lidar
7.4,odom,-0.36965642923726577,0.15037437494613778,3.4,0.0,0.0,0.0,1.0,false,lidar
7.500000000000001,odom,-0.37725862970330487,0.15346691183411987,3.4,0.0,0.0,0.0,1.0,false,lidar
7.6000000000000005,odom,-0.3848605208378654,0.15655932288761465,3.4,0.0,0.0,0.0,1.0,false,lidar
7.7,odom,-0.3924191467748798,0.15963413387649905,3.4,0.0,0.0,0.0,1.0,false,lidar
7.800000000000001,odom,-0.3999769685819317,0.1627086177493608,3.4,0.0,0.0,0.0,1.0,false,lidar
7.9,odom,-0.4076195845432638,0.16581759545741853,3.4,0.0,0.0,0.0,1.0,false,lidar
8.0,odom,-0.4151333520554985,0.16887415826487118,3.4,0.0,0.0,0.0,1.0,false,lidar
8.1,odom,-0.4227314628307485,0.17196503148722408,3.4,0.0,0.0,0.0,1.0,false,lidar
8.200000000000001,odom,-0.43028600119931665,0.17503817967383664,3.4,0.0,0.0,0.0,1.0,false,lidar
8.3,odom,-0.4378822531654613,0.17812829674199931,3.4,0.0,0.0,0.0,1.0,false,lidar
8.4,odom,-0.4453492406283132,0.18116582966080888,3.4,0.0,0.0,0.0,1.0,false,lidar
8.5,odom,-0.45285731514924926,0.18422007658805495,3.4,0.0,0.0,0.0,1.0,false,lidar
8.600000000000001,odom,-0.460449566762814,0.18730856633292062,3.4,0.0,0.0,0.0,1.0,false,lidar
8.700000000000001,odom,-0.46799781475653496,0.19037915562670502,3.4,0.0,0.0,0.0,1.0,false,lidar
8.8,odom,-0.47554362124396005,0.19344875172801373,3.4,0.0,0.0,0.0,1.0,false,lidar
8.9,odom,-0.48321432932360947,0.19656915716841722,3.4,0.0,0.0,0.0,1.0,false,lidar
9.0,odom,-0.4904969505719198,0.199531690839057,3.4,0.0,0.0,0.0,1.0,false,lidar
9.100000000000001,odom,-0.4981574022145841,0.2026479240125149,3.4,0.0,0.0,0.0,1.0,false,lidar
9.200000000000001,odom,-0.5056851867374178,0.20571018886933307,3.4,0.0,0.0,0.0,1.0,false,lidar
9.3,odom,-0.5132921748249464,0.20880467333764052,3.4,0.0,0.0,0.0,1.0,false,lidar
9.4,odom,-0.520765243116558,0.21184467990698078,3.4,0.0,0.0,0.0,1.0,false,lidar
9.5,odom,-0.5283161451651468,0.21491634885692423,3.4,0.0,0.0,0.0,1.0,false,lidar
9.600000000000001,odom,-0.5358173687871184,0.21796780887295242,3.4,0.0,0.0,0.0,1.0,false,lidar
9.700000000000001,odom,-0.5434383296695257,0.2210679774038913,3.4,0.0,0.0,0.0,1.0,false,lidar
9.8,odom,-0.5511793696977082,0.22421699352697858,3.4,0.0,0.0,0.0,1.0,false,lidar
9.9,odom,-0.5585317627853652,0.22720791003070687,3.4,0.0,0.0,0.0,1.0,false,lidar
10.0,odom,-0.5660864737532906,0.23028112842986936,3.4,0.0,0.0,0.0,1.0,false,lidar
10.100000000000001,odom,-0.5734212610442143,0.23326488298409295,3.4,0.0,0.0,0.0,1.0,false,lidar
10.200000000000001,odom,-0.5808731244084007,0.23629626349568156,3.4,0.0,0.0,0.0,1.0,false,lidar
10.3,odom,-0.5884426113079397,0.2393754926694571,3.4,0.0,0.0,0.0,1.0,false,lidar
10.4,odom,-0.5959615310938543,0.2424341513959131,3.4,0.0,0.0,0.0,1.0,false,lidar
10.5,odom,-0.6033031370668446,0.24542067975568818,3.4,0.0,0.0,0.0,1.0,false,lidar
10.600000000000001,odom,-0.6107610012712602,0.24845450137888134,3.4,0.0,0.0,0.0,1.0,false,lidar
10.700000000000001,odom,-0.6182096695521627,0.2514845821466713,3.4,0.0,0.0,0.0,1.0,false,lidar
10.8,odom,-0.6256490538955365,0.2545108862554013,3.4,0.0,0.0,0.0,1.0,false,lidar
10.9,odom,-0.6331209789469338,0.2575504277603782,3.4,0.0,0.0,0.0,1.0,false,lidar
11.0,odom,-0.6404581613699819,0.26053515664229554,3.4,0.0,0.0,0.0,1.0,false,lidar
11.100000000000001,odom,-0.6477435847441915,0.2634988302036483,3.4,0.0,0.0,0.0,1.0,false,lidar
11.200000000000001,odom,-0.6551440671877146,0.26650930921530674,3.4,0.0,0.0,0.0,1.0,false,lidar
11.3,odom,-0.6626185122742275,0.2695498758578831,3.4,0.0,0.0,0.0,1.0,false,lidar
11.4,odom,-0.669959067923475,0.272535976951243,3.4,0.0,0.0,0.0,1.0,false,lidar
11.5,odom,-0.6772482413599599,0.2755011760190592,3.4,0.0,0.0,0.0,1.0,false,lidar
11.600000000000001,odom,-0.6847349949567889,0.27854674970168736,3.4,0.0,0.0,0.0,1.0,false,lidar
11.700000000000001,odom,-0.6919226319807444,0.28147064426791163,3.4,0.0,0.0,0.0,1.0,false,lidar
11.8,odom,-0.6991411380862105,0.2844070962211318,3.4,0.0,0.0,0.0,1.0,false,lidar
11.9,odom,-0.7066389191740875,0.28745715583161563,3.4,0.0,0.0,0.0,1.0,false,lidar
12.0,odom,-0.713880371932116,0.2904029423676097,3.4,0.0,0.0,0.0,1.0,false,lidar
12.100000000000001,odom,-0.721152997630254,0.2933614098987498,3.4,0.0,0.0,0.0,1.0,false,lidar
12.200000000000001,odom,-0.7283746456120105,0.29629913995143475,3.4,0.0,0.0,0.0,1.0,false,lidar
12.3,odom,-0.7355863103673566,0.2992328088778596,3.4,0.0,0.0,0.0,1.0,false,lidar
12.4,odom,-0.7427058989423947,0.30212902167754974,3.4,0.0,0.0,0.0,1.0,false,lidar
12.5,odom,-0.7498562132161585,0.30503773353684027,3.4,0.0,0.0,0.0,1.0,false,lidar
12.600000000000001,odom,-0.7572832979535018,0.3080590342277408,3.4,0.0,0.0,0.0,1.0,false,lidar
12.700000000000001,odom,-0.7644975019734264,0.31099373611421627,3.4,0.0,0.0,0.0,1.0,false,lidar
12.8,odom,-0.7716611802050553,0.31390788436430406,3.4,0.0,0.0,0.0,1.0,false,lidar
12.9,odom,-0.7788557945263013,0.31683461725995077,3.4,0.0,0.0,0.0,1.0,false,lidar
13.0,odom,-0.7859593126837497,0.31972429269464964,3.4,0.0,0.0,0.0,1.0,false,lidar
13.100000000000001,odom,-0.7932155807710507,0.32267610603202485,3.4,0.0,0.0,0.0,1.0,false,lidar
13.200000000000001,odom,-0.8004221494928165,0.3256077019176397,3.4,0.0,0.0,0.0,1.0,false,lidar
13.3,odom,-0.8075381765965911,0.32850246592874094,3.4,0.0,0.0,0.0,1.0,false,lidar
13.4,odom,-0.814644376007923,0.33139323208402294,3.4,0.0,0.0,0.0,1.0,false,lidar
13.5,odom,-0.8219431872129984,0.3343623517475908,3.4,0.0,0.0,0.0,1.0,false,lidar
13.600000000000001,odom,-0.8290716655711788,0.3372621808663231,3.4,0.0,0.0,0.0,1.0,false,lidar
13.700000000000001,odom,-0.8363116026437923,0.3402073508291184,3.4,0.0,0.0,0.0,1.0,false,lidar
13.8,odom,-0.8433812610819588,0.3430832523004254,3.4,0.0,0.0,0.0,1.0,false,lidar
13.9,odom,-0.8505215062415733,0.3459878680947591,3.4,0.0,0.0,0.0,1.0,false,lidar
14.0,odom,-0.8576120935209405,0.34887228331333076,3.4,0.0,0.0,0.0,1.0,false,lidar
14.100000000000001,odom,-0.8646126915006932,0.35172009133773274,3.4,0.0,0.0,0.0,1.0,false,lidar
14.200000000000001,odom,-0.8716834348982373,0.3545964341650533,3.4,0.0,0.0,0.0,1.0,false,lidar
14.3,odom,-0.8786645547857141,0.3574363185995548,3.4,0.0,0.0,0.0,1.0,false,lidar
14.4,odom,-0.8858356964619852,0.3603535029413627,3.4,0.0,0.0,0.0,1.0,false,lidar
14.500000000000002,odom,-0.8929581377381439,0.36325087620550833,3.4,0.0,0.0,0.0,1.0,false,lidar
14.600000000000001,odom,-0.8999916986878878,0.36611209340020673,3.4,0.0,0.0,0.0,1.0,false,lidar
14.700000000000001,odom,-0.9069758338153361,0.368953204419149,3.4,0.0,0.0,0.0,1.0,false,lidar
14.8,odom,-0.9140297616816904,0.37182270677301604,3.4,0.0,0.0,0.0,1.0,false,lidar
14.9,odom,-0.9208757684501893,0.3746076278707343,3.4,0.0,0.0,0.0,1.0,false,lidar
15.000000000000002,odom,-0.9279494551764413,0.377485168029364,3.4,0.0,0.0,0.0,1.0,false,lidar
15.100000000000001,odom,-0.934935008536695,0.38032685597827615,3.4,0.0,0.0,0.0,1.0,false,lidar
15.200000000000001,odom,-0.9419111575960826,0.3831647183049257,3.4,0.0,0.0,0.0,1.0,false,lidar
15.3,odom,-0.9489174282600674,0.38601483394872366,3.4,0.0,0.0,0.0,1.0,false,lidar
15.4,odom,-0.9558750736099589,0.38884516905947625,3.4,0.0,0.0,0.0,1.0,false,lidar
15.500000000000002,odom,-0.962783907460443,0.39165564789794144,3.4,0.0,0.0,0.0,1.0,false,lidar
15.600000000000001,odom,-0.9698799092389773,0.39454226570752843,3.4,0.0,0.0,0.0,1.0,false,lidar
15.700000000000001,odom,-0.9768102248639253,0.3973614832237253,3.4,0.0,0.0,0.0,1.0,false,lidar
15.8,odom,-0.9836918105016484,0.400160877626376,3.4,0.0,0.0,0.0,1.0,false,lidar
15.9,odom,-0.9905637417482687,0.4029563446713145,3.4,0.0,0.0,0.0,1.0,false,lidar
16.0,odom,-0.9973869442486183,0.40573198910752467,3.4,0.0,0.0,0.0,1.0,false,lidar
16.1,odom,-1.0043176751806775,0.40855137556856563,3.4,0.0,0.0,0.0,1.0,false,lidar
16.2,odom,-1.011200357097757,0.4113512159321377,3.4,0.0,0.0,0.0,1.0,false,lidar
16.3,odom,-1.018034796616005,0.41413143153067394,3.4,0.0,0.0,0.0,1.0,false,lidar
16.400000000000002,odom,-1.0249376381141622,0.41693947271037024,3.4,0.0,0.0,0.0,1.0,false,lidar
16.5,odom,-1.0317926119786693,0.41972804157761084,3.4,0.0,0.0,0.0,1.0,false,lidar
16.6,odom,-1.0386383525734795,0.4225128543972093,3.4,0.0,0.0,0.0,1.0,false,lidar
16.7,odom,-1.0455524188182879,0.42532546174734914,3.4,0.0,0.0,0.0,1.0,false,lidar
16.8,odom,-1.0524964207795413,0.4281502467962764,3.4,0.0,0.0,0.0,1.0,false,lidar
16.900000000000002,odom,-1.0593931027383197,0.43095578230635734,3.4,0.0,0.0,0.0,1.0,false,lidar
17.0,odom,-1.0661263206796083,0.4336948214768276,3.4,0.0,0.0,0.0,1.0,false,lidar
17.1,odom,-1.0730425659704501,0.4365083152519264,3.4,0.0,0.0,0.0,1.0,false,lidar
17.200000000000003,odom,-1.0797960540166613,0.43925560019906135,3.4,0.0,0.0,0.0,1.0,false,lidar
17.3,odom,-1.0865014810857687,0.44198333418260133,3.4,0.0,0.0,0.0,1.0,false,lidar
17.400000000000002,odom,-1.0932356038325424,0.44472274142338936,3.4,0.0,0.0,0.0,1.0,false,lidar
17.5,odom,-1.1001137505719145,0.44752073689949656,3.4,0.0,0.0,0.0,1.0,false,lidar
17.6,odom,-1.1069067629170457,0.4502841001325062,3.4,0.0,0.0,0.0,1.0,false,lidar
17.700000000000003,odom,-1.1136524739990916,0.4530282214497647,3.4,0.0,0.0,0.0,1.0,false,lidar
17.8,odom,-1.1204653397344186,0.4557996609419842,3.4,0.0,0.0,0.0,1.0,false,lidar
17.900000000000002,odom,-1.1272312331713121,0.45855199233961064,3.4,0.0,0.0,0.0,1.0,false,lidar
18.0,odom,-1.133949946203901,0.4612851309862257,3.4,0.0,0.0,0.0,1.0,false,lidar
18.1,odom,-1.140697430764786,0.4640299737457464,3.4,0.0,0.0,0.0,1.0,false,lidar
18.200000000000003,odom,-1.1473978715556419,0.4667556793363844,3.4,0.0,0.0,0.0,1.0,false,lidar
18.3,odom,-1.1541270124439176,0.46949305998220864,3.4,0.0,0.0,0.0,1.0,false,lidar
18.400000000000002,odom,-1.1608092430140002,0.4722113577466885,3.4,0.0,0.0,0.0,1.0,false,lidar
18.5,odom,-1.1675579476115303,0.4749566968109763,3.4,0.0,0.0,0.0,1.0,false,lidar
18.6,odom,-1.1742222799436537,0.4776677136623375,3.4,0.0,0.0,0.0,1.0,false,lidar
18.700000000000003,odom,-1.1808773807177426,0.4803749751623491,3.4,0.0,0.0,0.0,1.0,false,lidar
18.8,odom,-1.1874855946684164,0.48306316333857435,3.4,0.0,0.0,0.0,1.0,false,lidar
18.900000000000002,odom,-1.1941973713595218,0.48579348031638553,3.4,0.0,0.0,0.0,1.0,false,lidar
19.0,odom,-1.201013245491697,0.4885661436093045,3.4,0.0,0.0,0.0,1.0,false,lidar
19.1,odom,-1.2075206439928419,0.49121332056806866,3.4,0.0,0.0,0.0,1.0,false,lidar
19.200000000000003,odom,-1.2141681197618845,0.4939174802544051,3.4,0.0,0.0,0.0,1.0,false,lidar
19.3,odom,-1.220769226434072,0.496602777225515,3.4,0.0,0.0,0.0,1.0,false,lidar
19.400000000000002,odom,-1.2274359737010385,0.49931477646021566,3.4,0.0,0.0,0.0,1.0,false,lidar
19.5,odom,-1.234019348438724,0.5019928601696204,3.4,0.0,0.0,0.0,1.0,false,lidar
19.6,odom,-1.2407800181209212,0.5047430665701333,3.4,0.0,0.0,0.0,1.0,false,lidar
19.700000000000003,odom,-1.2472346724993437,0.5073687874852318,3.4,0.0,0.0,0.0,1.0,false,lidar
19.8,odom,-1.2536794892886,0.509990506518564,3.4,0.0,0.0,0.0,1.0,false,lidar
19.900000000000002,odom,-1.2603374159994076,0.5126989175954139,3.4,0.0,0.0,0.0,1.0,false,lidar
20.0,odom,-1.2668757633559145,0.5153586843927693,3.4,0.0,0.0,0.0,1.0,false,lidar
20.1,odom,-1.2733310118012302,0.5179846469712895,3.4,0.0,0.0,0.0,1.0,false,lidar
20.200000000000003,odom,-1.2797768681317014,0.5206067888847589,3.4,0.0,0.0,0.0,1.0,false,lidar
20.3,odom,-1.2862872860396046,0.523255194122989,3.4,0.0,0.0,0.0,1.0,false,lidar
20.400000000000002,odom,-1.2928257742248446,0.5259150182087703,3.4,0.0,0.0,0.0,1.0,false,lidar
20.5,odom,-1.2992820113879964,0.5285413829927276,3.4,0.0,0.0,0.0,1.0,false,lidar
20.6,odom,-1.3058395504702078,0.5312089568875168,3.4,0.0,0.0,0.0,1.0,false,lidar
20.700000000000003,odom,-1.31235198620709,0.5338581829684209,3.4,0.0,0.0,0.0,1.0,false,lidar
20.8,odom,-1.3188557765623692,0.5365038921516024,3.4,0.0,0.0,0.0,1.0,false,lidar
20.900000000000002,odom,-1.325314270011138,0.5391311747811866,3.4,0.0,0.0,0.0,1.0,false,lidar
21.0,odom,-1.3316541412188616,0.5417102024801376,3.4,0.0,0.0,0.0,1.0,false,lidar
21.1,odom,-1.3382037368024913,0.5443745449996813,3.4,0.0,0.0,0.0,1.0,false,lidar
21.1,odom,-1.344672252886374,0.5470059047867959,3.4,0.0,0.0,0.0,1.0,false,lidar
21.3,odom,-1.351205005221733,0.549663395557702,3.4,0.0,0.0,0.0,1.0,false,lidar
21.400000000000002,odom,-1.357547582657897,0.5522435241367659,3.4,0.0,0.0,0.0,1.0,false,lidar
21.5,odom,-1.3639535141033396,0.5548494248079427,3.4,0.0,0.0,0.0,1.0,false,lidar
21.6,odom,-1.3703506274772483,0.5574517383320109,3.4,0.0,0.0,0.0,1.0,false,lidar
21.700000000000003,odom,-1.376630247923838,0.560006256324579,3.4,0.0,0.0,0.0,1.0,false,lidar
21.8,odom,-1.383081421090429,0.5626305611002262,3.4,0.0,0.0,0.0,1.0,false,lidar
21.8,odom,-1.3895243510123363,0.5652515125654288,3.4,0.0,0.0,0.0,1.0,false,lidar
22.0,odom,-1.3959228818147789,0.5678544026922844,3.4,0.0,0.0,0.0,1.0,false,lidar
22.1,odom,-1.4023488805237143,0.5704684666252562,3.4,0.0,0.0,0.0,1.0,false,lidar
22.200000000000003,odom,-1.408874468875856,0.5731230431238592,3.4,0.0,0.0,0.0,1.0,false,lidar
22.3,odom,-1.4150327493231358,0.5756282006153991,3.4,0.0,0.0,0.0,1.0,false,lidar
22.400000000000002,odom,-1.421396476141337,0.5782169326566275,3.4,0.0,0.0,0.0,1.0,false,lidar
22.5,odom,-1.427751659022444,0.5808021890672466,3.4,0.0,0.0,0.0,1.0,false,lidar
22.6,odom,-1.4340624925830006,0.5833694043974732,3.4,0.0,0.0,0.0,1.0,false,lidar
22.700000000000003,odom,-1.440364568547978,0.5859330571819105,3.4,0.0,0.0,0.0,1.0,false,lidar
22.8,odom,-1.4466936122293466,0.5885076802976399,3.4,0.0,0.0,0.0,1.0,false,lidar
22.900000000000002,odom,-1.452942856380021,0.5910498413659109,3.4,0.0,0.0,0.0,1.0,false,lidar
23.0,odom,-1.459254392745526,0.5936173425936615,3.4,0.0,0.0,0.0,1.0,false,lidar
23.1,odom,-1.4655219285344936,0.5961669446083316,3.4,0.0,0.0,0.0,1.0,false,lidar
23.200000000000003,odom,-1.471816303606847,0.5987274647084007,3.4,0.0,0.0,0.0,1.0,false,lidar
23.3,odom,-1.4779249777109762,0.6012124425892269,3.4,0.0,0.0,0.0,1.0,false,lidar
23.400000000000002,odom,-1.484130454807381,0.603736799440105,3.4,0.0,0.0,0.0,1.0,false,lidar
23.5,odom,-1.4903979578328452,0.6062863881267442,3.4,0.0,0.0,0.0,1.0,false,lidar
23.6,odom,-1.4966925177233101,0.6088469834098871,3.4,0.0,0.0,0.0,1.0,false,lidar
23.700000000000003,odom,-1.5029437380384902,0.6113899483719354,3.4,0.0,0.0,0.0,1.0,false,lidar
23.8,odom,-1.509186613898108,0.6139295188514624,3.4,0.0,0.0,0.0,1.0,false,lidar
23.900000000000002,odom,-1.5153859636500135,0.6164513831294297,3.4,0.0,0.0,0.0,1.0,false,lidar
24.0,odom,-1.5216118553873526,0.6189840445534848,3.4,0.0,0.0,0.0,1.0,false,lidar
24.1,odom,-1.5277943238116727,0.6214990415923508,3.4,0.0,0.0,0.0,1.0,false,lidar
24.200000000000003,odom,-1.5339682302829436,0.6240105556718096,3.4,0.0,0.0,0.0,1.0,false,lidar
24.3,odom,-1.5402385070990414,0.6265612727225164,3.4,0.0,0.0,0.0,1.0,false,lidar
24.400000000000002,odom,-1.5463611478012307,0.6290519321451336,3.4,0.0,0.0,0.0,1.0,false,lidar
24.5,odom,-1.5525796266888476,0.6315815780592381,3.4,0.0,0.0,0.0,1.0,false,lidar
24.6,odom,-1.5586158093092675,0.6340370667693288,3.4,0.0,0.0,0.0,1.0,false,lidar
24.700000000000003,odom,-1.5646080910351594,0.6364746968164847,3.4,0.0,0.0,0.0,1.0,false,lidar
24.8,odom,-1.570868990361419,0.6390215991515242,3.4,0.0,0.0,0.0,1.0,false,lidar
24.900000000000002,odom,-1.577087705941175,0.641551341350795,3.4,0.0,0.0,0.0,1.0,false,lidar
25.0,odom,-1.5831253828684702,0.644007437937404,3.4,0.0,0.0,0.0,1.0,false,lidar
25.1,odom,-1.5890850073945681,0.6464317832000449,3.4,0.0,0.0,0.0,1.0,false,lidar
25.200000000000003,odom,-1.5952081639811622,0.6489226524818459,3.4,0.0,0.0,0.0,1.0,false,lidar
25.3,odom,-1.6013232563930402,0.6514102412979519,3.4,0.0,0.0,0.0,1.0,false,lidar
25.400000000000002,odom,-1.6073958058324034,0.6538805238469623,3.4,0.0,0.0,0.0,1.0,false,lidar
25.5,odom,-1.6135288276423767,0.6563754062519755,3.4,0.0,0.0,0.0,1.0,false,lidar
25.6,odom,-1.6196539191266677,0.6588670626404248,3.4,0.0,0.0,0.0,1.0,false,lidar
25.700000000000003,odom,-1.6255994865893013,0.6612856895603979,3.4,0.0,0.0,0.0,1.0,false,lidar
25.8,odom,-1.631741619901735,0.6637842784787612,3.4,0.0,0.0,0.0,1.0,false,lidar
25.900000000000002,odom,-1.6377049752175488,0.6662101414078787,3.4,0.0,0.0,0.0,1.0,false,lidar
26.0,odom,-1.643659585240618,0.6686324467959255,3.4,0.0,0.0,0.0,1.0,false,lidar
26.1,odom,-1.6497419894658454,0.6711067382222231,3.4,0.0,0.0,0.0,1.0,false,lidar
26.200000000000003,odom,-1.655748428598763,0.6735501274312942,3.4,0.0,0.0,0.0,1.0,false,lidar
26.3,odom,-1.6617465973691916,0.6759901522985418,3.4,0.0,0.0,0.0,1.0,false,lidar
26.400000000000002,odom,-1.6677025354987995,0.6784129979536436,3.4,0.0,0.0,0.0,1.0,false,lidar
26.5,odom,-1.6735821964430853,0.6808048144336567,3.4,0.0,0.0,0.0,1.0,false,lidar
26.6,odom,-1.6795886244134135,0.6832481991018444,3.4,0.0,0.0,0.0,1.0,false,lidar
26.700000000000003,odom,-1.6855533232142925,0.6856746085539261,3.4,0.0,0.0,0.0,1.0,false,lidar
26.8,odom,-1.691408544650203,0.6880564831649272,3.4,0.0,0.0,0.0,1.0,false,lidar
26.900000000000002,odom,-1.697288842068362,0.6904485585593089,3.4,0.0,0.0,0.0,1.0,false,lidar
27.0,odom,-1.7033628815260369,0.6929194472402708,3.4,0.0,0.0,0.0,1.0,false,lidar
27.1,odom,-1.7091941936752992,0.6952915956738014,3.4,0.0,0.0,0.0,1.0,false,lidar
27.200000000000003,odom,-1.7151176513969904,0.6977012284624368,3.4,0.0,0.0,0.0,1.0,false,lidar
27.3,odom,-1.7210331063680437,0.7001076057723912,3.4,0.0,0.0,0.0,1.0,false,lidar
27.400000000000002,odom,-1.7269070447434476,0.7024970943401877,3.4,0.0,0.0,0.0,1.0,false,lidar
27.5,odom,-1.7328062456076778,0.7048968595612835,3.4,0.0,0.0,0.0,1.0,false,lidar
27.6,odom,-1.7386640468158072,0.7072797836106502,3.4,0.0,0.0,0.0,1.0,false,lidar
27.6,odom,-1.7444803084831408,0.7096458095838868,3.4,0.0,0.0,0.0,1.0,false,lidar
27.8,odom,-1.7504548487170635,0.7120762224813993,3.4,0.0,0.0,0.0,1.0,false,lidar
27.900000000000002,odom,-1.7563554877618517,0.7144765727471135,3.4,0.0,0.0,0.0,1.0,false,lidar
28.0,odom,-1.7621818222686672,0.716846696300751,3.4,0.0,0.0,0.0,1.0,false,lidar
28.1,odom,-1.7679667414975122,0.7191999723277527,3.4,0.0,0.0,0.0,1.0,false,lidar
28.200000000000003,odom,-1.7738758578434377,0.7216037711169055,3.4,0.0,0.0,0.0,1.0,false,lidar
28.3,odom,-1.7798105017952643,0.7240179544076606,3.4,0.0,0.0,0.0,1.0,false,lidar
28.400000000000002,odom,-1.7856054633329466,0.7263753155953512,3.4,0.0,0.0,0.0,1.0,false,lidar
28.5,odom,-1.7914581606398738,0.7287561634033904,3.4,0.0,0.0,0.0,1.0,false,lidar
28.6,odom,-1.7971711279520637,0.7310801697528265,3.4,0.0,0.0,0.0,1.0,false,lidar
28.700000000000003,odom,-1.8030071595042432,0.7334542380157154,3.4,0.0,0.0,0.0,1.0,false,lidar
28.8,odom,-1.8089011591128017,0.7358518873921878,3.4,0.0,0.0,0.0,1.0,false,lidar
28.900000000000002,odom,-1.8147220617785123,0.7382198013002087,3.4,0.0,0.0,0.0,1.0,false,lidar
29.000000000000004,odom,-1.8204039252039004,0.7405311547450483,3.4,0.0,0.0,0.0,1.0,false,lidar
29.1,odom,-1.826142651357152,0.7428656396613879,3.4,0.0,0.0,0.0,1.0,false,lidar
29.200000000000003,odom,-1.83190592511012,0.7452101104177393,3.4,0.0,0.0,0.0,1.0,false,lidar
29.3,odom,-1.8375959889966311,0.7475247997688851,3.4,0.0,0.0,0.0,1.0,false,lidar
29.400000000000002,odom,-1.8433103836591322,0.7498493867572503,3.4,0.0,0.0,0.0,1.0,false,lidar
29.500000000000004,odom,-1.8490493086336608,0.7521839525530785,3.4,0.0,0.0,0.0,1.0,false,lidar
29.6,odom,-1.854747914216967,0.7545021166234906,3.4,0.0,0.0,0.0,1.0,false,lidar
29.700000000000003,odom,-1.8604709869046863,0.7568302337888383,3.4,0.0,0.0,0.0,1.0,false,lidar
29.8,odom,-1.8662186881039897,0.7591683697087341,3.4,0.0,0.0,0.0,1.0,false,lidar
29.900000000000002,odom,-1.8711494531089656,0.7611741800963903,3.4,0.0,0.0,0.0,1.0,false,lidar
30.000000000000004,odom,-1.8769086891397428,0.7635170083276783,3.4,0.0,0.0,0.0,1.0,false,lidar
30.1,odom,-1.8824999507811653,0.7657915054227914,3.4,0.0,0.0,0.0,1.0,false,lidar
30.200000000000003,odom,-1.888276783728143,0.7681414919910238,3.4,0.0,0.0,0.0,1.0,false,lidar
30.3,odom,-1.8939826313892159,0.7704626021022161,3.4,0.0,0.0,0.0,1.0,false,lidar
30.400000000000002,odom,-1.8996170282291596,0.7727546463789914,3.4,0.0,0.0,0.0,1.0,false,lidar
30.500000000000004,odom,-1.9053080038082657,0.7750697066020966,3.4,0.0,0.0,0.0,1.0,false,lidar
30.6,odom,-1.9109917106740797,0.7773818099492138,3.4,0.0,0.0,0.0,1.0,false,lidar
30.700000000000003,odom,-1.9166360616759304,0.7796779035289483,3.4,0.0,0.0,0.0,1.0,false,lidar
30.8,odom,-1.9223367735433403,0.7819969244251412,3.4,0.0,0.0,0.0,1.0,false,lidar
30.900000000000002,odom,-1.9278705855093812,0.7842480512814501,3.4,0.0,0.0,0.0,1.0,false,lidar
31.000000000000004,odom,-1.9334918533548429,0.7865347547493377,3.4,0.0,0.0,0.0,1.0,false,lidar
31.1,odom,-1.939137369647153,0.7888313223633675,3.4,0.0,0.0,0.0,1.0,false,lidar
31.200000000000003,odom,-1.94480725169187,0.7911378018428455,3.4,0.0,0.0,0.0,1.0,false,lidar
31.3,odom,-1.9503745591564547,0.793402554499371,3.4,0.0,0.0,0.0,1.0,false,lidar
31.400000000000002,odom,-1.95590225852989,0.7956511947837737,3.4,0.0,0.0,0.0,1.0,false,lidar
31.500000000000004,odom,-1.9614852630691322,0.7979223329312761,3.4,0.0,0.0,0.0,1.0,false,lidar
31.6,odom,-1.9670606447050765,0.8001903701200793,3.4,0.0,0.0,0.0,1.0,false,lidar
31.700000000000003,odom,-1.9725968169111563,0.8024424571101545,3.4,0.0,0.0,0.0,1.0,false,lidar
31.8,odom,-1.978125184469455,0.8046913692087885,3.4,0.0,0.0,0.0,1.0,false,lidar
31.900000000000002,odom,-1.983677267702606,0.8069499287246035,3.4,0.0,0.0,0.0,1.0,false,lidar
32.0,odom,-1.9893790134469864,0.8092693701967362,3.4,0.0,0.0,0.0,1.0,false,lidar
32.1,odom,-1.9948541813668785,0.8114966409502281,3.4,0.0,0.0,0.0,1.0,false,lidar
32.2,odom,-2.0003526261326723,0.8137333806074751,3.4,0.0,0.0,0.0,1.0,false,lidar
32.300000000000004,odom,-2.0058432289133243,0.815966930184636,3.4,0.0,0.0,0.0,1.0,false,lidar
32.4,odom,-2.0112947536342407,0.8181845830037746,3.4,0.0,0.0,0.0,1.0,false,lidar
32.5,odom,-2.0168320351036755,0.8204371212366052,3.4,0.0,0.0,0.0,1.0,false,lidar
32.6,odom,-2.022393141889143,0.8226993514880805,3.4,0.0,0.0,0.0,1.0,false,lidar
32.7,odom,-2.0278847227685017,0.824933298950869,3.4,0.0,0.0,0.0,1.0,false,lidar
32.800000000000004,odom,-2.033399769621749,0.8271767922537324,3.4,0.0,0.0,0.0,1.0,false,lidar
32.9,odom,-2.038907355437509,0.8294172504441002,3.4,0.0,0.0,0.0,1.0,false,lidar
33.0,odom,-2.0443764351958618,0.8316420445641179,3.4,0.0,0.0,0.0,1.0,false,lidar
33.1,odom,-2.0498068633834277,0.8338511154196723,3.4,0.0,0.0,0.0,1.0,false,lidar
33.2,odom,-2.0553531966812453,0.8361073358907203,3.4,0.0,0.0,0.0,1.0,false,lidar
33.300000000000004,odom,-2.0607379663647176,0.8382978330966022,3.4,0.0,0.0,0.0,1.0,false,lidar
33.4,odom,-2.066268944990461,0.8405478073643358,3.4,0.0,0.0,0.0,1.0,false,lidar
33.5,odom,-2.0717312080903585,0.842769828501996,3.4,0.0,0.0,0.0,1.0,false,lidar
33.6,odom,-2.0772167078866,0.8450013022107761,3.4,0.0,0.0,0.0,1.0,false,lidar
33.7,odom,-2.0826333924329226,0.8472047822222496,3.4,0.0,0.0,0.0,1.0,false,lidar
33.800000000000004,odom,-2.088165055396695,0.8494550348752514,3.4,0.0,0.0,0.0,1.0,false,lidar
33.9,odom,-2.09347520069336,0.8516151752561639,3.4,0.0,0.0,0.0,1.0,false,lidar
34.0,odom,-2.098838243232894,0.853796833969244,3.4,0.0,0.0,0.0,1.0,false,lidar
34.1,odom,-2.104315643228291,0.8560250127198121,3.4,0.0,0.0,0.0,1.0,false,lidar
34.2,odom,-2.109785933844228,0.8582502994106109,3.4,0.0,0.0,0.0,1.0,false,lidar
34.300000000000004,odom,-2.115127162365701,0.8604230842909331,3.4,0.0,0.0,0.0,1.0,false,lidar
34.400000000000006,odom,-2.120612593139992,0.8626545299219499,3.4,0.0,0.0,0.0,1.0,false,lidar
34.5,odom,-2.1260302441178096,0.8648584030728814,3.4,0.0,0.0,0.0,1.0,false,lidar
34.6,odom,-2.1312887312168085,0.8669975291589761,3.4,0.0,0.0,0.0,1.0,false,lidar
34.7,odom,-2.1366904231728108,0.8691949102601515,3.4,0.0,0.0,0.0,1.0,false,lidar
34.800000000000004,odom,-2.142115043977803,0.8714016187017039,3.4,0.0,0.0,0.0,1.0,false,lidar
34.900000000000006,odom,-2.1473814038551096,0.8735439473943929,3.4,0.0,0.0,0.0,1.0,false,lidar
35.0,odom,-2.152730203976951,0.8757198123636387,3.4,0.0,0.0,0.0,1.0,false,lidar
35.1,odom,-2.1579811510385856,0.8778558712004808,3.4,0.0,0.0,0.0,1.0,false,lidar
35.2,odom,-2.1633444605911967,0.8800376385331349,3.4,0.0,0.0,0.0,1.0,false,lidar
35.300000000000004,odom,-2.1686705150702417,0.882204250689368,3.4,0.0,0.0,0.0,1.0,false,lidar
35.400000000000006,odom,-2.173929152494524,0.8843434379270285,3.4,0.0,0.0,0.0,1.0,false,lidar
35.5,odom,-2.179299856060542,0.8865282131071257,3.4,0.0,0.0,0.0,1.0,false,lidar
35.6,odom,-2.184603697934476,0.8886857892874033,3.4,0.0,0.0,0.0,1.0,false,lidar
35.7,odom,-2.1898104871009334,0.8908038849147389,3.4,0.0,0.0,0.0,1.0,false,lidar
35.800000000000004,odom,-2.194949712700019,0.8928944960229046,3.4,0.0,0.0,0.0,1.0,false,lidar
35.900000000000006,odom,-2.2002297123375323,0.8950423733014005,3.4,0.0,0.0,0.0,1.0,false,lidar
36.0,odom,-2.205472778732247,0.8971752263226045,3.4,0.0,0.0,0.0,1.0,false,lidar
36.1,odom,-2.210738160039998,0.8993171569381276,3.4,0.0,0.0,0.0,1.0,false,lidar
36.2,odom,-2.215966673843055,0.9014440900382968,3.4,0.0,0.0,0.0,1.0,false,lidar
36.300000000000004,odom,-2.221247022362554,0.9035921092402132,3.4,0.0,0.0,0.0,1.0,false,lidar
36.400000000000006,odom,-2.2265203136630607,0.9057372576009731,3.4,0.0,0.0,0.0,1.0,false,lidar
36.5,odom,-2.231697892224014,0.9078434705010089,3.4,0.0,0.0,0.0,1.0,false,lidar
36.6,odom,-2.2371037754476295,0.910042556588772,3.4,0.0,0.0,0.0,1.0,false,lidar
36.7,odom,-2.242238291129963,0.9121312517265202,3.4,0.0,0.0,0.0,1.0,false,lidar
36.800000000000004,odom,-2.247600187425162,0.9143124441531795,3.4,0.0,0.0,0.0,1.0,false,lidar
36.900000000000006,odom,-2.252749928791275,0.9164073330224479,3.4,0.0,0.0,0.0,1.0,false,lidar
37.0,odom,-2.2578331969071135,0.9184751809080776,3.4,0.0,0.0,0.0,1.0,false,lidar
37.1,odom,-2.2629962914683928,0.9205755017899444,3.4,0.0,0.0,0.0,1.0,false,lidar
37.2,odom,-2.2681519461851747,0.9226727961805092,3.4,0.0,0.0,0.0,1.0,false,lidar
37.300000000000004,odom,-2.2733585903167883,0.9247908328083989,3.4,0.0,0.0,0.0,1.0,false,lidar
37.400000000000006,odom,-2.2785290019978386,0.9268941302577555,3.4,0.0,0.0,0.0,1.0,false,lidar
37.5,odom,-2.283692144400163,0.9289944706011057,3.4,0.0,0.0,0.0,1.0,false,lidar
37.6,odom,-2.2888480151061006,0.9310918528549738,3.4,0.0,0.0,0.0,1.0,false,lidar
37.7,odom,-2.2939675742554666,0.9331744637503728,3.4,0.0,0.0,0.0,1.0,false,lidar
37.800000000000004,odom,-2.2990797041872635,0.9352540524774671,3.4,0.0,0.0,0.0,1.0,false,lidar
37.900000000000006,odom,-2.304155481476261,0.9373188531324161,3.4,0.0,0.0,0.0,1.0,false,lidar
38.0,odom,-2.3091659126288917,0.9393570713079787,3.4,0.0,0.0,0.0,1.0,false,lidar
38.1,odom,-2.3142551744442117,0.9414273574003872,3.4,0.0,0.0,0.0,1.0,false,lidar
38.2,odom,-2.319366055108202,0.9435064379316196,3.4,0.0,0.0,0.0,1.0,false,lidar
38.300000000000004,odom,-2.3243259637965643,0.9455241038229955,3.4,0.0,0.0,0.0,1.0,false,lidar
38.400000000000006,odom,-2.3294504924103374,0.9476087362715019,3.4,0.0,0.0,0.0,1.0,false,lidar
38.5,odom,-2.3344821351628977,0.9496555832191607,3.4,0.0,0.0,0.0,1.0,false,lidar
38.6,odom,-2.339621109432504,0.9517460920877663,3.4,0.0,0.0,0.0,1.0,false,lidar
38.7,odom,-2.3447248093617876,0.9538222515322515,3.4,0.0,0.0,0.0,1.0,false,lidar
38.800000000000004,odom,-2.3497644389468064,0.9558723474831681,3.4,0.0,0.0,0.0,1.0,false,lidar
38.900000000000006,odom,-2.354796810637279,0.9579194909591064,3.4,0.0,0.0,0.0,1.0,false,lidar
39.0,odom,-2.3598219436108208,0.9599636897614399,3.4,0.0,0.0,0.0,1.0,false,lidar
39.1,odom,-2.3648967790631628,0.962028107281984,3.4,0.0,0.0,0.0,1.0,false,lidar
39.2,odom,-2.3698794490751816,0.9640550323652761,3.4,0.0,0.0,0.0,1.0,false,lidar
39.300000000000004,odom,-2.3748831014340275,0.9660904929616436,3.4,0.0,0.0,0.0,1.0,false,lidar
39.400000000000006,odom,-2.3799078960669533,0.9681345541286971,3.4,0.0,0.0,0.0,1.0,false,lidar
39.5,odom,-2.3848690604809892,0.970152730842975,3.4,0.0,0.0,0.0,1.0,false,lidar
39.6,odom,-2.3899076542185997,0.9722024054163716,3.4,0.0,0.0,0.0,1.0,false,lidar
39.7,odom,-2.3949394045138965,0.974249296111877,3.4,0.0,0.0,0.0,1.0,false,lidar
39.800000000000004,odom,-2.3999079011120763,0.9762704555217564,3.4,0.0,0.0,0.0,1.0,false,lidar
39.900000000000006,odom,-2.404812881949457,0.9782657770398148,3.4,0.0,0.0,0.0,1.0,false,lidar
40.0,odom,-2.4098227472957725,0.9803037650482189,3.4,0.0,0.0,0.0,1.0,false,lidar
40.1,odom,-2.4147135501853105,0.9822933190484429,3.4,0.0,0.0,0.0,1.0,false,lidar
40.2,odom,-2.4197649814653026,0.9843482158694762,3.4,0.0,0.0,0.0,1.0,false,lidar
40.300000000000004,odom,-2.4246700288920153,0.9863435644757372,3.4,0.0,0.0,0.0,1.0,false,lidar
40.400000000000006,odom,-2.4296515416941618,0.9883700188118724,3.4,0.0,0.0,0.0,1.0,false,lidar
40.5,odom,-2.4345704063375693,0.99037098819234,3.4,0.0,0.0,0.0,1.0,false,lidar
40.6,odom,-2.4393985053743417,0.9923350345808446,3.4,0.0,0.0,0.0,1.0,false,lidar
40.7,odom,-2.44446934504822,0.9943978266388149,3.4,0.0,0.0,0.0,1.0,false,lidar
40.800000000000004,odom,-2.449367366784021,0.99639031722937,3.4,0.0,0.0,0.0,1.0,false,lidar
40.900000000000006,odom,-2.4542304287582084,0.9983685863648504,3.4,0.0,0.0,0.0,1.0,false,lidar
41.0,odom,-2.4591692535627283,1.0003776754384017,3.4,0.0,0.0,0.0,1.0,false,lidar
41.1,odom,-2.4640735824263866,1.00237273173684,3.4,0.0,0.0,0.0,1.0,false,lidar
41.2,odom,-2.4689432684467807,1.004353695500978,3.4,0.0,0.0,0.0,1.0,false,lidar
41.300000000000004,odom,-2.473723042602937,1.0062980835712694,3.4,0.0,0.0,0.0,1.0,false,lidar
41.400000000000006,odom,-2.478743075383758,1.008340207640873,3.4,0.0,0.0,0.0,1.0,false,lidar
41.5,odom,-2.48345445589501,1.0102567735206327,3.4,0.0,0.0,0.0,1.0,false,lidar
41.6,odom,-2.4884599749805605,1.0122929934920444,3.4,0.0,0.0,0.0,1.0,false,lidar
41.7,odom,-2.4932674222715754,1.0142486388543206,3.4,0.0,0.0,0.0,1.0,false,lidar
41.800000000000004,odom,-2.4980949304262485,1.0162124448749623,3.4,0.0,0.0,0.0,1.0,false,lidar
41.900000000000006,odom,-2.502970003022145,1.018195599870905,3.4,0.0,0.0,0.0,1.0,false,lidar
42.0,odom,-2.5077017586126447,1.0201204542303528,3.4,0.0,0.0,0.0,1.0,false,lidar
42.1,odom,-2.5125622644392567,1.0220976835378657,3.4,0.0,0.0,0.0,1.0,false,lidar
42.2,odom,-2.5174160465367574,1.0240721776662212,3.4,0.0,0.0,0.0,1.0,false,lidar
42.300000000000004,odom,-2.522235877875509,1.0260328607967815,3.4,0.0,0.0,0.0,1.0,false,lidar
42.400000000000006,odom,-2.526967325177123,1.0279575897458717,3.4,0.0,0.0,0.0,1.0,false,lidar
42.5,odom,-2.531854010010372,1.0299454685415397,3.4,0.0,0.0,0.0,1.0,false,lidar
42.6,odom,-2.536598934080402,1.031875679772184,3.4,0.0,0.0,0.0,1.0,false,lidar
42.7,odom,-2.5413906590399447,1.0338249293691595,3.4,0.0,0.0,0.0,1.0,false,lidar
42.800000000000004,odom,-2.5460675288014265,1.035727456449601,3.4,0.0,0.0,0.0,1.0,false,lidar
42.900000000000006,odom,-2.5508446992204687,1.0376707853327385,3.4,0.0,0.0,0.0,1.0,false,lidar
43.0,odom,-2.5555881565551597,1.0396003999028498,3.4,0.0,0.0,0.0,1.0,false,lidar
43.1,odom,-2.5602709162683284,1.0415053229859992,3.4,0.0,0.0,0.0,1.0,false,lidar
43.2,odom,-2.565000091767017,1.0434291277771066,3.4,0.0,0.0,0.0,1.0,false,lidar
43.300000000000004,odom,-2.5697759500055404,1.0453719228718144,3.4,0.0,0.0,0.0,1.0,false,lidar
43.400000000000006,odom,-2.574598708315589,1.0473337966795793,3.4,0.0,0.0,0.0,1.0,false,lidar
43.5,odom,-2.579281551068778,1.0492387535429861,3.4,0.0,0.0,0.0,1.0,false,lidar
43.6,odom,-2.5840372409818126,1.0511733442643771,3.4,0.0,0.0,0.0,1.0,false,lidar
43.7,odom,-2.588679700038743,1.0530618732434065,3.4,0.0,0.0,0.0,1.0,false,lidar
43.800000000000004,odom,-2.5933414646883994,1.0549582556404,3.4,0.0,0.0,0.0,1.0,false,lidar
43.900000000000006,odom,-2.598049259103493,1.0568733627142914,3.4,0.0,0.0,0.0,1.0,false,lidar
44.0,odom,-2.602750299118521,1.0587857221322243,3.4,0.0,0.0,0.0,1.0,false,lidar
44.1,odom,-2.6074710422697285,1.0607060966868087,3.4,0.0,0.0,0.0,1.0,false,lidar
44.2,odom,-2.6121322628165955,1.0626022577455052,3.4,0.0,0.0,0.0,1.0,false,lidar
44.300000000000004,odom,-2.616812916254532,1.0645063240065067,3.4,0.0,0.0,0.0,1.0,false,lidar
44.400000000000006,odom,-2.6215394828735357,1.066429067518466,3.4,0.0,0.0,0.0,1.0,false,lidar
44.5,odom,-2.6261542192774368,1.068306319061754,3.4,0.0,0.0,0.0,1.0,false,lidar
44.6,odom,-2.6308143713065206,1.07020204545281,3.4,0.0,0.0,0.0,1.0,false,lidar
44.7,odom,-2.6353889662181715,1.0720629676390978,3.4,0.0,0.0,0.0,1.0,false,lidar
44.800000000000004,odom,-2.64006113952178,1.0739635842241293,3.4,0.0,0.0,0.0,1.0,false,lidar
44.900000000000006,odom,-2.6446743669677515,1.0758402219309515,3.4,0.0,0.0,0.0,1.0,false,lidar
45.0,odom,-2.649254538147496,1.0777034125150364,3.4,0.0,0.0,0.0,1.0,false,lidar
45.1,odom,-2.6537754927993134,1.0795425141135842,3.4,0.0,0.0,0.0,1.0,false,lidar
45.2,odom,-2.6584194056892976,1.0814316345045878,3.4,0.0,0.0,0.0,1.0,false,lidar
45.300000000000004,odom,-2.663056817724433,1.0833181103805563,3.4,0.0,0.0,0.0,1.0,false,lidar
45.400000000000006,odom,-2.667661704411786,1.0851913551087364,3.4,0.0,0.0,0.0,1.0,false,lidar
45.5,odom,-2.672207987444734,1.087040760165268,3.4,0.0,0.0,0.0,1.0,false,lidar
45.6,odom,-2.676747253244365,1.0888873106466066,3.4,0.0,0.0,0.0,1.0,false,lidar
45.7,odom,-2.681357103054884,1.0907625743483298,3.4,0.0,0.0,0.0,1.0,false,lidar
45.800000000000004,odom,-2.6859346015732544,1.092624677707217,3.4,0.0,0.0,0.0,1.0,false,lidar
45.900000000000006,odom,-2.690479603707729,1.0944735617006771,3.4,0.0,0.0,0.0,1.0,false,lidar
46.0,odom,-2.6950434804450323,1.09633012378759,3.4,0.0,0.0,0.0,1.0,false,lidar
46.1,odom,-2.6996006398801775,1.0981839533097935,3.4,0.0,0.0,0.0,1.0,false,lidar
46.2,odom,-2.7041254049310965,1.1000246049595237,3.4,0.0,0.0,0.0,1.0,false,lidar
46.300000000000004,odom,-2.7086432959405786,1.1018624602838045,3.4,0.0,0.0,0.0,1.0,false,lidar
46.400000000000006,odom,-2.7131799154947904,1.1037079342858211,3.4,0.0,0.0,0.0,1.0,false,lidar
46.5,odom,-2.7176331809750542,1.1055195002700517,3.4,0.0,0.0,0.0,1.0,false,lidar
46.6,odom,-2.7221303498764295,1.107348925945042,3.4,0.0,0.0,0.0,1.0,false,lidar
46.7,odom,-2.7266207314147186,1.109175590554889,3.4,0.0,0.0,0.0,1.0,false,lidar
46.800000000000004,odom,-2.731206052569306,1.1110408761228208,3.4,0.0,0.0,0.0,1.0,false,lidar
46.900000000000006,odom,-2.7356835525625303,1.112862300584966,3.4,0.0,0.0,0.0,1.0,false,lidar
47.0,odom,-2.74015418141308,1.1146809299008578,3.4,0.0,0.0,0.0,1.0,false,lidar
47.1,odom,-2.7445420052813696,1.1164658745667086,3.4,0.0,0.0,0.0,1.0,false,lidar
47.2,odom,-2.749048996408895,1.1182992958738578,3.4,0.0,0.0,0.0,1.0,false,lidar
47.300000000000004,odom,-2.753524263480787,1.1201198119948357,3.4,0.0,0.0,0.0,1.0,false,lidar
47.400000000000006,odom,-2.7579928658460426,1.1219376169467086,3.4,0.0,0.0,0.0,1.0,false,lidar
47.5,odom,-2.76242962267887,1.123742467296261,3.4,0.0,0.0,0.0,1.0,false,lidar
47.6,odom,-2.7668344307545154,1.125534321052197,3.4,0.0,0.0,0.0,1.0,false,lidar
47.7,odom,-2.771282474924303,1.1273437630336145,3.4,0.0,0.0,0.0,1.0,false,lidar
47.800000000000004,odom,-2.775698825359621,1.1291403121633556,3.4,0.0,0.0,0.0,1.0,false,lidar
47.900000000000006,odom,-2.7800583659657363,1.1309137513404974,3.4,0.0,0.0,0.0,1.0,false,lidar
48.0,odom,-2.784485786446548,1.1327148037090453,3.4,0.0,0.0,0.0,1.0,false,lidar
48.1,odom,-2.788906611455692,1.1345131730729103,3.4,0.0,0.0,0.0,1.0,false,lidar
48.2,odom,-2.7932710272192782,1.1362885954395796,3.4,0.0,0.0,0.0,1.0,false,lidar
48.300000000000004,odom,-2.797628553095208,1.1380612150346272,3.4,0.0,0.0,0.0,1.0,false,lidar
48.400000000000006,odom,-2.8019792214262695,1.1398310450149376,3.4,0.0,0.0,0.0,1.0,false,lidar
48.5,odom,-2.80637261443378,1.1416182551785998,3.4,0.0,0.0,0.0,1.0,false,lidar
48.6,odom,-2.8107347102790383,1.143392733814171,3.4,0.0,0.0,0.0,1.0,false,lidar
48.6,odom,-2.8151147976384774,1.1451745313071657,3.4,0.0,0.0,0.0,1.0,false,lidar
48.800000000000004,odom,-2.8194882982484653,1.1469536493436192,3.4,0.0,0.0,0.0,1.0,false,lidar
48.900000000000006,odom,-2.823855186521099,1.1487300775145357,3.4,0.0,0.0,0.0,1.0,false,lidar
49.0,odom,-2.8281908498654156,1.150493803541776,3.4,0.0,0.0,0.0,1.0,false,lidar
49.1,odom,-2.8324460819749198,1.152224810547502,3.4,0.0,0.0,0.0,1.0,false,lidar
49.2,odom,-2.8367922330320154,1.1539928029234923,3.4,0.0,0.0,0.0,1.0,false,lidar
49.300000000000004,odom,-2.8411073449600845,1.1557481687380249,3.4,0.0,0.0,0.0,1.0,false,lidar
49.400000000000006,odom,-2.8455867881691805,1.1575703836906066,3.4,0.0,0.0,0.0,1.0,false,lidar
49.5,odom,-2.8497919627632093,1.1592810275509504,3.4,0.0,0.0,0.0,1.0,false,lidar
49.6,odom,-2.854160315881459,1.16105805161369,3.4,0.0,0.0,0.0,1.0,false,lidar
49.7,odom,-2.858449289177994,1.1628027843644633,3.4,0.0,0.0,0.0,1.0,false,lidar
49.800000000000004,odom,-2.862779998003065,1.164564494918207,3.4,0.0,0.0,0.0,1.0,false,lidar
49.900000000000006,odom,-2.867079873696614,1.1663136627092316,3.4,0.0,0.0,0.0,1.0,false,lidar
50.0,odom,-2.871324585104726,1.168040389946566,3.4,0.0,0.0,0.0,1.0,false,lidar
50.1,odom,-2.8756348276468113,1.1697937749193794,3.4,0.0,0.0,0.0,1.0,false,lidar
50.2,odom,-2.879914346382652,1.1715346616024518,3.4,0.0,0.0,0.0,1.0,false,lidar
50.300000000000004,odom,-2.8841630225863866,1.1732630016986847,3.4,0.0,0.0,0.0,1.0,false,lidar
50.400000000000006,odom,-2.8884048276623293,1.174988546654725,3.4,0.0,0.0,0.0,1.0,false,lidar
50.5,odom,-2.8920378566761116,1.176828272631938,3.4,0.0,0.0,0.0,1.0,false,lidar
50.6,odom,-2.894375071836611,1.1788867370228164,3.4,0.0,0.0,0.0,1.0,false,lidar
50.7,odom,-2.8956103812453753,1.1811403233025721,3.4,0.0,0.0,0.0,1.0,false,lidar
50.800000000000004,odom,-2.89590709757864,1.1836145729535312,3.4,0.0,0.0,0.0,1.0,false,lidar
50.900000000000006,odom,-2.8953512602193276,1.1863071561327871,3.4,0.0,0.0,0.0,1.0,false,lidar
51.0,odom,-2.8940802428171524,1.1890197526364048,3.4,0.0,0.0,0.0,1.0,false,lidar
51.1,odom,-2.89213870809403,1.1919146790673236,3.4,0.0,0.0,0.0,1.0,false,lidar
51.2,odom,-2.889603555894103,1.1949486974278407,3.4,0.0,0.0,0.0,1.0,false,lidar
51.300000000000004,odom,-2.8866132817299484,1.1980238574840674,3.4,0.0,0.0,0.0,1.0,false,lidar
51.400000000000006,odom,-2.8831733937333306,1.201195786848858,3.4,0.0,0.0,0.0,1.0,false,lidar
51.5,odom,-2.8792918379907775,1.2044914014338217,3.4,0.0,0.0,0.0,1.0,false,lidar
51.6,odom,-2.8751406175553034,1.2077925723163123,3.4,0.0,0.0,0.0,1.0,false,lidar
51.7,odom,-2.870675693888141,1.2111642523671935,3.4,0.0,0.0,0.0,1.0,false,lidar
51.800000000000004,odom,-2.865956639161411,1.214580887999481,3.4,0.0,0.0,0.0,1.0,false,lidar
51.900000000000006,odom,-2.8610159448204193,1.2180362311745527,3.4,0.0,0.0,0.0,1.0,false,lidar
52.0,odom,-2.855967618847861,1.2214660456058022,3.4,0.0,0.0,0.0,1.0,false,lidar
52.1,odom,-2.8506072778326197,1.2250221829974628,3.4,0.0,0.0,0.0,1.0,false,lidar
52.2,odom,-2.845037453427212,1.228643055467459,3.4,0.0,0.0,0.0,1.0,false,lidar
52.300000000000004,odom,-2.839523275286652,1.2321654296791034,3.4,0.0,0.0,0.0,1.0,false,lidar
52.400000000000006,odom,-2.8339006402491616,1.2357046602038835,3.4,0.0,0.0,0.0,1.0,false,lidar
52.5,odom,-2.828151624465832,1.239278256746784,3.4,0.0,0.0,0.0,1.0,false,lidar
52.6,odom,-2.822386269638923,1.2428232375206025,3.4,0.0,0.0,0.0,1.0,false,lidar
52.6,odom,-2.8165513756635177,1.2463776904514443,3.4,0.0,0.0,0.0,1.0,false,lidar
52.800000000000004,odom,-2.810555590690354,1.250001048230863,3.4,0.0,0.0,0.0,1.0,false,lidar
52.900000000000006,odom,-2.8046085792203646,1.253569736415176,3.4,0.0,0.0,0.0,1.0,false,lidar
53.0,odom,-2.798583339300758,1.2571636084448714,3.4,0.0,0.0,0.0,1.0,false,lidar
53.1,odom,-2.792485630153932,1.2607816653076926,3.4,0.0,0.0,0.0,1.0,false,lidar
53.2,odom,-2.786424576425665,1.2643614648678967,3.4,0.0,0.0,0.0,1.0,false,lidar
53.300000000000004,odom,-2.780162521750342,1.2680454345796588,3.4,0.0,0.0,0.0,1.0,false,lidar
53.400000000000006,odom,-2.7740510188921634,1.2716281849534183,3.4,0.0,0.0,0.0,1.0,false,lidar
53.5,odom,-2.767885931150986,1.2752314300806582,3.4,0.0,0.0,0.0,1.0,false,lidar
53.6,odom,-2.761670132224425,1.2788547178080265,3.4,0.0,0.0,0.0,1.0,false,lidar
53.7,odom,-2.755406171248969,1.2824976420414647,3.4,0.0,0.0,0.0,1.0,false,lidar
53.800000000000004,odom,-2.749131654637753,1.2861393078699255,3.4,0.0,0.0,0.0,1.0,false,lidar
53.900000000000006,odom,-2.7428135457783744,1.2897997831404968,3.4,0.0,0.0,0.0,1.0,false,lidar
54.0,odom,-2.7365953293641434,1.2933967483171545,3.4,0.0,0.0,0.0,1.0,false,lidar
54.1,odom,-2.7302669778339768,1.2970524812795974,3.4,0.0,0.0,0.0,1.0,false,lidar
54.2,odom,-2.724112992178439,1.3006031994734797,3.4,0.0,0.0,0.0,1.0,false,lidar
54.300000000000004,odom,-2.717745720687596,1.3042732017278416,3.4,0.0,0.0,0.0,1.0,false,lidar
54.400000000000006,odom,-2.7114131662645655,1.3079198383275086,3.4,0.0,0.0,0.0,1.0,false,lidar
54.5,odom,-2.705258707248433,1.3114610373575724,3.4,0.0,0.0,0.0,1.0,false,lidar
54.6,odom,-2.698894127188619,1.3151205985407195,3.4,0.0,0.0,0.0,1.0,false,lidar
54.7,odom,-2.692673479650396,1.3186951670718494,3.4,0.0,0.0,0.0,1.0,false,lidar
54.800000000000004,odom,-2.686385694392497,1.322306366873925,3.4,0.0,0.0,0.0,1.0,false,lidar
54.900000000000006,odom,-2.68013721791728,1.3258932793566647,3.4,0.0,0.0,0.0,1.0,false,lidar
55.0,odom,-2.6738933959777986,1.3294760240047412,3.4,0.0,0.0,0.0,1.0,false,lidar
55.1,odom,-2.6676900550467217,1.3330342335037964,3.4,0.0,0.0,0.0,1.0,false,lidar
