time_sec,lidar_count,gt_x,gt_y,gt_z,nearest_dist_m,associated,detector_mode,gt_used_for_decision
12.3,1,-0.7355863103673566,0.2992328088778596,3.4,0.5879865092127302,true,lidar,false
12.4,1,-0.7427058989423947,0.30212902167754974,3.4,0.5845819630088601,true,lidar,false
12.5,1,-0.7498562132161585,0.30503773353684027,3.4,0.5871018291590888,true,lidar,false
12.600000000000001,1,-0.7572832979535018,0.3080590342277408,3.4,0.5946461344170071,true,lidar,false
12.600000000000001,1,-0.7572832979535018,0.3080590342277408,3.4,0.5946461344170071,true,lidar,false
12.700000000000001,1,-0.7644975019734264,0.31099373611421627,3.4,0.5939095955665262,true,lidar,false
12.8,1,-0.7716611802050553,0.31390788436430406,3.4,0.5901859564013215,true,lidar,false
12.9,1,-0.7788557945263013,0.31683461725995077,3.4,0.5822727958480773,true,lidar,false
13.0,1,-0.7859593126837497,0.31972429269464964,3.4,0.5785506321214003,true,lidar,false
13.200000000000001,1,-0.8004221494928165,0.3256077019176397,3.4,0.5656021912900124,true,lidar,false
13.200000000000001,1,-0.8004221494928165,0.3256077019176397,3.4,0.5656021912900124,true,lidar,false
13.4,1,-0.814644376007923,0.33139323208402294,3.4,0.5579900660757006,true,lidar,false
13.4,1,-0.814644376007923,0.33139323208402294,3.4,0.5579900660757006,true,lidar,false
13.600000000000001,1,-0.8290716655711788,0.3372621808663231,3.4,0.5424814970693524,true,lidar,false
13.700000000000001,1,-0.8290716655711788,0.3372621808663231,3.4,0.5424814970693524,true,lidar,false
13.8,1,-0.8433812610819588,0.3430832523004254,3.4,0.5355606200341295,true,lidar,false
13.8,1,-0.8433812610819588,0.3430832523004254,3.4,0.5355606200341295,true,lidar,false
14.0,1,-0.8505215062415733,0.3459878680947591,3.4,0.5322053019412527,true,lidar,false
14.3,1,-0.8786645547857141,0.3574363185995548,3.4,0.5252208324954203,true,lidar,false
14.3,1,-0.8786645547857141,0.3574363185995548,3.4,0.5252208324954203,true,lidar,false
14.4,1,-0.8786645547857141,0.3574363185995548,3.4,0.5252208324954203,true,lidar,false
14.600000000000001,1,-0.8999916986878878,0.36611209340020673,3.4,0.5090628625765669,true,lidar,false
14.600000000000001,1,-0.8999916986878878,0.36611209340020673,3.4,0.5090628625765669,true,lidar,false
14.8,1,-0.9069758338153361,0.368953204419149,3.4,0.5064803436672388,true,lidar,false
14.9,1,-0.9208757684501893,0.3746076278707343,3.4,0.4933680544855219,true,lidar,false
15.000000000000002,1,-0.9279494551764413,0.377485168029364,3.4,0.491128902657118,true,lidar,false
15.100000000000001,1,-0.934935008536695,0.38032685597827615,3.4,0.4870460345079679,true,lidar,false
15.200000000000001,1,-0.9419111575960826,0.3831647183049257,3.4,0.47597030406464913,true,lidar,false
15.200000000000001,1,-0.9419111575960826,0.3831647183049257,3.4,0.47597030406464913,true,lidar,false
15.4,1,-0.9558750736099589,0.38884516905947625,3.4,0.4725725698273807,true,lidar,false
15.4,1,-0.9558750736099589,0.38884516905947625,3.4,0.4725725698273807,true,lidar,false
15.500000000000002,1,-0.962783907460443,0.39165564789794144,3.4,0.47077087158791664,true,lidar,false
15.600000000000001,1,-0.962783907460443,0.39165564789794144,3.4,0.47077087158791664,true,lidar,false
15.700000000000001,1,-0.9768102248639253,0.3973614832237253,3.4,0.47375424061325716,true,lidar,false
15.8,1,-0.9836918105016484,0.400160877626376,3.4,0.476590266933755,true,lidar,false
15.8,1,-0.9836918105016484,0.400160877626376,3.4,0.476590266933755,true,lidar,false
16.0,1,-0.9973869442486183,0.40573198910752467,3.4,0.47598160237917536,true,lidar,false
16.0,1,-0.9973869442486183,0.40573198910752467,3.4,0.47598160237917536,true,lidar,false
16.1,1,-1.0043176751806775,0.40855137556856563,3.4,0.43901954989374287,true,lidar,false
16.2,1,-1.0043176751806775,0.40855137556856563,3.4,0.43901954989374287,true,lidar,false
16.400000000000002,1,-1.018034796616005,0.41413143153067394,3.4,0.4418711465852236,true,lidar,false
16.5,1,-1.0317926119786693,0.41972804157761084,3.4,0.4187992273421304,true,lidar,false
16.6,1,-1.0386383525734795,0.4225128543972093,3.4,0.4232200693043931,true,lidar,false
16.7,1,-1.0455524188182879,0.42532546174734914,3.4,0.506804956904908,true,lidar,false
16.8,1,-1.0524964207795413,0.4281502467962764,3.4,0.5120368608035357,true,lidar,false
16.8,1,-1.0524964207795413,0.4281502467962764,3.4,0.547109616763588,true,lidar,false
17.0,1,-1.0661263206796083,0.4336948214768276,3.4,0.5653723128198983,true,lidar,false
17.0,1,-1.0661263206796083,0.4336948214768276,3.4,0.5653723128198983,true,lidar,false
17.200000000000003,1,-1.0730425659704501,0.4365083152519264,3.4,0.5715467085745786,true,lidar,false
17.3,1,-1.0865014810857687,0.44198333418260133,3.4,0.5723341024336568,true,lidar,false
17.400000000000002,1,-1.0932356038325424,0.44472274142338936,3.4,0.5514258657752117,true,lidar,false
17.400000000000002,1,-1.0932356038325424,0.44472274142338936,3.4,0.5514258657752117,true,lidar,false
17.6,1,-1.1069067629170457,0.4502841001325062,3.4,0.5443659755324772,true,lidar,false
17.6,1,-1.1069067629170457,0.4502841001325062,3.4,0.5443659755324772,true,lidar,false
17.700000000000003,1,-1.1136524739990916,0.4530282214497647,3.4,0.5328202190317001,true,lidar,false
17.8,1,-1.1136524739990916,0.4530282214497647,3.4,0.5328202190317001,true,lidar,false
17.900000000000002,1,-1.1272312331713121,0.45855199233961064,3.4,0.521929070730889,true,lidar,false
18.0,1,-1.133949946203901,0.4612851309862257,3.4,0.5118506093793912,true,lidar,false
18.0,1,-1.133949946203901,0.4612851309862257,3.4,0.5118506093793912,true,lidar,false
18.1,1,-1.140697430764786,0.4640299737457464,3.4,0.49460596053208894,true,lidar,false
18.200000000000003,1,-1.140697430764786,0.4640299737457464,3.4,0.49460596053208894,true,lidar,false
18.3,1,-1.1541270124439176,0.46949305998220864,3.4,0.49321740849758905,true,lidar,false
18.400000000000002,1,-1.1608092430140002,0.4722113577466885,3.4,0.5000176596533595,true,lidar,false
18.6,1,-1.1675579476115303,0.4749566968109763,3.4,0.5068971683510393,true,lidar,false
18.8,1,-1.1808773807177426,0.4803749751623491,3.4,0.5205072014088973,true,lidar,false
18.900000000000002,1,-1.1941973713595218,0.48579348031638553,3.4,0.5050559727810778,true,lidar,false
19.0,1,-1.201013245491697,0.4885661436093045,3.4,0.4941662824192407,true,lidar,false
19.0,1,-1.201013245491697,0.4885661436093045,3.4,0.4941662824192407,true,lidar,false
19.200000000000003,1,-1.2141681197618845,0.4939174802544051,3.4,0.49252241028488597,true,lidar,false
19.200000000000003,1,-1.2141681197618845,0.4939174802544051,3.4,0.49252241028488597,true,lidar,false
19.400000000000002,1,-1.220769226434072,0.496602777225515,3.4,0.49954884057213916,true,lidar,false
19.6,1,-1.2407800181209212,0.5047430665701333,3.4,0.5064001784367639,true,lidar,false
19.6,1,-1.2407800181209212,0.5047430665701333,3.4,0.5064001784367639,true,lidar,false
19.8,1,-1.2536794892886,0.509990506518564,3.4,0.5088335678522643,true,lidar,false
19.8,1,-1.2536794892886,0.509990506518564,3.4,0.5088335678522643,true,lidar,false
20.0,1,-1.2668757633559145,0.5153586843927693,3.4,0.5229683738762556,true,lidar,false
20.200000000000003,1,-1.2797768681317014,0.5206067888847589,3.4,0.5309822585853721,true,lidar,false
20.200000000000003,1,-1.2797768681317014,0.5206067888847589,3.4,0.5309822585853721,true,lidar,false
20.400000000000002,1,-1.2862872860396046,0.523255194122989,3.4,0.5379688061344159,true,lidar,false
20.5,1,-1.2992820113879964,0.5285413829927276,3.4,0.5481544497594636,true,lidar,false
20.6,1,-1.3058395504702078,0.5312089568875168,3.4,0.5525386289248221,true,lidar,false
20.6,1,-1.3058395504702078,0.5312089568875168,3.4,0.5525386289248221,true,lidar,false
20.8,1,-1.3188557765623692,0.5365038921516024,3.4,0.5610569500846324,true,lidar,false
20.8,1,-1.3188557765623692,0.5365038921516024,3.4,0.5610569500846324,true,lidar,false
21.0,1,-1.3316541412188616,0.5417102024801376,3.4,0.5747737296752865,true,lidar,false
21.1,1,-1.3382037368024913,0.5443745449996813,3.4,0.5790248074852367,true,lidar,false
21.1,1,-1.3382037368024913,0.5443745449996813,3.4,0.5790248074852367,true,lidar,false
21.400000000000002,1,-1.351205005221733,0.549663395557702,3.4,0.5929293078192392,true,lidar,false
21.6,1,-1.3639535141033396,0.5548494248079427,3.4,0.6065693635713625,true,lidar,false
21.700000000000003,1,-1.376630247923838,0.560006256324579,3.4,0.6087204686749835,true,lidar,false
21.8,1,-1.383081421090429,0.5626305611002262,3.4,0.5391612194406035,true,lidar,false
21.8,1,-1.383081421090429,0.5626305611002262,3.4,0.5391612194406035,true,lidar,false
21.8,1,-1.3895243510123363,0.5652515125654288,3.4,0.5470448316912977,true,lidar,false
22.0,1,-1.3895243510123363,0.5652515125654288,3.4,0.5470448316912977,true,lidar,false
22.200000000000003,1,-1.4023488805237143,0.5704684666252562,3.4,0.5606077179912107,true,lidar,false
22.400000000000002,1,-1.421396476141337,0.5782169326566275,3.4,0.584738129081451,true,lidar,false
22.400000000000002,1,-1.421396476141337,0.5782169326566275,3.4,0.584738129081451,true,lidar,false
22.5,1,-1.427751659022444,0.5808021890672466,3.4,0.6015128848565185,true,lidar,false
22.6,1,-1.4340624925830006,0.5833694043974732,3.4,0.6080210734030933,true,lidar,false
22.700000000000003,1,-1.440364568547978,0.5859330571819105,3.4,0.638054710895446,true,lidar,false
22.8,1,-1.440364568547978,0.5859330571819105,3.4,0.638054710895446,true,lidar,false
23.0,1,-1.459254392745526,0.5936173425936615,3.4,0.6756133461376679,true,lidar,false
23.0,1,-1.459254392745526,0.5936173425936615,3.4,0.6756133461376679,true,lidar,false
23.1,1,-1.4655219285344936,0.5961669446083316,3.4,0.6920826960112055,true,lidar,false
23.200000000000003,1,-1.4655219285344936,0.5961669446083316,3.4,0.6920826960112055,true,lidar,false
23.3,1,-1.4779249777109762,0.6012124425892269,3.4,0.7234050593489765,true,lidar,false
23.400000000000002,1,-1.484130454807381,0.603736799440105,3.4,0.7355520645177994,true,lidar,false
23.400000000000002,1,-1.484130454807381,0.603736799440105,3.4,0.7355520645177994,true,lidar,false
23.6,1,-1.4903979578328452,0.6062863881267442,3.4,0.7410103243286084,true,lidar,false
23.8,1,-1.509186613898108,0.6139295188514624,3.4,0.7574995354968294,true,lidar,false
24.0,1,-1.5216118553873526,0.6189840445534848,3.4,0.7685038646423473,true,lidar,false
24.200000000000003,1,-1.5339682302829436,0.6240105556718096,3.4,0.7795220614173874,true,lidar,false
24.700000000000003,1,-1.5646080910351594,0.6364746968164847,3.4,5.6045501521049,false,lidar,false
24.8,1,-1.570868990361419,0.6390215991515242,3.4,5.611166170696556,false,lidar,false
25.0,1,-1.5831253828684702,0.644007437937404,3.4,5.624173898425229,false,lidar,false
25.0,1,-1.5831253828684702,0.644007437937404,3.4,5.624173898425229,false,lidar,false
25.1,1,-1.5890850073945681,0.6464317832000449,3.4,5.631736624091875,false,lidar,false
25.200000000000003,1,-1.5952081639811622,0.6489226524818459,3.4,5.638207364686028,false,lidar,false
25.3,1,-1.6013232563930402,0.6514102412979519,3.4,0.5297393001600633,true,lidar,false
25.400000000000002,1,-1.6073958058324034,0.6538805238469623,3.4,0.5272231631978609,true,lidar,false
25.5,1,-1.6135288276423767,0.6563754062519755,3.4,0.5223024522723795,true,lidar,false
25.6,1,-1.6135288276423767,0.6563754062519755,3.4,0.5223024522723795,true,lidar,false
25.8,1,-1.631741619901735,0.6637842784787612,3.4,0.5269454083509707,true,lidar,false
25.8,1,-1.631741619901735,0.6637842784787612,3.4,0.5269454083509707,true,lidar,false
25.900000000000002,1,-1.6377049752175488,0.6662101414078787,3.4,0.5422461154894032,true,lidar,false
26.0,1,-1.643659585240618,0.6686324467959255,3.4,0.5403803275409441,true,lidar,false
26.1,1,-1.6497419894658454,0.6711067382222231,3.4,0.5589307514929173,true,lidar,false
26.200000000000003,1,-1.655748428598763,0.6735501274312942,3.4,0.5571775275473604,true,lidar,false
26.200000000000003,1,-1.655748428598763,0.6735501274312942,3.4,0.5736160831684394,true,lidar,false
26.400000000000002,1,-1.6677025354987995,0.6784129979536436,3.4,5.711953465239945,false,lidar,false
26.400000000000002,1,-1.6677025354987995,0.6784129979536436,3.4,5.711953465239945,false,lidar,false
26.6,1,-1.6795886244134135,0.6832481991018444,3.4,5.724546267330821,false,lidar,false
26.700000000000003,1,-1.6855533232142925,0.6856746085539261,3.4,5.73225008969562,false,lidar,false
26.8,1,-1.6855533232142925,0.6856746085539261,3.4,5.73225008969562,false,lidar,false
27.0,1,-1.7033628815260369,0.6929194472402708,3.4,5.752063384928961,false,lidar,false
27.0,1,-1.7033628815260369,0.6929194472402708,3.4,5.752063384928961,false,lidar,false
27.200000000000003,1,-1.7151176513969904,0.6977012284624368,3.4,5.764522287091333,false,lidar,false
27.3,1,-1.7210331063680437,0.7001076057723912,3.4,5.7724797791704745,false,lidar,false
27.400000000000002,1,-1.7269070447434476,0.7024970943401877,3.4,0.553995602010159,true,lidar,false
27.400000000000002,1,-1.7269070447434476,0.7024970943401877,3.4,0.553995602010159,true,lidar,false
27.6,1,-1.7386640468158072,0.7072797836106502,3.4,0.5195465571485205,true,lidar,false
27.6,1,-1.7386640468158072,0.7072797836106502,3.4,0.5195465571485205,true,lidar,false
27.6,1,-1.7444803084831408,0.7096458095838868,3.4,0.5041326611233938,true,lidar,false
27.8,1,-1.7504548487170635,0.7120762224813993,3.4,0.5021637940597388,true,lidar,false
27.900000000000002,1,-1.7563554877618517,0.7144765727471135,3.4,0.5093303289767929,true,lidar,false
28.0,1,-1.7621818222686672,0.716846696300751,3.4,0.5080006471604913,true,lidar,false
28.1,1,-1.7679667414975122,0.7191999723277527,3.4,0.5185301770473565,true,lidar,false
28.200000000000003,1,-1.7738758578434377,0.7216037711169055,3.4,0.5315128539900306,true,lidar,false
28.200000000000003,1,-1.7738758578434377,0.7216037711169055,3.4,0.5315128539900306,true,lidar,false
28.400000000000002,1,-1.7798105017952643,0.7240179544076606,3.4,0.53059958119486,true,lidar,false
28.5,1,-1.7914581606398738,0.7287561634033904,3.4,0.5495091490840905,true,lidar,false
28.6,1,-1.7971711279520637,0.7310801697528265,3.4,0.5487487959514912,true,lidar,false
28.6,1,-1.7971711279520637,0.7310801697528265,3.4,0.5781186646351034,true,lidar,false
28.8,1,-1.8089011591128017,0.7358518873921878,3.4,0.574895473682936,true,lidar,false
29.000000000000004,1,-1.8204039252039004,0.7405311547450483,3.4,0.5719894139210198,true,lidar,false
29.200000000000003,1,-1.826142651357152,0.7428656396613879,3.4,0.5706350993852345,true,lidar,false
29.400000000000002,1,-1.8433103836591322,0.7498493867572503,3.4,0.2738290666992908,true,lidar,false
29.400000000000002,1,-1.8433103836591322,0.7498493867572503,3.4,0.2738290666992908,true,lidar,false
29.6,1,-1.854747914216967,0.7545021166234906,3.4,0.2617369313972685,true,lidar,false
29.6,1,-1.854747914216967,0.7545021166234906,3.4,0.2617369313972685,true,lidar,false
29.8,1,-1.8604709869046863,0.7568302337888383,3.4,0.26752653819170114,true,lidar,false
30.000000000000004,1,-1.8769086891397428,0.7635170083276783,3.4,0.38530309828579656,true,lidar,false
30.000000000000004,1,-1.8769086891397428,0.7635170083276783,3.4,0.38530309828579656,true,lidar,false
30.200000000000003,1,-1.888276783728143,0.7681414919910238,3.4,0.39678884119170743,true,lidar,false
30.3,1,-1.8939826313892159,0.7704626021022161,3.4,0.49604358482172367,true,lidar,false
30.400000000000002,1,-1.8996170282291596,0.7727546463789914,3.4,0.5703058315503889,true,lidar,false
30.400000000000002,1,-1.8996170282291596,0.7727546463789914,3.4,0.5703058315503889,true,lidar,false
30.6,1,-1.9109917106740797,0.7773818099492138,3.4,0.6420645066255719,true,lidar,false
30.6,1,-1.9109917106740797,0.7773818099492138,3.4,0.6420645066255719,true,lidar,false
30.8,1,-1.9166360616759304,0.7796779035289483,3.4,0.6470089140220567,true,lidar,false
31.000000000000004,1,-1.9334918533548429,0.7865347547493377,3.4,6.003664384541314,false,lidar,false
31.000000000000004,1,-1.9334918533548429,0.7865347547493377,3.4,6.003664384541314,false,lidar,false
31.200000000000003,1,-1.94480725169187,0.7911378018428455,3.4,6.016725071777897,false,lidar,false
31.200000000000003,1,-1.94480725169187,0.7911378018428455,3.4,6.016725071777897,false,lidar,false
31.400000000000002,1,-1.9503745591564547,0.793402554499371,3.4,6.022628496840318,false,lidar,false
31.500000000000004,1,-1.9614852630691322,0.7979223329312761,3.4,6.033014756320192,false,lidar,false
31.6,1,-1.9670606447050765,0.8001903701200793,3.4,6.038926168748556,false,lidar,false
31.700000000000003,1,-1.9725968169111563,0.8024424571101545,3.4,0.5143276703973808,true,lidar,false
31.8,1,-1.978125184469455,0.8046913692087885,3.4,0.5145061692397752,true,lidar,false
31.900000000000002,1,-1.983677267702606,0.8069499287246035,3.4,0.5064833491998799,true,lidar,false
32.0,1,-1.983677267702606,0.8069499287246035,3.4,0.5064833491998799,true,lidar,false
32.2,1,-2.0003526261326723,0.8137333806074751,3.4,0.5218896899092559,true,lidar,false
32.2,1,-2.0003526261326723,0.8137333806074751,3.4,0.5218896899092559,true,lidar,false
32.300000000000004,1,-2.0058432289133243,0.815966930184636,3.4,0.5308263285295138,true,lidar,false
32.4,1,-2.0058432289133243,0.815966930184636,3.4,0.5308263285295138,true,lidar,false
32.5,1,-2.0168320351036755,0.8204371212366052,3.4,0.5370312344944633,true,lidar,false
32.6,1,-2.022393141889143,0.8226993514880805,3.4,0.5397867009734775,true,lidar,false
32.6,1,-2.022393141889143,0.8226993514880805,3.4,0.5397867009734775,true,lidar,false
32.800000000000004,1,-2.033399769621749,0.8271767922537324,3.4,0.5364595284510618,true,lidar,false
32.800000000000004,1,-2.033399769621749,0.8271767922537324,3.4,0.5364595284510618,true,lidar,false
32.9,1,-2.038907355437509,0.8294172504441002,3.4,0.5227199937172966,true,lidar,false
33.0,1,-2.0443764351958618,0.8316420445641179,3.4,0.526453981679588,true,lidar,false
33.1,1,-2.0498068633834277,0.8338511154196723,3.4,0.4903118123280556,true,lidar,false
33.2,1,-2.0498068633834277,0.8338511154196723,3.4,0.4903118123280556,true,lidar,false
33.4,1,-2.066268944990461,0.8405478073643358,3.4,0.47835613514787073,true,lidar,false
33.4,1,-2.066268944990461,0.8405478073643358,3.4,0.47835613514787073,true,lidar,false
33.5,1,-2.0717312080903585,0.842769828501996,3.4,0.481951397838195,true,lidar,false
33.6,1,-2.0717312080903585,0.842769828501996,3.4,0.481951397838195,true,lidar,false
33.800000000000004,1,-2.088165055396695,0.8494550348752514,3.4,0.5020589484373223,true,lidar,false
33.800000000000004,1,-2.088165055396695,0.8494550348752514,3.4,0.5020589484373223,true,lidar,false
34.0,1,-2.098838243232894,0.853796833969244,3.4,0.5160460590607104,true,lidar,false
34.0,1,-2.098838243232894,0.853796833969244,3.4,0.5160460590607104,true,lidar,false
34.1,1,-2.104315643228291,0.8560250127198121,3.4,0.5247916424375613,true,lidar,false
34.2,1,-2.104315643228291,0.8560250127198121,3.4,0.5247916424375613,true,lidar,false
34.300000000000004,1,-2.115127162365701,0.8604230842909331,3.4,0.5436712044614936,true,lidar,false
34.400000000000006,1,-2.120612593139992,0.8626545299219499,3.4,0.5512889327705175,true,lidar,false
34.400000000000006,1,-2.120612593139992,0.8626545299219499,3.4,0.5512889327705175,true,lidar,false
34.6,1,-2.1312887312168085,0.8669975291589761,3.4,0.568402086219504,true,lidar,false
34.6,1,-2.1312887312168085,0.8669975291589761,3.4,0.568402086219504,true,lidar,false
34.800000000000004,1,-2.1366904231728108,0.8691949102601515,3.4,0.5742199993847227,true,lidar,false
34.900000000000006,1,-2.1473814038551096,0.8735439473943929,3.4,0.5869417250693272,true,lidar,false
35.0,1,-2.1473814038551096,0.8735439473943929,3.4,0.5869417250693272,true,lidar,false
35.2,1,-2.1633444605911967,0.8800376385331349,3.4,0.6003929215828129,true,lidar,false
35.2,1,-2.1633444605911967,0.8800376385331349,3.4,0.6003929215828129,true,lidar,false
35.400000000000006,1,-2.173929152494524,0.8843434379270285,3.4,0.6117875938786992,true,lidar,false
35.6,1,-2.184603697934476,0.8886857892874033,3.4,0.6232801932840805,true,lidar,false
35.800000000000004,1,-2.194949712700019,0.8928944960229046,3.4,0.634420170944357,true,lidar,false
35.900000000000006,1,-2.2002297123375323,0.8950423733014005,3.4,0.6254220442468977,true,lidar,false
36.0,1,-2.205472778732247,0.8971752263226045,3.4,0.6184253698350345,true,lidar,false
36.0,1,-2.205472778732247,0.8971752263226045,3.4,0.6184253698350345,true,lidar,false
36.2,1,-2.215966673843055,0.9014440900382968,3.4,0.61634162662092,true,lidar,false
36.2,1,-2.215966673843055,0.9014440900382968,3.4,0.61634162662092,true,lidar,false
36.300000000000004,1,-2.221247022362554,0.9035921092402132,3.4,0.6113467857605936,true,lidar,false
36.400000000000006,1,-2.221247022362554,0.9035921092402132,3.4,0.6113467857605936,true,lidar,false
36.6,1,-2.2371037754476295,0.910042556588772,3.4,0.628350023208296,true,lidar,false
36.800000000000004,1,-2.242238291129963,0.9121312517265202,3.4,0.6338571081789014,true,lidar,false
36.900000000000006,1,-2.252749928791275,0.9164073330224479,3.4,0.6175882764856315,true,lidar,false
37.0,1,-2.2578331969071135,0.9184751809080776,3.4,0.6015676549005663,true,lidar,false
37.0,1,-2.2578331969071135,0.9184751809080776,3.4,0.6015676549005663,true,lidar,false
37.2,1,-2.2681519461851747,0.9226727961805092,3.4,0.5930727052577217,true,lidar,false
37.2,1,-2.2681519461851747,0.9226727961805092,3.4,0.5930727052577217,true,lidar,false
37.300000000000004,1,-2.2733585903167883,0.9247908328083989,3.4,0.5787996985504901,true,lidar,false
37.400000000000006,1,-2.2785290019978386,0.9268941302577555,3.4,0.5843169881710477,true,lidar,false
37.5,1,-2.283692144400163,0.9289944706011057,3.4,0.5723707399280138,true,lidar,false
37.6,1,-2.283692144400163,0.9289944706011057,3.4,0.5723707399280138,true,lidar,false
37.800000000000004,1,-2.2990797041872635,0.9352540524774671,3.4,0.5681352538084409,true,lidar,false
37.800000000000004,1,-2.2990797041872635,0.9352540524774671,3.4,0.5681352538084409,true,lidar,false
37.900000000000006,1,-2.304155481476261,0.9373188531324161,3.4,0.5599637812005925,true,lidar,false
38.0,1,-2.3091659126288917,0.9393570713079787,3.4,0.5653255549103232,true,lidar,false
38.1,1,-2.3142551744442117,0.9414273574003872,3.4,0.5498183544441302,true,lidar,false
38.2,1,-2.3142551744442117,0.9414273574003872,3.4,0.5498183544441302,true,lidar,false
38.300000000000004,1,-2.3243259637965643,0.9455241038229955,3.4,0.5532852539264372,true,lidar,false
38.400000000000006,1,-2.3294504924103374,0.9476087362715019,3.4,0.5433499727790727,true,lidar,false
38.400000000000006,1,-2.3294504924103374,0.9476087362715019,3.4,0.5433499727790727,true,lidar,false
38.6,1,-2.339621109432504,0.9517460920877663,3.4,0.5501554513197247,true,lidar,false
38.6,1,-2.339621109432504,0.9517460920877663,3.4,0.5501554513197247,true,lidar,false
38.7,1,-2.3447248093617876,0.9538222515322515,3.4,0.5465100916107819,true,lidar,false
38.800000000000004,1,-2.3497644389468064,0.9558723474831681,3.4,0.5519199248503183,true,lidar,false
38.900000000000006,1,-2.354796810637279,0.9579194909591064,3.4,0.5489725162415627,true,lidar,false
39.0,1,-2.3598219436108208,0.9599636897614399,3.4,0.5543764449835031,true,lidar,false
39.2,1,-2.3698794490751816,0.9640550323652761,3.4,0.5602153058884596,true,lidar,false
39.2,1,-2.3698794490751816,0.9640550323652761,3.4,0.5602153058884596,true,lidar,false
39.300000000000004,1,-2.3748831014340275,0.9660904929616436,3.4,0.5490139585174368,true,lidar,false
39.400000000000006,1,-2.3748831014340275,0.9660904929616436,3.4,0.5490139585174368,true,lidar,false
39.5,1,-2.3848690604809892,0.970152730842975,3.4,0.5583136098281002,true,lidar,false
39.6,1,-2.3899076542185997,0.9722024054163716,3.4,0.5533868775920261,true,lidar,false
39.6,1,-2.3899076542185997,0.9722024054163716,3.4,0.5533868775920261,true,lidar,false
39.800000000000004,1,-2.3999079011120763,0.9762704555217564,3.4,0.5633905613276143,true,lidar,false
39.800000000000004,1,-2.3999079011120763,0.9762704555217564,3.4,0.5633905613276143,true,lidar,false
39.900000000000006,1,-2.404812881949457,0.9782657770398148,3.4,0.5626883422819628,true,lidar,false
40.0,1,-2.404812881949457,0.9782657770398148,3.4,0.5626883422819628,true,lidar,false
40.1,1,-2.4147135501853105,0.9822933190484429,3.4,0.5732733790567512,true,lidar,false
40.2,1,-2.4197649814653026,0.9843482158694762,3.4,0.5744770292069291,true,lidar,false
40.2,1,-2.4197649814653026,0.9843482158694762,3.4,0.5744770292069291,true,lidar,false
40.400000000000006,1,-2.4296515416941618,0.9883700188118724,3.4,0.5840822588113904,true,lidar,false
40.400000000000006,1,-2.4296515416941618,0.9883700188118724,3.4,0.5840822588113904,true,lidar,false
40.6,1,-2.4345704063375693,0.99037098819234,3.4,0.5893693134448764,true,lidar,false
40.900000000000006,1,-2.449367366784021,0.99639031722937,3.4,0.6052763172547593,true,lidar,false
41.0,1,-2.4591692535627283,1.0003776754384017,3.4,0.608588178041013,true,lidar,false
41.0,1,-2.4591692535627283,1.0003776754384017,3.4,0.608588178041013,true,lidar,false
41.2,1,-2.4640735824263866,1.00237273173684,3.4,0.6138606758175887,true,lidar,false
41.300000000000004,1,-2.473723042602937,1.0062980835712694,3.4,0.6150379263586037,true,lidar,false
41.400000000000006,1,-2.473723042602937,1.0062980835712694,3.4,0.6150379263586037,true,lidar,false
41.5,1,-2.48345445589501,1.0102567735206327,3.4,0.6215500173894923,true,lidar,false
41.6,1,-2.48345445589501,1.0102567735206327,3.4,0.6215500173894923,true,lidar,false
41.800000000000004,1,-2.4980949304262485,1.0162124448749623,3.4,0.6314073577142205,true,lidar,false
41.800000000000004,1,-2.4980949304262485,1.0162124448749623,3.4,0.6314073577142205,true,lidar,false
41.900000000000006,1,-2.502970003022145,1.018195599870905,3.4,0.6263426663461497,true,lidar,false
42.0,1,-2.502970003022145,1.018195599870905,3.4,0.6263426663461497,true,lidar,false
42.1,1,-2.5125622644392567,1.0220976835378657,3.4,0.6316344644203973,true,lidar,false
42.2,1,-2.5125622644392567,1.0220976835378657,3.4,0.6316344644203973,true,lidar,false
42.300000000000004,1,-2.522235877875509,1.0260328607967815,3.4,0.6318395534994131,true,lidar,false
42.400000000000006,1,-2.526967325177123,1.0279575897458717,3.4,0.6339670825700339,true,lidar,false
42.400000000000006,1,-2.526967325177123,1.0279575897458717,3.4,0.6339670825700339,true,lidar,false
42.6,1,-2.536598934080402,1.031875679772184,3.4,0.6323736647704812,true,lidar,false
42.6,1,-2.536598934080402,1.031875679772184,3.4,0.6323736647704812,true,lidar,false
42.800000000000004,1,-2.5460675288014265,1.035727456449601,3.4,0.6423601669272809,true,lidar,false
42.800000000000004,1,-2.5460675288014265,1.035727456449601,3.4,0.6275874858472753,true,lidar,false
43.0,1,-2.5508446992204687,1.0376707853327385,3.4,0.632661422631279,true,lidar,false
43.1,1,-2.5602709162683284,1.0415053229859992,3.4,0.6361255201761471,true,lidar,false
43.2,1,-2.5602709162683284,1.0415053229859992,3.4,0.6361255201761471,true,lidar,false
43.400000000000006,1,-2.574598708315589,1.0473337966795793,3.4,0.6449484928877889,true,lidar,false
43.400000000000006,1,-2.574598708315589,1.0473337966795793,3.4,0.6449484928877889,true,lidar,false
43.6,1,-2.579281551068778,1.0492387535429861,3.4,0.6498304713691179,true,lidar,false
43.7,1,-2.588679700038743,1.0530618732434065,3.4,0.6505673093175159,true,lidar,false
43.800000000000004,1,-2.5933414646883994,1.0549582556404,3.4,0.6553739990441584,true,lidar,false
43.900000000000006,1,-2.598049259103493,1.0568733627142914,3.4,0.6314350694338582,true,lidar,false
44.0,1,-2.602750299118521,1.0587857221322243,3.4,0.631236839322093,true,lidar,false
44.0,1,-2.602750299118521,1.0587857221322243,3.4,0.631236839322093,true,lidar,false
44.2,1,-2.6121322628165955,1.0626022577455052,3.4,0.6210857880733917,true,lidar,false
44.2,1,-2.6121322628165955,1.0626022577455052,3.4,0.6210857880733917,true,lidar,false
44.300000000000004,1,-2.616812916254532,1.0645063240065067,3.4,0.6190169979199502,true,lidar,false
44.400000000000006,1,-2.616812916254532,1.0645063240065067,3.4,0.6190169979199502,true,lidar,false
44.5,1,-2.6261542192774368,1.068306319061754,3.4,0.6149567521426307,true,lidar,false
44.6,1,-2.6308143713065206,1.07020204545281,3.4,0.6033968365670729,true,lidar,false
44.6,1,-2.6308143713065206,1.07020204545281,3.4,0.6033968365670729,true,lidar,false
44.800000000000004,1,-2.64006113952178,1.0739635842241293,3.4,0.609254623369728,true,lidar,false
44.800000000000004,1,-2.64006113952178,1.0739635842241293,3.4,0.609254623369728,true,lidar,false
45.0,1,-2.6446743669677515,1.0758402219309515,3.4,0.6140970359186486,true,lidar,false
45.1,1,-2.6537754927993134,1.0795425141135842,3.4,0.6149790797088044,true,lidar,false
45.2,1,-2.6584194056892976,1.0814316345045878,3.4,0.6038710822858714,true,lidar,false
45.2,1,-2.6584194056892976,1.0814316345045878,3.4,0.6038710822858714,true,lidar,false
45.400000000000006,1,-2.663056817724433,1.0833181103805563,3.4,0.6087544632969623,true,lidar,false
45.5,1,-2.672207987444734,1.087040760165268,3.4,0.610017365341881,true,lidar,false
45.6,1,-2.676747253244365,1.0888873106466066,3.4,0.6147969370800668,true,lidar,false
45.6,1,-2.676747253244365,1.0888873106466066,3.4,0.5911358502637261,true,lidar,false
45.800000000000004,1,-2.6859346015732544,1.092624677707217,3.4,0.5859421707171316,true,lidar,false
45.800000000000004,1,-2.6859346015732544,1.092624677707217,3.4,0.5859421707171316,true,lidar,false
46.0,1,-2.690479603707729,1.0944735617006771,3.4,0.5907079929066816,true,lidar,false
46.1,1,-2.6996006398801775,1.0981839533097935,3.4,0.5566961336068403,true,lidar,false
46.2,1,-2.6996006398801775,1.0981839533097935,3.4,0.5566961336068403,true,lidar,false
46.400000000000006,1,-2.7086432959405786,1.1018624602838045,3.4,0.5662392466938062,true,lidar,false
46.6,1,-2.7176331809750542,1.1055195002700517,3.4,0.575733951253705,true,lidar,false
46.7,1,-2.7266207314147186,1.109175590554889,3.4,0.5821529994936029,true,lidar,false
46.800000000000004,1,-2.731206052569306,1.1110408761228208,3.4,0.5795965052841084,true,lidar,false
46.800000000000004,1,-2.731206052569306,1.1110408761228208,3.4,0.5795965052841084,true,lidar,false
47.0,1,-2.74015418141308,1.1146809299008578,3.4,0.5870794521622981,true,lidar,false
47.0,1,-2.74015418141308,1.1146809299008578,3.4,0.5870794521622981,true,lidar,false
47.1,1,-2.7445420052813696,1.1164658745667086,3.4,0.5751065035718912,true,lidar,false
47.2,1,-2.7445420052813696,1.1164658745667086,3.4,0.5751065035718912,true,lidar,false
47.400000000000006,1,-2.753524263480787,1.1201198119948357,3.4,0.5845832441162542,true,lidar,false
47.6,1,-2.7668344307545154,1.125534321052197,3.4,0.598639123160386,true,lidar,false
47.800000000000004,1,-2.771282474924303,1.1273437630336145,3.4,0.6033396643437179,true,lidar,false
48.0,1,-2.784485786446548,1.1327148037090453,3.4,0.6005126248379448,true,lidar,false
48.0,1,-2.784485786446548,1.1327148037090453,3.4,0.6005126248379448,true,lidar,false
48.2,1,-2.788906611455692,1.1345131730729103,3.4,0.6051993571588359,true,lidar,false
48.300000000000004,1,-2.797628553095208,1.1380612150346272,3.4,0.6038811143795436,true,lidar,false
48.400000000000006,1,-2.8019792214262695,1.1398310450149376,3.4,0.592449818330359,true,lidar,false
48.400000000000006,1,-2.8019792214262695,1.1398310450149376,3.4,0.592449818330359,true,lidar,false
48.6,1,-2.8107347102790383,1.143392733814171,3.4,0.5972984947587853,true,lidar,false
48.6,1,-2.8107347102790383,1.143392733814171,3.4,0.5972984947587853,true,lidar,false
48.6,1,-2.8151147976384774,1.1451745313071657,3.4,0.5862338069375806,true,lidar,false
48.800000000000004,1,-2.8151147976384774,1.1451745313071657,3.4,0.5862338069375806,true,lidar,false
48.900000000000006,1,-2.823855186521099,1.1487300775145357,3.4,0.5931662128821774,true,lidar,false
49.0,1,-2.823855186521099,1.1487300775145357,3.4,0.5931662128821774,true,lidar,false
49.2,1,-2.8324460819749198,1.152224810547502,3.4,0.6022574128111396,true,lidar,false
49.400000000000006,1,-2.8411073449600845,1.1557481687380249,3.4,0.6114286524291577,true,lidar,false
49.400000000000006,1,-2.8455867881691805,1.1575703836906066,3.4,0.600578581939284,true,lidar,false
49.6,1,-2.854160315881459,1.16105805161369,3.4,0.6048079313549893,true,lidar,false
49.6,1,-2.854160315881459,1.16105805161369,3.4,0.6048079313549893,true,lidar,false
49.7,1,-2.858449289177994,1.1628027843644633,3.4,0.5974305525872,true,lidar,false
49.800000000000004,1,-2.862779998003065,1.164564494918207,3.4,0.6019868022830897,true,lidar,false
50.0,1,-2.871324585104726,1.168040389946566,3.4,0.6004037985254388,true,lidar,false
50.0,1,-2.871324585104726,1.168040389946566,3.4,0.6004037985254388,true,lidar,false
50.2,1,-2.879914346382652,1.1715346616024518,3.4,0.5910705549939609,true,lidar,false
50.2,1,-2.879914346382652,1.1715346616024518,3.4,0.5910705549939609,true,lidar,false
50.300000000000004,1,-2.8841630225863866,1.1732630016986847,3.4,0.5934017559989145,true,lidar,false
50.400000000000006,1,-2.8884048276623293,1.174988546654725,3.4,0.5978703051430673,true,lidar,false
50.5,1,-2.8920378566761116,1.176828272631938,3.4,0.5845363655775416,true,lidar,false
50.6,1,-2.894375071836611,1.1788867370228164,3.4,0.5810420514132478,true,lidar,false
50.6,1,-2.894375071836611,1.1788867370228164,3.4,0.5810420514132478,true,lidar,false
50.800000000000004,1,-2.89590709757864,1.1836145729535312,3.4,0.5533054152431782,true,lidar,false
50.800000000000004,1,-2.89590709757864,1.1836145729535312,3.4,0.5533054152431782,true,lidar,false
51.0,1,-2.8940802428171524,1.1890197526364048,3.4,0.5528778959123303,true,lidar,false
51.1,1,-2.89213870809403,1.1919146790673236,3.4,0.5268184768435629,true,lidar,false
51.2,1,-2.89213870809403,1.1919146790673236,3.4,0.5268184768435629,true,lidar,false
51.400000000000006,1,-2.8831733937333306,1.201195786848858,3.4,0.5206063628888548,true,lidar,false
51.5,1,-2.8792918379907775,1.2044914014338217,3.4,0.5239716989011094,true,lidar,false
51.6,1,-2.8751406175553034,1.2077925723163123,3.4,0.5209019635955885,true,lidar,false
51.7,1,-2.870675693888141,1.2111642523671935,3.4,0.5367253692159846,true,lidar,false
51.800000000000004,1,-2.865956639161411,1.214580887999481,3.4,0.5399517421193881,true,lidar,false
51.800000000000004,1,-2.865956639161411,1.214580887999481,3.4,0.5399517421193881,true,lidar,false
52.0,1,-2.855967618847861,1.2214660456058022,3.4,0.5463509189017299,true,lidar,false
52.0,1,-2.855967618847861,1.2214660456058022,3.4,0.5463509189017299,true,lidar,false
52.1,1,-2.8506072778326197,1.2250221829974628,3.4,0.5760434968996514,true,lidar,false
52.2,1,-2.845037453427212,1.228643055467459,3.4,0.5712444682495297,true,lidar,false
52.400000000000006,1,-2.839523275286652,1.2321654296791034,3.4,0.5665179849060743,true,lidar,false
52.6,1,-2.828151624465832,1.239278256746784,3.4,0.5568550649841669,true,lidar,false
52.6,1,-2.8165513756635177,1.2463776904514443,3.4,0.5654165480527091,true,lidar,false
52.800000000000004,1,-2.810555590690354,1.250001048230863,3.4,0.5297853033701089,true,lidar,false
52.800000000000004,1,-2.810555590690354,1.250001048230863,3.4,0.5297853033701089,true,lidar,false
53.0,1,-2.798583339300758,1.2571636084448714,3.4,0.5421661813472433,true,lidar,false
53.0,1,-2.798583339300758,1.2571636084448714,3.4,0.5421661813472433,true,lidar,false
53.2,1,-2.786424576425665,1.2643614648678967,3.4,0.5176604684580428,true,lidar,false
53.2,1,-2.786424576425665,1.2643614648678967,3.4,0.5176604684580428,true,lidar,false
53.300000000000004,1,-2.780162521750342,1.2680454345796588,3.4,0.5263800957174004,true,lidar,false
53.400000000000006,1,-2.7740510188921634,1.2716281849534183,3.4,0.5217887611137197,true,lidar,false
53.400000000000006,1,-2.7740510188921634,1.2716281849534183,3.4,0.5123875296849286,true,lidar,false
53.6,1,-2.761670132224425,1.2788547178080265,3.4,0.511126821827259,true,lidar,false
53.6,1,-2.761670132224425,1.2788547178080265,3.4,0.511126821827259,true,lidar,false
53.7,1,-2.755406171248969,1.2824976420414647,3.4,0.5072126825292655,true,lidar,false
53.800000000000004,1,-2.755406171248969,1.2824976420414647,3.4,0.5072126825292655,true,lidar,false
53.900000000000006,1,-2.7428135457783744,1.2897997831404968,3.4,0.4991782118813667,true,lidar,false
54.0,1,-2.7365953293641434,1.2933967483171545,3.4,0.49477229750225116,true,lidar,false
54.2,1,-2.724112992178439,1.3006031994734797,3.4,0.4921316932571552,true,lidar,false
54.2,1,-2.724112992178439,1.3006031994734797,3.4,0.4921316932571552,true,lidar,false
54.400000000000006,1,-2.717745720687596,1.3042732017278416,3.4,0.48763792808535034,true,lidar,false
54.6,1,-2.705258707248433,1.3114610373575724,3.4,0.4790263208737709,true,lidar,false
54.800000000000004,1,-2.686385694392497,1.322306366873925,3.4,0.47251375300176574,true,lidar,false
54.800000000000004,1,-2.686385694392497,1.322306366873925,3.4,0.47251375300176574,true,lidar,false
54.900000000000006,1,-2.68013721791728,1.3258932793566647,3.4,0.48214602494001163,true,lidar,false
55.0,1,-2.6738933959777986,1.3294760240047412,3.4,0.4778522232884912,true,lidar,false
