time_sec,image_id,valid,reason,camera_frame,gt_frame,points_projected,bbox_x,bbox_y,bbox_w,bbox_h
1.9000000000000001,10,true,OK_ODOM_CAMERA_FALLBACK,pt_camera_link,odom,8,191.68609623865865,119.75580272091248,234.2217056495483,234.2217056495483
2.2,20,true,OK_ODOM_CAMERA_FALLBACK,pt_camera_link,odom,8,179.7591471598302,124.3694620309064,228.0601160456102,228.0601160456102
2.6,30,true,OK_ODOM_CAMERA_FALLBACK,pt_camera_link,odom,8,168.6023926975544,131.96516376442503,218.3076726714443,218.30767267144432
2.9000000000000004,40,true,OK_ODOM_CAMERA_FALLBACK,pt_camera_link,odom,8,157.59285081096328,137.5057786284637,212.03247276910798,212.03247276910798
3.3000000000000003,50,true,OK_ODOM_CAMERA_FALLBACK,pt_camera_link,odom,8,140.4575960327555,141.41134986848448,212.02712701220165,212.02712701220167
3.3000000000000003,60,true,OK_ODOM_CAMERA_FALLBACK,pt_camera_link,odom,8,138.01239589726598,141.4080166728083,212.03415138672497,212.034151386725
3.7,70,true,OK_ODOM_CAMERA_FALLBACK,pt_camera_link,odom,8,120.14215435618192,145.81428786772446,212.0342988398663,212.03429883986624
4.0,80,true,OK_ODOM_CAMERA_FALLBACK,pt_camera_link,odom,8,105.72038701414803,149.29576243872188,212.7782953124985,212.02813917571584
4.4,90,true,OK_ODOM_CAMERA_FALLBACK,pt_camera_link,odom,8,88.76832591358936,152.88731669145653,217.4070637995922,212.03761000228968
4.7,100,true,OK_ODOM_CAMERA_FALLBACK,pt_camera_link,odom,8,71.77273941313433,157.832614781345,222.0409168544723,212.03776724466172
5.1000000000000005,110,true,OK_ODOM_CAMERA_FALLBACK,pt_camera_link,odom,8,52.746653633097026,162.7824215484559,227.22521105722876,212.0338111044507
5.5,120,true,OK_ODOM_CAMERA_FALLBACK,pt_camera_link,odom,8,34.135526148751524,167.7142201049309,232.29883628322568,212.0331618815372
5.6000000000000005,130,true,OK_ODOM_CAMERA_FALLBACK,pt_camera_link,odom,8,28.047498496251535,168.96191753153735,233.96061229629618,212.03544033273218
5.9,140,true,OK_ODOM_CAMERA_FALLBACK,pt_camera_link,odom,8,14.280272155201374,172.6794889752245,237.71368934498622,212.0349869843157
6.2,150,true,OK_ODOM_CAMERA_FALLBACK,pt_camera_link,odom,8,6.165585065375183,176.47408152916853,239.90821914250606,212.01077798704
6.5,160,true,OK_ODOM_CAMERA_FALLBACK,pt_camera_link,odom,8,3.766574704116522,180.21010507508134,240.56224062935019,212.01072510600017
6.7,170,true,OK_ODOM_CAMERA_FALLBACK,pt_camera_link,odom,8,2.1735430647372596,182.69099168317467,240.99653887526665,212.0106949733953
7.0,180,true,OK_ODOM_CAMERA_FALLBACK,pt_camera_link,odom,8,0.0,186.39051343678113,238.38330504902456,212.00945850216078
7.300000000000001,190,true,OK_ODOM_CAMERA_FALLBACK,pt_camera_link,odom,8,0.0,190.06492198393573,226.91325483843457,212.02054330728294
7.7,200,true,OK_ODOM_CAMERA_FALLBACK,pt_camera_link,odom,8,0.0,194.94378092775065,213.99040649374194,212.0231587215199
8.0,210,true,OK_ODOM_CAMERA_FALLBACK,pt_camera_link,odom,8,0.0,198.65107851680725,203.08848346760382,212.02120765633268
8.3,220,true,OK_ODOM_CAMERA_FALLBACK,pt_camera_link,odom,8,0.0,202.30194690246145,194.28473178331728,212.02319667344813
8.5,230,true,OK_ODOM_CAMERA_FALLBACK,pt_camera_link,odom,8,0.0,204.7188391575695,186.35100809983078,212.02612884293188
9.0,240,true,OK_ODOM_CAMERA_FALLBACK,pt_camera_link,odom,8,0.0,210.76691364164537,169.32225190936748,212.01771948867304
9.200000000000001,250,true,OK_ODOM_CAMERA_FALLBACK,pt_camera_link,odom,8,0.0,214.36154260655533,157.280497183779,212.0118891458649
9.600000000000001,260,true,OK_ODOM_CAMERA_FALLBACK,pt_camera_link,odom,8,0.0,217.98402683093212,145.52814840282872,212.01354428141173
10.0,270,true,OK_ODOM_CAMERA_FALLBACK,pt_camera_link,odom,8,0.0,222.7166327578775,132.663301558687,212.01840520312328
10.3,280,true,OK_ODOM_CAMERA_FALLBACK,pt_camera_link,odom,8,0.0,226.2672136238251,120.94109990446009,212.02687730122955
10.700000000000001,290,true,OK_ODOM_CAMERA_FALLBACK,pt_camera_link,odom,8,0.0,230.94841484692213,108.69270533956725,212.03390731905026
10.9,300,true,OK_ODOM_CAMERA_FALLBACK,pt_camera_link,odom,8,0.0,233.2839661535335,101.6832194803963,212.03563631943248
11.100000000000001,310,true,OK_ODOM_CAMERA_FALLBACK,pt_camera_link,odom,8,0.0,235.60496189202948,93.20324905496449,212.0347175855541
11.5,320,true,OK_ODOM_CAMERA_FALLBACK,pt_camera_link,odom,8,0.0,240.25283963437948,81.26022105320257,212.04566815961755
11.8,330,true,OK_ODOM_CAMERA_FALLBACK,pt_camera_link,odom,8,0.0,242.83285474387924,69.57884910630062,212.9289461991982
12.200000000000001,340,true,OK_ODOM_CAMERA_FALLBACK,pt_camera_link,odom,8,0.0,245.3653352045231,61.879360230935674,213.87459527867492
12.5,350,true,OK_ODOM_CAMERA_FALLBACK,pt_camera_link,odom,8,0.0,248.6976725797481,59.744863713443635,215.12156365606916
12.8,360,true,OK_ODOM_CAMERA_FALLBACK,pt_camera_link,odom,8,0.0,253.82759785198797,59.767490125873735,219.07594909116332
13.100000000000001,370,true,OK_ODOM_CAMERA_FALLBACK,pt_camera_link,odom,8,0.0,273.27216272250786,70.51337384994588,205.72783727749214
13.4,380,true,OK_ODOM_CAMERA_FALLBACK,pt_camera_link,odom,8,0.0,304.4912103896998,92.63389803187016,174.5087896103002
13.8,390,true,OK_ODOM_CAMERA_FALLBACK,pt_camera_link,odom,8,0.0,340.2064831346241,121.95981613935334,138.79351686537592
14.100000000000001,400,true,OK_ODOM_CAMERA_FALLBACK,pt_camera_link,odom,8,0.0,370.714951011976,152.37732252190852,108.28504898802402
14.3,410,true,OK_ODOM_CAMERA_FALLBACK,pt_camera_link,odom,8,0.0,385.52348221686407,168.39874180164742,93.47651778313593
14.600000000000001,420,true,OK_ODOM_CAMERA_FALLBACK,pt_camera_link,odom,8,0.0,402.9127986402372,187.77277928357546,76.08720135976279
15.000000000000002,430,true,OK_ODOM_CAMERA_FALLBACK,pt_camera_link,odom,8,0.0,427.00401599348487,218.61133627321888,51.99598400651513
15.3,440,true,OK_ODOM_CAMERA_FALLBACK,pt_camera_link,odom,8,0.0,447.3910453652777,249.46396322378024,31.608954634722295
15.600000000000001,450,true,OK_ODOM_CAMERA_FALLBACK,pt_camera_link,odom,8,0.0,463.63765691186984,277.3636178080686,15.36234308813016
15.9,460,true,OK_ODOM_CAMERA_FALLBACK,pt_camera_link,odom,8,3.0491123115157848,477.2437219097044,302.4974540368011,1.7562780902956092
16.3,470,false,BBOX_TOO_SMALL,pt_camera_link,odom,8,57.98784102432131,489.6949103072949,290.7675585125401,0.0
16.7,480,false,BBOX_TOO_SMALL,pt_camera_link,odom,8,127.6173587645427,500.7235294190227,279.1151905693548,0.0
17.0,490,false,BBOX_TOO_SMALL,pt_camera_link,odom,8,179.1022458998548,507.9490686993802,268.5678705445016,0.0
17.3,500,false,BBOX_TOO_SMALL,pt_camera_link,odom,8,229.2174256338061,512.8726478158364,256.7660561914072,0.0
17.700000000000003,510,false,BBOX_TOO_SMALL,pt_camera_link,odom,8,277.8417169884078,516.4207075210135,244.2396813783488,0.0
18.0,520,false,BBOX_TOO_SMALL,pt_camera_link,odom,8,316.61168898773076,517.6111273073916,233.34059780303733,0.0
18.200000000000003,530,false,BBOX_TOO_SMALL,pt_camera_link,odom,8,346.16883938088415,517.0680553610457,230.83216129084633,0.0
18.5,540,false,BBOX_TOO_SMALL,pt_camera_link,odom,8,379.85687349014563,507.08352136986446,243.27631819171313,0.0
18.8,550,true,OK_ODOM_CAMERA_FALLBACK,pt_camera_link,odom,8,421.2915577506955,473.9457268876864,217.70844224930448,5.054273112313581
19.200000000000003,560,true,OK_ODOM_CAMERA_FALLBACK,pt_camera_link,odom,8,474.487780949818,419.9046701406638,164.512219050182,59.095329859336175
19.6,570,true,OK_ODOM_CAMERA_FALLBACK,pt_camera_link,odom,8,512.821071067643,359.52139228813604,126.17892893235705,119.47860771186396
19.900000000000002,580,true,OK_ODOM_CAMERA_FALLBACK,pt_camera_link,odom,8,527.4830809297672,322.9333948557227,111.5169190702328,156.06660514427728
20.3,590,true,OK_ODOM_CAMERA_FALLBACK,pt_camera_link,odom,8,540.1365782121461,281.3968832195421,98.8634217878539,197.60311678045792
20.6,600,true,OK_ODOM_CAMERA_FALLBACK,pt_camera_link,odom,8,543.9480735045192,260.25907717540764,95.05192649548076,218.74092282459236
20.900000000000002,610,true,OK_ODOM_CAMERA_FALLBACK,pt_camera_link,odom,8,550.7553413287245,246.69569505187195,88.24465867127549,232.30430494812805
21.3,620,true,OK_ODOM_CAMERA_FALLBACK,pt_camera_link,odom,8,560.0412264925749,225.50956703899533,78.95877350742512,253.49043296100467
21.6,630,true,OK_ODOM_CAMERA_FALLBACK,pt_camera_link,odom,8,567.2921920310155,200.9100888014961,71.70780796898453,278.0899111985039
21.900000000000002,640,true,OK_ODOM_CAMERA_FALLBACK,pt_camera_link,odom,8,579.2998271842648,154.26705792983995,59.700172815735186,285.0207858178988
22.3,650,true,OK_ODOM_CAMERA_FALLBACK,pt_camera_link,odom,8,588.6871486756854,105.07852357429167,50.31285132431458,274.01918079221355
22.700000000000003,660,true,OK_ODOM_CAMERA_FALLBACK,pt_camera_link,odom,8,594.9541180248052,53.8489102422316,44.04588197519479,259.437861073538
22.900000000000002,670,true,OK_ODOM_CAMERA_FALLBACK,pt_camera_link,odom,8,595.9040351945689,32.96010690871785,43.095964805431095,252.21939690323913
23.1,680,true,OK_ODOM_CAMERA_FALLBACK,pt_camera_link,odom,8,597.463139004371,7.475646001335122,41.53686099562901,243.17301815683055
23.400000000000002,690,true,OK_ODOM_CAMERA_FALLBACK,pt_camera_link,odom,8,596.6247741164093,0.0,42.3752258835907,206.25312413529542
23.8,700,true,OK_ODOM_CAMERA_FALLBACK,pt_camera_link,odom,8,587.265081634877,0.0,51.73491836512301,163.37530821989995
24.200000000000003,710,true,OK_ODOM_CAMERA_FALLBACK,pt_camera_link,odom,8,591.3693863874918,0.0,47.63061361250823,163.39123019338862
24.5,720,true,OK_ODOM_CAMERA_FALLBACK,pt_camera_link,odom,8,600.8496605451742,0.0,38.150339454825826,186.52599454536278
24.8,730,true,OK_ODOM_CAMERA_FALLBACK,pt_camera_link,odom,8,605.5993309962284,0.0,33.400669003771554,214.56634698191493
25.200000000000003,740,true,OK_ODOM_CAMERA_FALLBACK,pt_camera_link,odom,8,609.7348203146441,0.0,29.26517968535586,241.13959610238575
25.5,750,true,OK_ODOM_CAMERA_FALLBACK,pt_camera_link,odom,8,612.2369104034199,24.163415768638743,26.76308959658013,256.91116225098324
25.8,760,true,OK_ODOM_CAMERA_FALLBACK,pt_camera_link,odom,8,612.0219095394555,47.561352642177326,26.978090460544536,264.320729935154
26.0,770,true,OK_ODOM_CAMERA_FALLBACK,pt_camera_link,odom,8,611.1637359934706,67.66163672387188,27.836264006529404,270.0628135975277
26.200000000000003,780,true,OK_ODOM_CAMERA_FALLBACK,pt_camera_link,odom,8,609.6120546206565,89.68042722975036,29.387945379343478,275.7010758082304
26.6,790,true,OK_ODOM_CAMERA_FALLBACK,pt_camera_link,odom,8,604.858295463333,134.07076339700916,34.14170453666702,285.26781429593933
26.900000000000002,800,true,OK_ODOM_CAMERA_FALLBACK,pt_camera_link,odom,8,603.5381011399784,160.48914069777834,35.46189886002162,289.98775062898926
27.200000000000003,810,true,OK_ODOM_CAMERA_FALLBACK,pt_camera_link,odom,8,602.5530067075764,178.79978544958863,36.4469932924236,292.7161261555259
27.6,820,true,OK_ODOM_CAMERA_FALLBACK,pt_camera_link,odom,8,602.884241613883,192.04612727597444,36.11575838611702,286.9538727240256
28.0,830,true,OK_ODOM_CAMERA_FALLBACK,pt_camera_link,odom,8,602.696189644837,207.15706615216214,36.30381035516302,271.84293384783786
28.3,840,true,OK_ODOM_CAMERA_FALLBACK,pt_camera_link,odom,8,601.089882516055,224.6663930676315,37.91011748394499,254.3336069323685
28.700000000000003,850,true,OK_ODOM_CAMERA_FALLBACK,pt_camera_link,odom,8,599.5972812779662,242.5476253144532,39.402718722033796,236.4523746855468
28.900000000000002,860,true,OK_ODOM_CAMERA_FALLBACK,pt_camera_link,odom,8,598.7209677413118,249.48066065996525,40.279032258688176,229.51933934003475
29.3,870,true,OK_ODOM_CAMERA_FALLBACK,pt_camera_link,odom,8,597.5973830189939,261.0529455455276,41.40261698100608,217.94705445447238
29.6,880,true,OK_ODOM_CAMERA_FALLBACK,pt_camera_link,odom,8,596.5820991925402,269.9688420857635,42.41790080745977,209.03115791423647
30.000000000000004,890,true,OK_ODOM_CAMERA_FALLBACK,pt_camera_link,odom,8,585.4206313473568,305.5159247696976,53.57936865264321,173.48407523030238
30.200000000000003,900,true,OK_ODOM_CAMERA_FALLBACK,pt_camera_link,odom,8,575.5800956720427,330.360786768962,63.41990432795728,148.639213231038
30.400000000000002,910,true,OK_ODOM_CAMERA_FALLBACK,pt_camera_link,odom,8,565.9687405628617,352.5384242331833,73.03125943713826,126.46157576681668
30.6,920,true,OK_ODOM_CAMERA_FALLBACK,pt_camera_link,odom,8,557.0443540234874,371.7252820490733,81.95564597651264,107.27471795092669
30.900000000000002,930,true,OK_ODOM_CAMERA_FALLBACK,pt_camera_link,odom,8,546.5780501616296,393.7671082725741,92.42194983837044,85.23289172742591
31.200000000000003,940,true,OK_ODOM_CAMERA_FALLBACK,pt_camera_link,odom,8,526.2933576877455,425.54124999407304,112.70664231225453,53.45875000592696
31.500000000000004,950,true,OK_ODOM_CAMERA_FALLBACK,pt_camera_link,odom,8,500.86184544976084,450.19431751088655,138.13815455023916,28.80568248911345
31.900000000000002,960,true,OK_ODOM_CAMERA_FALLBACK,pt_camera_link,odom,8,471.2301813119532,477.5006595568749,167.76981868804683,1.4993404431251065
32.2,970,false,BBOX_TOO_SMALL,pt_camera_link,odom,8,439.41181853949695,502.94123565692405,199.58818146050305,0.0
32.5,980,false,BBOX_TOO_SMALL,pt_camera_link,odom,8,405.24063807840093,527.6801767140487,233.75936192159907,0.0
32.9,990,false,BBOX_TOO_SMALL,pt_camera_link,odom,8,358.82502769224544,545.0889322963089,236.42386464843497,0.0
33.2,1000,false,BBOX_TOO_SMALL,pt_camera_link,odom,8,311.3656112497267,549.2026581888476,236.90492765804947,0.0
33.6,1010,false,BBOX_TOO_SMALL,pt_camera_link,odom,8,262.7928662984281,551.5095384492633,246.96588175413996,0.0
33.9,1020,false,BBOX_TOO_SMALL,pt_camera_link,odom,8,217.15171041309713,552.0910849086229,255.82591678417333,0.0
34.300000000000004,1030,false,BBOX_TOO_SMALL,pt_camera_link,odom,8,186.70315082524024,553.0838500375476,260.53608350560245,0.0
34.6,1040,false,BBOX_TOO_SMALL,pt_camera_link,odom,8,161.88937322698538,553.6456634080735,263.40695324768456,0.0
34.900000000000006,1050,false,BBOX_TOO_SMALL,pt_camera_link,odom,8,142.41583138770739,554.4851595087671,265.0857832395321,0.0
35.300000000000004,1060,false,BBOX_TOO_SMALL,pt_camera_link,odom,8,127.24752444636567,556.1004734937974,266.2022615425059,0.0
35.6,1070,false,BBOX_TOO_SMALL,pt_camera_link,odom,8,110.92282083327032,557.1040401448088,267.23205812318656,0.0
35.900000000000006,1080,false,BBOX_TOO_SMALL,pt_camera_link,odom,8,97.17039632256146,558.4312053504494,267.7059947346372,0.0
36.300000000000004,1090,false,BBOX_TOO_SMALL,pt_camera_link,odom,8,80.79025808882639,559.8177296805584,268.75945809288794,0.0
36.6,1100,false,BBOX_TOO_SMALL,pt_camera_link,odom,8,66.37094336193053,561.1413375621371,269.1846189174648,0.0
36.900000000000006,1110,false,BBOX_TOO_SMALL,pt_camera_link,odom,8,54.814114679529325,562.6699661663197,269.34619582261837,0.0
37.300000000000004,1120,false,BBOX_TOO_SMALL,pt_camera_link,odom,8,42.15186100224406,564.7281832016957,271.93278673420815,0.0
37.5,1130,false,BBOX_TOO_SMALL,pt_camera_link,odom,8,32.793018086648146,565.6498414999008,274.60231498109425,0.0
37.7,1140,false,BBOX_TOO_SMALL,pt_camera_link,odom,8,24.885739715862428,566.6296442994035,276.8448226856517,0.0
38.1,1150,false,BBOX_TOO_SMALL,pt_camera_link,odom,8,11.488251003642631,568.3626305474645,280.78284437932246,0.0
38.2,1160,false,BBOX_TOO_SMALL,pt_camera_link,odom,8,7.381302383968546,568.7303219753098,281.9744362231871,0.0
38.5,1170,false,BBOX_TOO_SMALL,pt_camera_link,odom,8,0.0,569.2605042888237,278.7713025208037,0.0
38.900000000000006,1180,false,BBOX_TOO_SMALL,pt_camera_link,odom,8,0.0,569.170942221084,264.3344966491726,0.0
39.300000000000004,1190,false,BBOX_TOO_SMALL,pt_camera_link,odom,8,0.0,568.4259672269488,249.1809852671381,0.0
39.6,1200,false,BBOX_TOO_SMALL,pt_camera_link,odom,8,0.0,567.6090337315162,236.51703842287105,0.0
40.0,1210,false,BBOX_TOO_SMALL,pt_camera_link,odom,8,0.0,563.1086123265953,221.54135915659657,0.0
40.2,1220,false,BBOX_TOO_SMALL,pt_camera_link,odom,8,0.0,562.0633375541718,218.33832747636382,0.0
40.6,1230,false,BBOX_TOO_SMALL,pt_camera_link,odom,8,0.0,560.8830865180983,214.92447067675198,0.0
41.0,1240,false,BBOX_TOO_SMALL,pt_camera_link,odom,8,0.0,566.4717495247532,221.46088978854215,0.0
41.400000000000006,1250,false,BBOX_TOO_SMALL,pt_camera_link,odom,8,0.0,581.323860968346,243.4835623254246,0.0
41.7,1260,false,BBOX_TOO_SMALL,pt_camera_link,odom,8,0.0,594.6216931412393,265.5096767471626,0.0
42.1,1270,false,BBOX_TOO_SMALL,pt_camera_link,odom,8,34.08598234864087,605.639095671367,250.52050080509673,0.0
42.400000000000006,1280,false,BBOX_TOO_SMALL,pt_camera_link,odom,8,90.07084892775461,619.3257612380856,223.40050398185,0.0
42.7,1290,false,BBOX_TOO_SMALL,pt_camera_link,odom,8,152.51124043390698,623.9701043642244,225.830997286484,0.0
43.1,1300,false,BBOX_TOO_SMALL,pt_camera_link,odom,8,196.58548404053528,619.5277841965972,243.0003276914931,0.0
43.400000000000006,1310,false,BBOX_TOO_SMALL,pt_camera_link,odom,8,225.85329387208645,615.5055312378797,253.33010095831838,0.0
43.5,1320,false,BBOX_TOO_SMALL,pt_camera_link,odom,8,233.6176433590437,614.239698876587,255.91157515691663,0.0
43.800000000000004,1330,false,BBOX_TOO_SMALL,pt_camera_link,odom,8,268.86378415190154,608.051386791755,266.2215424294151,0.0
44.2,1340,false,BBOX_TOO_SMALL,pt_camera_link,odom,8,309.1448549939547,599.556567966497,276.52517555785005,0.0
44.5,1350,false,BBOX_TOO_SMALL,pt_camera_link,odom,8,340.75413737740973,589.6759035778466,292.10817073612134,0.0
44.900000000000006,1360,false,BBOX_TOO_SMALL,pt_camera_link,odom,8,375.28274588646934,575.7198743111683,263.71725411353066,0.0
